competition,season,date,home_team,away_team,home_score,away_score,home_elo_before,away_elo_before,home_elo_after,away_elo_after
Champions League,2025/26,2025-07-08 15:00:00,Kuopion Palloseura,FC Milsami Orhei,1.0,0.0,1500,1500,1510.0,1490.0
Champions League,2025/26,2025-07-08 16:00:00,FC Noah,FK Budućnost Podgorica,1.0,0.0,1500,1500,1510.0,1490.0
Champions League,2025/26,2025-07-08 16:00:00,FC Iberia 1999,Malmö FF,1.0,3.0,1500,1500,1490.0,1510.0
Champions League,2025/26,2025-07-08 16:30:00,FCI Levadia Tallinn,RFS,0.0,1.0,1500,1500,1490.0,1510.0
Champions League,2025/26,2025-07-08 17:00:00,NK Olimpija Ljubljana,FC Kairat Almaty,1.0,1.0,1500,1500,1500.0,1500.0
Champions League,2025/26,2025-07-08 18:00:00,FC Drita,Differdange FC 03,1.0,0.0,1500,1500,1510.0,1490.0
Champions League,2025/26,2025-07-08 18:00:00,Víkingur Gøta,Lincoln Red Imps,2.0,3.0,1500,1500,1490.0,1510.0
Champions League,2025/26,2025-07-08 18:00:00,The New Saints,KF Shkëndija,0.0,0.0,1500,1500,1500.0,1500.0
Champions League,2025/26,2025-07-08 19:00:00,SS Virtus,HŠK Zrinjski Mostar,0.0,2.0,1500,1500,1490.0,1510.0
Champions League,2025/26,2025-07-08 19:00:00,KF Egnatia,Breidablik Kópavogur,1.0,0.0,1500,1500,1510.0,1490.0
Champions League,2025/26,2025-07-09 16:00:00,FK Žalgiris,Ħamrun Spartans FC,2.0,0.0,1500,1500,1510.0,1490.0
Champions League,2025/26,2025-07-09 17:30:00,Ludogorets,Dinamo Minsk,1.0,0.0,1500,1500,1510.0,1490.0
Champions League,2025/26,2025-07-09 17:30:00,FCSB,Inter Club d'Escaldes,3.0,1.0,1500,1500,1510.0,1490.0
Champions League,2025/26,2025-07-09 18:45:00,Shelbourne,Linfield,1.0,0.0,1500,1500,1510.0,1490.0
Europa League,2025/26,2025-07-10 16:00:00,Sabah FK,NK Celje,2.0,3.0,1500,1500,1490.0,1510.0
Europa League,2025/26,2025-07-10 16:30:00,AEK Larnaca,FK Partizan,1.0,0.0,1500,1500,1510.0,1490.0
Europa League,2025/26,2025-07-10 17:00:00,Sheriff Tiraspol,FC Prishtina,4.0,0.0,1500,1500,1510.0,1490.0
Europa League,2025/26,2025-07-10 17:00:00,Paksi FC,CFR 1907 Cluj,0.0,0.0,1500,1500,1500.0,1500.0
Europa League,2025/26,2025-07-10 17:30:00,Levski Sofia,Hapoel Be'er Sheva,0.0,0.0,1500,1500,1500.0,1500.0
Europa League,2025/26,2025-07-10 18:00:00,Shakhtar Donetsk,Ilves,6.0,0.0,1500,1500,1510.0,1490.0
Europa League,2025/26,2025-07-10 18:15:00,FC Spartak Trnava,BK Häcken,0.0,1.0,1500,1500,1490.0,1510.0
Europa League,2025/26,2025-07-10 19:00:00,Legia Warszawa,FK Aktobe,1.0,0.0,1500,1500,1510.0,1490.0
Champions League,2025/26,2025-07-15 15:00:00,FC Kairat Almaty,NK Olimpija Ljubljana,2.0,0.0,1500.0,1500.0,1510.0,1490.0
Champions League,2025/26,2025-07-15 15:30:00,Lincoln Red Imps,Víkingur Gøta,1.0,0.0,1510.0,1490.0,1519.4249887221547,1480.5750112778453
Champions League,2025/26,2025-07-15 17:00:00,Ħamrun Spartans FC,FK Žalgiris,13.0,10.0,1490.0,1510.0,1500.5750112778453,1499.4249887221547
Champions League,2025/26,2025-07-15 17:00:00,FC Milsami Orhei,Kuopion Palloseura,0.0,0.0,1490.0,1510.0,1490.5750112778453,1509.4249887221547
Champions League,2025/26,2025-07-15 17:00:00,RFS,FCI Levadia Tallinn,1.0,0.0,1510.0,1490.0,1519.4249887221547,1480.5750112778453
Champions League,2025/26,2025-07-15 17:00:00,Malmö FF,FC Iberia 1999,3.0,1.0,1510.0,1490.0,1519.4249887221547,1480.5750112778453
Champions League,2025/26,2025-07-15 18:00:00,KF Shkëndija,The New Saints,2.0,1.0,1500.0,1500.0,1510.0,1490.0
Champions League,2025/26,2025-07-15 18:00:00,Differdange FC 03,FC Drita,2.0,3.0,1490.0,1510.0,1480.5750112778453,1519.4249887221547
Champions League,2025/26,2025-07-15 18:30:00,Inter Club d'Escaldes,FCSB,2.0,1.0,1490.0,1510.0,1500.5750112778453,1499.4249887221547
Champions League,2025/26,2025-07-15 19:00:00,Breidablik Kópavogur,KF Egnatia,5.0,0.0,1490.0,1510.0,1500.5750112778453,1499.4249887221547
Champions League,2025/26,2025-07-15 19:00:00,HŠK Zrinjski Mostar,SS Virtus,2.0,1.0,1510.0,1490.0,1519.4249887221547,1480.5750112778453
Champions League,2025/26,2025-07-15 19:00:00,FK Budućnost Podgorica,FC Noah,2.0,2.0,1490.0,1510.0,1490.5750112778453,1509.4249887221547
Champions League,2025/26,2025-07-16 18:45:00,Linfield,Shelbourne,1.0,1.0,1490.0,1510.0,1490.5750112778453,1509.4249887221547
Champions League,2025/26,2025-07-16 18:45:00,Dinamo Minsk,Ludogorets,2.0,2.0,1490.0,1510.0,1490.5750112778453,1509.4249887221547
Europa League,2025/26,2025-07-17 16:00:00,Ilves,Shakhtar Donetsk,0.0,0.0,1490.0,1510.0,1490.5750112778453,1509.4249887221547
Europa League,2025/26,2025-07-17 16:00:00,FK Aktobe,Legia Warszawa,0.0,1.0,1490.0,1510.0,1480.5750112778453,1519.4249887221547
Europa League,2025/26,2025-07-17 17:00:00,BK Häcken,FC Spartak Trnava,2.0,2.0,1510.0,1490.0,1509.4249887221547,1490.5750112778453
Europa League,2025/26,2025-07-17 17:30:00,CFR 1907 Cluj,Paksi FC,3.0,0.0,1500.0,1500.0,1510.0,1490.0
Europa League,2025/26,2025-07-17 18:00:00,Hapoel Be'er Sheva,Levski Sofia,2.0,4.0,1500.0,1500.0,1490.0,1510.0
Europa League,2025/26,2025-07-17 18:00:00,FC Prishtina,Sheriff Tiraspol,2.0,1.0,1490.0,1510.0,1500.5750112778453,1499.4249887221547
Europa League,2025/26,2025-07-17 18:00:00,NK Celje,Sabah FK,3.0,3.0,1510.0,1490.0,1509.4249887221547,1490.5750112778453
Europa League,2025/26,2025-07-17 19:00:00,FK Partizan,AEK Larnaca,7.0,7.0,1490.0,1510.0,1490.5750112778453,1509.4249887221547
Champions League,2025/26,2025-07-22 15:00:00,Kuopion Palloseura,FC Kairat Almaty,2.0,0.0,1509.4249887221547,1510.0,1519.4415388620023,1499.9834498601524
Champions League,2025/26,2025-07-22 16:00:00,Lincoln Red Imps,FK Crvena Zvezda,0.0,1.0,1519.4249887221547,1500,1508.8664744330495,1510.5585142891052
Champions League,2025/26,2025-07-22 16:00:00,FC Noah,Ferencváros TC,1.0,2.0,1509.4249887221547,1500,1499.1537822632934,1510.2712064588613
Champions League,2025/26,2025-07-22 17:00:00,FC Viktoria Plzeň,Servette FC,0.0,1.0,1500,1500,1490.0,1510.0
Champions League,2025/26,2025-07-22 17:00:00,Ħamrun Spartans FC,Dynamo Kyiv,0.0,3.0,1500.5750112778453,1500,1490.5584611379977,1510.0165501398476
Champions League,2025/26,2025-07-22 17:00:00,RFS,Malmö FF,1.0,4.0,1519.4249887221547,1519.4249887221547,1509.4249887221547,1529.4249887221547
Champions League,2025/26,2025-07-22 17:00:00,FC København,FC Drita,2.0,0.0,1500,1519.4249887221547,1510.5585142891052,1508.8664744330495
Champions League,2025/26,2025-07-22 17:00:00,Pafos FC,Maccabi Tel Aviv,1.0,1.0,1500,1500,1500.0,1500.0
Champions League,2025/26,2025-07-22 18:00:00,KF Shkëndija,FCSB,1.0,0.0,1510.0,1499.4249887221547,1519.6957206672173,1489.7292680549374
Champions League,2025/26,2025-07-22 18:15:00,ŠK Slovan Bratislava,HŠK Zrinjski Mostar,4.0,0.0,1500,1519.4249887221547,1510.5585142891052,1508.8664744330495
Champions League,2025/26,2025-07-22 18:30:00,Lech Poznań,Breidablik Kópavogur,7.0,1.0,1500,1500.5750112778453,1510.0165501398476,1490.5584611379977
Champions League,2025/26,2025-07-22 18:45:00,HNK Rijeka,Ludogorets,0.0,0.0,1500,1509.4249887221547,1500.2712064588613,1509.1537822632934
Champions League,2025/26,2025-07-22 18:45:00,Rangers,Panathinaikos FC,2.0,0.0,1500,1500,1510.0,1490.0
Champions League,2025/26,2025-07-23 17:00:00,SK Brann,Red Bull Salzburg,1.0,4.0,1500,1500,1490.0,1510.0
Champions League,2025/26,2025-07-23 18:45:00,Shelbourne,Qarabağ FK,0.0,3.0,1509.4249887221547,1500,1499.1537822632934,1510.2712064588613
Europa League,2025/26,2025-07-24 17:00:00,Sheriff Tiraspol,FC Utrecht,1.0,3.0,1499.4249887221547,1500,1489.4415388620023,1509.9834498601524
Europa League,2025/26,2025-07-24 17:00:00,Baník Ostrava,Legia Warszawa,2.0,2.0,1500,1519.4249887221547,1500.5585142891052,1518.8664744330495
Europa League,2025/26,2025-07-24 17:30:00,FC Midtjylland,Hibernian,1.0,1.0,1500,1500,1500.0,1500.0
Europa League,2025/26,2025-07-24 17:30:00,Levski Sofia,Sporting Braga,0.0,0.0,1510.0,1500,1509.71225631668,1500.28774368332
Europa League,2025/26,2025-07-24 18:00:00,NK Celje,AEK Larnaca,1.0,1.0,1509.4249887221547,1509.4249887221547,1509.4249887221547,1509.4249887221547
Europa League,2025/26,2025-07-24 18:00:00,RSC Anderlecht,BK Häcken,1.0,0.0,1500,1509.4249887221547,1510.2712064588613,1499.1537822632934
Europa League,2025/26,2025-07-24 18:00:00,Beşiktaş JK,Shakhtar Donetsk,2.0,4.0,1500,1509.4249887221547,1490.2712064588613,1519.1537822632934
Europa League,2025/26,2025-07-24 18:30:00,FC Lugano,CFR 1907 Cluj,0.0,0.0,1500,1510.0,1500.28774368332,1509.71225631668
Champions League,2025/26,2025-07-29 15:00:00,FC Kairat Almaty,Kuopion Palloseura,3.0,0.0,1499.9834498601524,1519.4415388620023,1510.5429138749903,1508.8820748471644
Champions League,2025/26,2025-07-29 18:00:00,Dynamo Kyiv,Ħamrun Spartans FC,3.0,0.0,1510.0165501398476,1490.5584611379977,1519.4570861250097,1481.1179251528356
Champions League,2025/26,2025-07-29 18:00:00,FC Drita,FC København,0.0,1.0,1508.8664744330495,1510.5585142891052,1498.9151748698955,1520.5098138522592
Champions League,2025/26,2025-07-29 19:00:00,FK Crvena Zvezda,Lincoln Red Imps,5.0,1.0,1510.5585142891052,1508.8664744330495,1520.5098138522592,1498.9151748698955
Champions League,2025/26,2025-07-29 19:00:00,HŠK Zrinjski Mostar,ŠK Slovan Bratislava,2.0,2.0,1508.8664744330495,1510.5585142891052,1508.9151748698955,1510.5098138522592
Champions League,2025/26,2025-07-30 16:00:00,Qarabağ FK,Shelbourne,1.0,0.0,1510.2712064588613,1499.1537822632934,1519.9513304353381,1489.4736582868165
Champions League,2025/26,2025-07-30 17:00:00,Malmö FF,RFS,1.0,0.0,1529.4249887221547,1509.4249887221547,1538.8499774443094,1500.0
Champions League,2025/26,2025-07-30 17:30:00,Ludogorets,HNK Rijeka,3.0,1.0,1509.1537822632934,1500.2712064588613,1518.898176868035,1490.5268118541196
Champions League,2025/26,2025-07-30 17:30:00,FCSB,KF Shkëndija,1.0,2.0,1489.7292680549374,1519.6957206672173,1480.589639479447,1528.8353492427077
Champions League,2025/26,2025-07-30 18:00:00,Ferencváros TC,FC Noah,4.0,3.0,1510.2712064588613,1499.1537822632934,1519.9513304353381,1489.4736582868165
Champions League,2025/26,2025-07-30 18:00:00,Panathinaikos FC,Rangers,1.0,1.0,1490.0,1510.0,1490.5750112778453,1509.4249887221547
Champions League,2025/26,2025-07-30 18:00:00,Maccabi Tel Aviv,Pafos FC,0.0,1.0,1500.0,1500.0,1490.0,1510.0
Champions League,2025/26,2025-07-30 18:30:00,Breidablik Kópavogur,Lech Poznań,0.0,1.0,1490.5584611379977,1510.0165501398476,1481.1179251528356,1519.4570861250097
Champions League,2025/26,2025-07-30 18:45:00,Red Bull Salzburg,SK Brann,1.0,1.0,1510.0,1490.0,1509.4249887221547,1490.5750112778453
Champions League,2025/26,2025-07-30 19:00:00,Servette FC,FC Viktoria Plzeň,1.0,3.0,1510.0,1490.0,1499.4249887221547,1500.5750112778453
Europa League,2025/26,2025-07-31 16:30:00,AEK Larnaca,NK Celje,2.0,1.0,1509.4249887221547,1509.4249887221547,1519.4249887221547,1499.4249887221547
Europa League,2025/26,2025-07-31 17:00:00,BK Häcken,RSC Anderlecht,6.0,3.0,1499.1537822632934,1510.2712064588613,1509.4736582868165,1499.9513304353381
Europa League,2025/26,2025-07-31 17:30:00,CFR 1907 Cluj,FC Lugano,1.0,0.0,1509.71225631668,1500.28774368332,1519.4410635506772,1490.5589364493228
Europa League,2025/26,2025-07-31 18:00:00,FC Utrecht,Sheriff Tiraspol,4.0,1.0,1509.9834498601524,1489.4415388620023,1519.3928941078254,1480.0320946143293
Europa League,2025/26,2025-07-31 18:00:00,Shakhtar Donetsk,Beşiktaş JK,2.0,0.0,1519.1537822632934,1490.2712064588613,1528.3243846055661,1481.1006041165886
Europa League,2025/26,2025-07-31 19:00:00,Legia Warszawa,Baník Ostrava,2.0,1.0,1518.8664744330495,1500.5585142891052,1528.34001616636,1491.0849725557946
Europa League,2025/26,2025-07-31 19:00:00,Hibernian,FC Midtjylland,1.0,2.0,1500.0,1500.0,1490.0,1510.0
Europa League,2025/26,2025-07-31 19:00:00,Sporting Braga,Levski Sofia,1.0,0.0,1500.28774368332,1509.71225631668,1510.5589364493228,1499.4410635506772
Champions League,2025/26,2025-08-05 17:00:00,Malmö FF,FC København,0.0,0.0,1538.8499774443094,1520.5098138522592,1538.3225948613406,1521.037196435228
Europa League,2025/26,2025-08-05 17:00:00,Ħamrun Spartans FC,Maccabi Tel Aviv,1.0,2.0,1481.1179251528356,1490.0,1471.3735161388047,1499.744409014031
Champions League,2025/26,2025-08-05 18:00:00,Dynamo Kyiv,Pafos FC,0.0,1.0,1519.4570861250097,1510.0,1509.184956510457,1520.2721296145528
Champions League,2025/26,2025-08-05 18:00:00,KF Shkëndija,Qarabağ FK,0.0,1.0,1528.8353492427077,1519.9513304353381,1518.5797023416258,1530.20697733642
Champions League,2025/26,2025-08-05 18:45:00,Rangers,FC Viktoria Plzeň,3.0,0.0,1509.4249887221547,1500.5750112778453,1519.1703209723667,1490.8296790276333
Champions League,2025/26,2025-08-06 15:00:00,FC Kairat Almaty,ŠK Slovan Bratislava,1.0,0.0,1510.5429138749903,1510.5098138522592,1520.5419611797568,1500.5107665474927
Champions League,2025/26,2025-08-06 17:00:00,Red Bull Salzburg,Club Brugge KV,0.0,1.0,1509.4249887221547,1500,1499.1537822632934,1510.2712064588613
Europa League,2025/26,2025-08-06 17:00:00,RFS,Kuopion Palloseura,1.0,2.0,1500.0,1508.8820748471644,1490.255590985969,1518.6264838611953
Champions League,2025/26,2025-08-06 17:30:00,Ludogorets,Ferencváros TC,0.0,0.0,1518.898176868035,1519.9513304353381,1518.9284889715052,1519.921018331868
Champions League,2025/26,2025-08-06 18:30:00,Lech Poznań,FK Crvena Zvezda,1.0,3.0,1519.4570861250097,1520.5098138522592,1509.4873859719303,1530.4795140053386
Europa League,2025/26,2025-08-06 18:45:00,HNK Rijeka,Shelbourne,1.0,2.0,1490.5268118541196,1489.4736582868165,1480.4964997506495,1499.5039703902867
Champions League,2025/26,2025-08-06 19:00:00,Nice,Benfica,0.0,2.0,1500,1500,1490.0,1510.0
Champions League,2025/26,2025-08-06 19:00:00,Feyenoord,Fenerbahçe,2.0,1.0,1500,1500,1510.0,1490.0
Europa League,2025/26,2025-08-07 16:00:00,Lincoln Red Imps,FC Noah,1.0,1.0,1498.9151748698955,1489.4736582868165,1498.6434930514692,1489.7453401052428
Europa League,2025/26,2025-08-07 16:00:00,Fredrikstad FK,FC Midtjylland,1.0,3.0,1500,1510.0,1490.28774368332,1519.71225631668
Europa League,2025/26,2025-08-07 16:30:00,CFR 1907 Cluj,Sporting Braga,1.0,2.0,1519.4410635506772,1510.5589364493228,1509.1854710616942,1520.8145289383058
Europa League,2025/26,2025-08-07 16:30:00,AEK Larnaca,Legia Warszawa,4.0,1.0,1519.4249887221547,1528.34001616636,1529.6815275382144,1518.0834773503004
Europa League,2025/26,2025-08-07 17:00:00,BK Häcken,SK Brann,0.0,2.0,1509.4736582868165,1490.5750112778453,1498.9302473397952,1501.1184222248667
Europa League,2025/26,2025-08-07 17:30:00,PAOK,Wolfsberger AC,0.0,0.0,1500,1500,1500.0,1500.0
Europa League,2025/26,2025-08-07 18:00:00,HŠK Zrinjski Mostar,Breidablik Kópavogur,1.0,1.0,1508.9151748698955,1481.1179251528356,1508.1168084592573,1481.9162915634738
Europa League,2025/26,2025-08-07 18:00:00,Panathinaikos FC,Shakhtar Donetsk,0.0,0.0,1490.5750112778453,1528.3243846055661,1491.6572701924986,1527.2421256909129
Europa League,2025/26,2025-08-07 18:30:00,FCSB,FC Drita,3.0,2.0,1480.589639479447,1498.9151748698955,1491.1166021990273,1488.3882121503152
Europa League,2025/26,2025-08-07 18:30:00,Servette FC,FC Utrecht,1.0,3.0,1499.4249887221547,1519.3928941078254,1489.9990792921478,1528.8188035378323
Champions League,2025/26,2025-08-12 16:00:00,Qarabağ FK,KF Shkëndija,5.0,1.0,1530.20697733642,1518.5797023416258,1539.8724423411356,1508.9142373369102
Champions League,2025/26,2025-08-12 17:00:00,Fenerbahçe,Feyenoord,5.0,2.0,1490.0,1510.0,1500.5750112778453,1499.4249887221547
Champions League,2025/26,2025-08-12 17:00:00,FC Viktoria Plzeň,Rangers,2.0,1.0,1490.8296790276333,1519.1703209723667,1501.6435838827565,1508.3564161172435
Champions League,2025/26,2025-08-12 17:00:00,FC København,Malmö FF,5.0,0.0,1521.037196435228,1538.3225948613406,1531.5343001185909,1527.8254911779777
Champions League,2025/26,2025-08-12 17:00:00,Pafos FC,Dynamo Kyiv,2.0,0.0,1520.2721296145528,1509.184956510457,1529.953123398951,1499.5039627260587
Champions League,2025/26,2025-08-12 17:30:00,Club Brugge KV,Red Bull Salzburg,3.0,2.0,1510.2712064588613,1499.1537822632934,1519.9513304353381,1489.4736582868165
Champions League,2025/26,2025-08-12 18:15:00,ŠK Slovan Bratislava,FC Kairat Almaty,4.0,4.0,1500.5107665474927,1520.5419611797568,1501.0866727057607,1519.9660550214887
Champions League,2025/26,2025-08-12 18:15:00,Ferencváros TC,Ludogorets,3.0,0.0,1519.921018331868,1518.9284889715052,1529.8924511182104,1508.9570561851629
Europa League,2025/26,2025-08-12 18:45:00,Shelbourne,HNK Rijeka,1.0,3.0,1499.5039703902867,1480.4964997506495,1488.9574365498815,1491.0430335910546
Champions League,2025/26,2025-08-12 19:00:00,FK Crvena Zvezda,Lech Poznań,1.0,1.0,1530.4795140053386,1509.4873859719303,1529.8760461532434,1510.0908538240255
Champions League,2025/26,2025-08-12 19:00:00,Benfica,Nice,2.0,0.0,1510.0,1490.0,1519.4249887221547,1480.5750112778453
Europa League,2025/26,2025-08-14 15:00:00,Kuopion Palloseura,RFS,1.0,0.0,1518.6264838611953,1490.255590985969,1527.811714088254,1481.0703607589105
Europa League,2025/26,2025-08-14 16:00:00,FC Midtjylland,Fredrikstad FK,2.0,0.0,1519.71225631668,1490.28774368332,1528.8673697795948,1481.1326302204052
Europa League,2025/26,2025-08-14 17:00:00,FC Noah,Lincoln Red Imps,5.0,6.0,1489.7453401052428,1498.6434930514692,1480.0013935532454,1508.3874396034666
Europa League,2025/26,2025-08-14 17:00:00,Wolfsberger AC,PAOK,0.0,1.0,1500.0,1500.0,1490.0,1510.0
Europa League,2025/26,2025-08-14 17:00:00,SK Brann,BK Häcken,0.0,1.0,1501.1184222248667,1498.9302473397952,1491.0554423216888,1508.993227242973
Europa League,2025/26,2025-08-14 17:30:00,Breidablik Kópavogur,HŠK Zrinjski Mostar,1.0,2.0,1481.9162915634738,1508.1168084592573,1472.6689767989874,1517.3641232237437
Europa League,2025/26,2025-08-14 18:00:00,Shakhtar Donetsk,Panathinaikos FC,3.0,4.0,1527.2421256909129,1491.6572701924986,1516.2214776429294,1502.677918240482
Europa League,2025/26,2025-08-14 18:00:00,FC Drita,FCSB,1.0,3.0,1488.3882121503152,1491.1166021990273,1478.466739914264,1501.0380744350784
Europa League,2025/26,2025-08-14 18:00:00,FC Utrecht,Servette FC,2.0,1.0,1528.8188035378323,1489.9990792921478,1537.7061085310502,1481.11177429893
Europa League,2025/26,2025-08-14 18:00:00,Maccabi Tel Aviv,Ħamrun Spartans FC,3.0,1.0,1499.744409014031,1471.3735161388047,1508.9296392410895,1462.188285911746
Europa League,2025/26,2025-08-14 18:30:00,Sporting Braga,CFR 1907 Cluj,2.0,0.0,1520.8145289383058,1509.1854710616942,1530.4799426849954,1499.5200573150046
Europa League,2025/26,2025-08-14 19:00:00,Legia Warszawa,AEK Larnaca,2.0,1.0,1518.0834773503004,1529.6815275382144,1528.4171721270343,1519.3478327614805
La Liga,2025/26,2025-08-15 17:00:00,Girona FC,Rayo Vallecano,1.0,3.0,1500,1500,1490.0,1510.0
Ligue 1,2025/26,2025-08-15 18:45:00,Stade Rennais,Olympique de Marseille,1.0,0.0,1500,1500,1510.0,1490.0
Premier League,2025/26,2025-08-15 19:00:00,Liverpool FC,Bournemouth,4.0,2.0,1500,1500,1510.0,1490.0
La Liga,2025/26,2025-08-15 19:30:00,Villarreal,Real Oviedo,2.0,0.0,1500,1500,1510.0,1490.0
Premier League,2025/26,2025-08-16 11:30:00,Aston Villa,Newcastle United,0.0,0.0,1500,1500,1500.0,1500.0
Premier League,2025/26,2025-08-16 14:00:00,Tottenham Hotspur,Burnley,3.0,0.0,1500,1500,1510.0,1490.0
Premier League,2025/26,2025-08-16 14:00:00,Brighton & Hove Albion,Fulham,1.0,1.0,1500,1500,1500.0,1500.0
Premier League,2025/26,2025-08-16 14:00:00,Sunderland,West Ham United,3.0,0.0,1500,1500,1510.0,1490.0
Ligue 1,2025/26,2025-08-16 15:00:00,RC Lens,Olympique Lyonnais,0.0,1.0,1500,1500,1490.0,1510.0
Premier League,2025/26,2025-08-16 16:30:00,Wolverhampton,Manchester City,0.0,4.0,1500,1500,1490.0,1510.0
Ligue 1,2025/26,2025-08-16 17:00:00,AS Monaco,Le Havre,3.0,1.0,1500,1500,1510.0,1490.0
La Liga,2025/26,2025-08-16 17:30:00,Mallorca,FC Barcelona,0.0,3.0,1500,1500,1490.0,1510.0
Ligue 1,2025/26,2025-08-16 19:05:00,Nice,Toulouse,0.0,1.0,1480.5750112778453,1500,1471.1335255669505,1509.4414857108948
La Liga,2025/26,2025-08-16 19:30:00,Deportivo Alavés,Levante UD,2.0,1.0,1500,1500,1510.0,1490.0
La Liga,2025/26,2025-08-16 19:30:00,Valencia,Real Sociedad,1.0,1.0,1500,1500,1500.0,1500.0
Premier League,2025/26,2025-08-17 13:00:00,Nottingham Forest,Brentford,3.0,1.0,1500,1500,1510.0,1490.0
Premier League,2025/26,2025-08-17 13:00:00,Chelsea,Crystal Palace,0.0,0.0,1500,1500,1500.0,1500.0
Ligue 1,2025/26,2025-08-17 13:00:00,Stade Brestois,Lille,3.0,3.0,1500,1500,1500.0,1500.0
La Liga,2025/26,2025-08-17 15:00:00,Celta Vigo,Getafe,0.0,2.0,1500,1500,1490.0,1510.0
Ligue 1,2025/26,2025-08-17 15:15:00,Auxerre,Lorient,1.0,0.0,1500,1500,1510.0,1490.0
Ligue 1,2025/26,2025-08-17 15:15:00,Angers,Paris FC,1.0,0.0,1500,1500,1510.0,1490.0
Ligue 1,2025/26,2025-08-17 15:15:00,Metz,RC Strasbourg,0.0,1.0,1500,1500,1490.0,1510.0
Premier League,2025/26,2025-08-17 15:30:00,Manchester United,Arsenal,0.0,1.0,1500,1500,1490.0,1510.0
La Liga,2025/26,2025-08-17 17:30:00,Athletic Club,Sevilla,3.0,2.0,1500,1500,1510.0,1490.0
Ligue 1,2025/26,2025-08-17 18:45:00,Nantes,Paris Saint-Germain,0.0,1.0,1500,1500,1490.0,1510.0
La Liga,2025/26,2025-08-17 19:30:00,Espanyol,Atlético Madrid,2.0,1.0,1500,1500,1510.0,1490.0
Premier League,2025/26,2025-08-18 19:00:00,Leeds United,Everton,1.0,0.0,1500,1500,1510.0,1490.0
La Liga,2025/26,2025-08-18 19:00:00,Elche,Real Betis,1.0,1.0,1500,1500,1500.0,1500.0
Champions League,2025/26,2025-08-19 19:00:00,Rangers,Club Brugge KV,1.0,3.0,1508.3564161172435,1519.9513304353381,1498.6900207368653,1529.6177258157163
Champions League,2025/26,2025-08-19 19:00:00,Ferencváros TC,Qarabağ FK,1.0,3.0,1529.8924511182104,1539.8724423411356,1520.1796193785035,1549.5852740808427
Champions League,2025/26,2025-08-19 19:00:00,FK Crvena Zvezda,Pafos FC,1.0,2.0,1529.8760461532434,1529.953123398951,1519.8782646146692,1539.9509049375251
La Liga,2025/26,2025-08-19 19:00:00,Real Madrid,Osasuna,1.0,0.0,1500,1500,1510.0,1490.0
Champions League,2025/26,2025-08-20 19:00:00,Bodø/Glimt,SK Sturm Graz,5.0,0.0,1500,1500,1510.0,1490.0
Champions League,2025/26,2025-08-20 19:00:00,Basel,FC København,1.0,1.0,1500,1531.5343001185909,1500.9051459730958,1530.629154145495
Champions League,2025/26,2025-08-20 19:00:00,Celtic,FC Kairat Almaty,0.0,0.0,1500,1519.9660550214887,1500.5740374877416,1519.392017533747
Champions League,2025/26,2025-08-20 19:00:00,Fenerbahçe,Benfica,0.0,0.0,1500.5750112778453,1519.4249887221547,1501.1170255281338,1518.8829744718662
Europa League,2025/26,2025-08-21 16:30:00,FC Midtjylland,Kuopion Palloseura,4.0,0.0,1528.8673697795948,1527.811714088254,1538.8369856598692,1517.8420982079795
Europa League,2025/26,2025-08-21 17:00:00,SK Brann,AEK Larnaca,2.0,1.0,1491.0554423216888,1519.3478327614805,1501.8679675711924,1508.535307511977
Europa League,2025/26,2025-08-21 17:00:00,Malmö FF,SK Sigma Olomouc,3.0,0.0,1527.8254911779777,1500,1537.0263170990413,1490.7991740789364
Europa League,2025/26,2025-08-21 18:00:00,HŠK Zrinjski Mostar,FC Utrecht,0.0,2.0,1517.3641232237437,1537.7061085310502,1507.9489445264453,1547.1212872283486
Europa League,2025/26,2025-08-21 18:00:00,Panathinaikos FC,Samsunspor,2.0,1.0,1502.677918240482,1500,1512.6008430840136,1490.0770751564685
Europa League,2025/26,2025-08-21 18:00:00,KF Shkëndija,Ludogorets,2.0,1.0,1508.9142373369102,1508.9570561851629,1518.9154697624251,1498.955823759648
Europa League,2025/26,2025-08-21 18:15:00,Maccabi Tel Aviv,Dynamo Kyiv,3.0,1.0,1508.9296392410895,1499.5039627260587,1518.6584130005197,1489.7751889666285
Europa League,2025/26,2025-08-21 18:15:00,ŠK Slovan Bratislava,BSC Young Boys,0.0,1.0,1501.0866727057607,1500,1491.0553958530834,1510.0312768526774
Europa League,2025/26,2025-08-21 18:30:00,Lech Poznań,KRC Genk,1.0,5.0,1510.0908538240255,1500,1499.8004973422771,1510.2903564817484
Europa League,2025/26,2025-08-21 18:45:00,Aberdeen,FCSB,2.0,2.0,1500,1501.0380744350784,1500.0298780950875,1501.008196339991
Europa League,2025/26,2025-08-21 18:45:00,HNK Rijeka,PAOK,1.0,0.0,1491.0430335910546,1510.0,1501.5881181333243,1499.4549154577303
Europa League,2025/26,2025-08-21 19:00:00,Lincoln Red Imps,Sporting Braga,0.0,4.0,1508.3874396034666,1530.4799426849954,1499.0224573212329,1539.8449249672292
Bundesliga,2025/26,2025-08-22 18:30:00,FC Bayern München,RB Leipzig,6.0,0.0,1500,1500,1510.0,1490.0
Ligue 1,2025/26,2025-08-22 18:45:00,Paris Saint-Germain,Angers,1.0,0.0,1510.0,1510.0,1520.0,1500.0
Premier League,2025/26,2025-08-22 19:00:00,West Ham United,Chelsea,1.0,5.0,1490.0,1500.0,1480.28774368332,1509.71225631668
La Liga,2025/26,2025-08-22 19:30:00,Real Betis,Deportivo Alavés,1.0,0.0,1500.0,1510.0,1510.28774368332,1499.71225631668
Premier League,2025/26,2025-08-23 11:30:00,Manchester City,Tottenham Hotspur,0.0,2.0,1510.0,1510.0,1500.0,1520.0
Bundesliga,2025/26,2025-08-23 13:30:00,1. FC Heidenheim,VfL Wolfsburg,1.0,3.0,1500,1500,1490.0,1510.0
Bundesliga,2025/26,2025-08-23 13:30:00,SC Freiburg,FC Augsburg,1.0,3.0,1500,1500,1490.0,1510.0
Bundesliga,2025/26,2025-08-23 13:30:00,Eintracht Frankfurt,SV Werder Bremen,4.0,1.0,1500,1500,1510.0,1490.0
Bundesliga,2025/26,2025-08-23 13:30:00,1. FC Union Berlin,VfB Stuttgart,2.0,1.0,1500,1500,1510.0,1490.0
Bundesliga,2025/26,2025-08-23 13:30:00,Bayer 04 Leverkusen,TSG Hoffenheim,1.0,2.0,1500,1500,1490.0,1510.0
Premier League,2025/26,2025-08-23 14:00:00,Brentford,Aston Villa,1.0,0.0,1490.0,1500.0,1500.28774368332,1489.71225631668
Premier League,2025/26,2025-08-23 14:00:00,Bournemouth,Wolverhampton,1.0,0.0,1490.0,1490.0,1500.0,1480.0
Premier League,2025/26,2025-08-23 14:00:00,Burnley,Sunderland,2.0,0.0,1490.0,1510.0,1500.5750112778453,1499.4249887221547
La Liga,2025/26,2025-08-23 15:00:00,Mallorca,Celta Vigo,1.0,1.0,1490.0,1490.0,1490.0,1490.0
Ligue 1,2025/26,2025-08-23 15:00:00,Olympique de Marseille,Paris FC,5.0,2.0,1490.0,1490.0,1500.0,1480.0
Bundesliga,2025/26,2025-08-23 16:30:00,FC St. Pauli,Borussia Dortmund,3.0,3.0,1500,1500,1500.0,1500.0
Premier League,2025/26,2025-08-23 16:30:00,Arsenal,Leeds United,5.0,0.0,1510.0,1510.0,1520.0,1500.0
Serie A,2025/26,2025-08-23 16:30:00,Genoa,Lecce,0.0,0.0,1500,1500,1500.0,1500.0
Serie A,2025/26,2025-08-23 16:30:00,Sassuolo,SSC Napoli,0.0,2.0,1500,1500,1490.0,1510.0
Ligue 1,2025/26,2025-08-23 17:00:00,Nice,Auxerre,3.0,1.0,1471.1335255669505,1510.0,1482.2475494729088,1498.8859760940418
La Liga,2025/26,2025-08-23 17:30:00,Atlético Madrid,Elche,1.0,1.0,1490.0,1500.0,1490.28774368332,1499.71225631668
Serie A,2025/26,2025-08-23 18:45:00,AC Milan,Cremonese,1.0,2.0,1500,1500,1490.0,1510.0
Serie A,2025/26,2025-08-23 18:45:00,AS Roma,Bologna,1.0,0.0,1500,1500,1510.0,1490.0
Ligue 1,2025/26,2025-08-23 19:05:00,Olympique Lyonnais,Metz,3.0,0.0,1510.0,1490.0,1519.4249887221547,1480.5750112778453
La Liga,2025/26,2025-08-23 19:30:00,Levante UD,FC Barcelona,2.0,3.0,1490.0,1510.0,1480.5750112778453,1519.4249887221547
Ligue 1,2025/26,2025-08-24 13:00:00,Lorient,Stade Rennais,4.0,0.0,1490.0,1510.0,1500.5750112778453,1499.4249887221547
Premier League,2025/26,2025-08-24 13:00:00,Crystal Palace,Nottingham Forest,1.0,1.0,1500.0,1510.0,1500.28774368332,1509.71225631668
Premier League,2025/26,2025-08-24 13:00:00,Everton,Brighton & Hove Albion,2.0,0.0,1490.0,1500.0,1500.28774368332,1489.71225631668
Bundesliga,2025/26,2025-08-24 13:30:00,1. FSV Mainz 05,1. FC Köln,0.0,1.0,1500,1500,1490.0,1510.0
La Liga,2025/26,2025-08-24 15:00:00,Osasuna,Valencia,1.0,0.0,1490.0,1500.0,1500.28774368332,1489.71225631668
Ligue 1,2025/26,2025-08-24 15:15:00,Le Havre,RC Lens,1.0,2.0,1490.0,1490.0,1480.0,1500.0
Ligue 1,2025/26,2025-08-24 15:15:00,RC Strasbourg,Nantes,1.0,0.0,1510.0,1490.0,1519.4249887221547,1480.5750112778453
Ligue 1,2025/26,2025-08-24 15:15:00,Toulouse,Stade Brestois,2.0,0.0,1509.4414857108948,1500.0,1519.1698047803854,1490.2716809305093
Premier League,2025/26,2025-08-24 15:30:00,Fulham,Manchester United,1.0,1.0,1500.0,1490.0,1499.71225631668,1490.28774368332
Bundesliga,2025/26,2025-08-24 15:30:00,Borussia M'gladbach,Hamburger SV,0.0,0.0,1500,1500,1500.0,1500.0
Serie A,2025/26,2025-08-24 16:30:00,Cagliari,Fiorentina,1.0,1.0,1500,1500,1500.0,1500.0
Serie A,2025/26,2025-08-24 16:30:00,Como,Lazio,2.0,0.0,1500,1500,1510.0,1490.0
La Liga,2025/26,2025-08-24 17:30:00,Villarreal,Girona FC,5.0,0.0,1510.0,1490.0,1519.4249887221547,1480.5750112778453
La Liga,2025/26,2025-08-24 17:30:00,Real Sociedad,Espanyol,2.0,2.0,1500.0,1510.0,1500.28774368332,1509.71225631668
Ligue 1,2025/26,2025-08-24 18:45:00,Lille,AS Monaco,1.0,0.0,1500.0,1510.0,1510.28774368332,1499.71225631668
Serie A,2025/26,2025-08-24 18:45:00,Juventus,Parma,2.0,0.0,1500,1500,1510.0,1490.0
Serie A,2025/26,2025-08-24 18:45:00,Atalanta,Pisa,1.0,1.0,1500,1500,1500.0,1500.0
La Liga,2025/26,2025-08-24 19:30:00,Real Oviedo,Real Madrid,0.0,3.0,1490.0,1510.0,1480.5750112778453,1519.4249887221547
Serie A,2025/26,2025-08-25 16:30:00,Udinese,Hellas Verona,1.0,1.0,1500,1500,1500.0,1500.0
La Liga,2025/26,2025-08-25 17:30:00,Athletic Club,Rayo Vallecano,1.0,0.0,1510.0,1510.0,1520.0,1500.0
Serie A,2025/26,2025-08-25 18:45:00,Inter,Torino,5.0,0.0,1500,1500,1510.0,1490.0
Premier League,2025/26,2025-08-25 19:00:00,Newcastle United,Liverpool FC,2.0,3.0,1500.0,1510.0,1490.28774368332,1519.71225631668
La Liga,2025/26,2025-08-25 19:30:00,Sevilla,Getafe,1.0,2.0,1490.0,1510.0,1480.5750112778453,1519.4249887221547
Champions League,2025/26,2025-08-26 16:45:00,FC Kairat Almaty,Celtic,3.0,2.0,1519.392017533747,1500.5740374877416,1528.8509215416054,1491.1151334798833
Champions League,2025/26,2025-08-26 19:00:00,Pafos FC,FK Crvena Zvezda,1.0,1.0,1539.9509049375251,1519.8782646146692,1539.37380984104,1520.4553597111544
Champions League,2025/26,2025-08-26 19:00:00,SK Sturm Graz,Bodø/Glimt,2.0,1.0,1490.0,1510.0,1500.5750112778453,1499.4249887221547
Europa League,2025/26,2025-08-27 16:30:00,AEK Larnaca,SK Brann,0.0,4.0,1508.535307511977,1501.8679675711924,1498.343429595694,1512.0598454874753
Champions League,2025/26,2025-08-27 16:45:00,Qarabağ FK,Ferencváros TC,2.0,3.0,1549.5852740808427,1520.1796193785035,1538.7409264466064,1531.0239670127398
La Liga,2025/26,2025-08-27 19:00:00,Celta Vigo,Real Betis,1.0,1.0,1490.0,1510.28774368332,1490.5832654286248,1509.7044782546952
Champions League,2025/26,2025-08-27 19:00:00,FC København,Basel,2.0,0.0,1530.629154145495,1500.9051459730958,1539.7757095929437,1491.7585905256472
Champions League,2025/26,2025-08-27 19:00:00,Club Brugge KV,Rangers,6.0,0.0,1529.6177258157163,1498.6900207368653,1538.7298987292327,1489.577847823349
Champions League,2025/26,2025-08-27 19:00:00,Benfica,Fenerbahçe,1.0,0.0,1518.8829744718662,1501.1170255281338,1528.3720745690973,1491.6279254309027
Europa League,2025/26,2025-08-28 15:00:00,Kuopion Palloseura,FC Midtjylland,0.0,2.0,1517.8420982079795,1538.8369856598692,1508.4456451932497,1548.233438674599
Europa League,2025/26,2025-08-28 16:30:00,SK Sigma Olomouc,Malmö FF,0.0,2.0,1490.7991740789364,1537.0263170990413,1482.121902012339,1545.7035891656387
Europa League,2025/26,2025-08-28 17:00:00,Samsunspor,Panathinaikos FC,0.0,0.0,1490.0770751564685,1512.6008430840136,1490.724454639252,1511.9534636012302
Europa League,2025/26,2025-08-28 17:30:00,PAOK,HNK Rijeka,5.0,0.0,1499.4549154577303,1501.5881181333243,1509.5163131947274,1491.5267203963272
Europa League,2025/26,2025-08-28 17:30:00,Ludogorets,KF Shkëndija,4.0,1.0,1498.955823759648,1518.9154697624251,1509.52967738866,1508.341616133413
Europa League,2025/26,2025-08-28 18:00:00,BSC Young Boys,ŠK Slovan Bratislava,3.0,2.0,1510.0312768526774,1491.0553958530834,1519.4856495238607,1481.6010231819
Europa League,2025/26,2025-08-28 18:00:00,KRC Genk,Lech Poznań,1.0,2.0,1510.2903564817484,1499.8004973422771,1499.9885257735675,1510.102328050458
Europa League,2025/26,2025-08-28 18:00:00,Dynamo Kyiv,Maccabi Tel Aviv,1.0,0.0,1489.7751889666285,1518.6584130005197,1500.6046051535511,1507.828996813597
Europa League,2025/26,2025-08-28 18:00:00,FC Utrecht,HŠK Zrinjski Mostar,0.0,0.0,1547.1212872283486,1507.9489445264453,1545.998569837758,1509.071661917036
Europa League,2025/26,2025-08-28 18:30:00,FCSB,Aberdeen,3.0,0.0,1501.008196339991,1500.0298780950875,1510.9800381518253,1490.0580362832532
Europa League,2025/26,2025-08-28 19:00:00,Sporting Braga,Lincoln Red Imps,5.0,1.0,1539.8449249672292,1499.0224573212329,1548.6753371723469,1490.1920451161152
Serie A,2025/26,2025-08-29 16:30:00,Cremonese,Sassuolo,3.0,2.0,1510.0,1490.0,1519.4249887221547,1480.5750112778453
La Liga,2025/26,2025-08-29 17:30:00,Elche,Levante UD,2.0,0.0,1499.71225631668,1480.5750112778453,1509.1619985020432,1471.125269092482
Bundesliga,2025/26,2025-08-29 18:30:00,Hamburger SV,FC St. Pauli,0.0,2.0,1500.0,1500.0,1490.0,1510.0
Serie A,2025/26,2025-08-29 18:45:00,Lecce,AC Milan,0.0,2.0,1500.0,1490.0,1489.71225631668,1500.28774368332
Ligue 1,2025/26,2025-08-29 18:45:00,RC Lens,Stade Brestois,3.0,1.0,1500.0,1490.2716809305093,1509.720069622294,1480.5516113082153
La Liga,2025/26,2025-08-29 19:30:00,Valencia,Getafe,3.0,0.0,1489.71225631668,1519.4249887221547,1500.565378689542,1508.5718663492926
Premier League,2025/26,2025-08-30 11:30:00,Chelsea,Fulham,2.0,0.0,1509.71225631668,1499.71225631668,1519.4245126333599,1490.0
Bundesliga,2025/26,2025-08-30 13:30:00,SV Werder Bremen,Bayer 04 Leverkusen,3.0,3.0,1490.0,1490.0,1490.0,1490.0
Bundesliga,2025/26,2025-08-30 13:30:00,VfB Stuttgart,Borussia M'gladbach,1.0,0.0,1490.0,1500.0,1500.28774368332,1489.71225631668
Bundesliga,2025/26,2025-08-30 13:30:00,TSG Hoffenheim,Eintracht Frankfurt,1.0,3.0,1510.0,1510.0,1500.0,1520.0
Bundesliga,2025/26,2025-08-30 13:30:00,RB Leipzig,1. FC Heidenheim,2.0,0.0,1490.0,1490.0,1500.0,1480.0
Premier League,2025/26,2025-08-30 14:00:00,Sunderland,Brentford,2.0,1.0,1499.4249887221547,1500.28774368332,1509.44982075502,1490.2629116504547
Premier League,2025/26,2025-08-30 14:00:00,Tottenham Hotspur,Bournemouth,0.0,1.0,1520.0,1500.0,1509.4249887221547,1510.5750112778453
Premier League,2025/26,2025-08-30 14:00:00,Wolverhampton,Everton,2.0,3.0,1480.0,1500.28774368332,1470.5832654286248,1509.7044782546952
Premier League,2025/26,2025-08-30 14:00:00,Manchester United,Burnley,3.0,2.0,1490.28774368332,1500.5750112778453,1500.5837485484283,1490.279006412737
Ligue 1,2025/26,2025-08-30 15:00:00,Lorient,Lille,1.0,7.0,1500.5750112778453,1510.28774368332,1490.8544933862795,1520.008261574886
La Liga,2025/26,2025-08-30 15:00:00,Deportivo Alavés,Atlético Madrid,1.0,1.0,1499.71225631668,1490.28774368332,1499.4410635506772,1490.5589364493228
Premier League,2025/26,2025-08-30 16:30:00,Leeds United,Newcastle United,0.0,0.0,1500.0,1490.28774368332,1499.7205315838,1490.56721209952
Serie A,2025/26,2025-08-30 16:30:00,Bologna,Como,1.0,0.0,1490.0,1510.0,1500.5750112778453,1499.4249887221547
Serie A,2025/26,2025-08-30 16:30:00,Parma,Atalanta,1.0,1.0,1490.0,1500.0,1490.28774368332,1499.71225631668
Bundesliga,2025/26,2025-08-30 16:30:00,FC Augsburg,FC Bayern München,2.0,3.0,1510.0,1510.0,1500.0,1520.0
La Liga,2025/26,2025-08-30 17:00:00,Real Oviedo,Real Sociedad,1.0,0.0,1480.5750112778453,1500.28774368332,1491.1417812776356,1489.7209736835298
Ligue 1,2025/26,2025-08-30 17:00:00,Nantes,Auxerre,1.0,0.0,1480.5750112778453,1498.8859760940418,1491.101555786224,1488.359431585663
La Liga,2025/26,2025-08-30 17:30:00,Girona FC,Sevilla,0.0,2.0,1480.5750112778453,1480.5750112778453,1470.5750112778453,1490.5750112778453
Serie A,2025/26,2025-08-30 18:45:00,SSC Napoli,Cagliari,1.0,0.0,1510.0,1500.0,1519.71225631668,1490.28774368332
Serie A,2025/26,2025-08-30 18:45:00,Pisa,AS Roma,0.0,1.0,1500.0,1510.0,1490.28774368332,1519.71225631668
Ligue 1,2025/26,2025-08-30 19:05:00,Toulouse,Paris Saint-Germain,3.0,6.0,1519.1698047803854,1520.0,1509.1936996741201,1529.9761051062653
La Liga,2025/26,2025-08-30 19:30:00,Real Madrid,Mallorca,2.0,1.0,1519.4249887221547,1490.0,1528.5800885799504,1480.8449001422043
Premier League,2025/26,2025-08-31 13:00:00,Brighton & Hove Albion,Manchester City,2.0,1.0,1489.71225631668,1500.0,1500.0082748727182,1489.7039814439618
Ligue 1,2025/26,2025-08-31 13:00:00,Angers,Stade Rennais,1.0,1.0,1500.0,1499.4249887221547,1499.9834498601524,1499.4415388620023
Premier League,2025/26,2025-08-31 13:00:00,Nottingham Forest,West Ham United,0.0,3.0,1509.71225631668,1480.28774368332,1498.8673697795948,1491.1326302204052
Bundesliga,2025/26,2025-08-31 13:30:00,VfL Wolfsburg,1. FSV Mainz 05,1.0,1.0,1510.0,1490.0,1509.4249887221547,1490.5750112778453
La Liga,2025/26,2025-08-31 15:00:00,Celta Vigo,Villarreal,1.0,1.0,1490.5832654286248,1519.4249887221547,1491.411495333725,1518.5967588170545
Ligue 1,2025/26,2025-08-31 15:15:00,AS Monaco,RC Strasbourg,3.0,2.0,1499.71225631668,1519.4249887221547,1510.2790263164702,1508.8582187223644
Ligue 1,2025/26,2025-08-31 15:15:00,Le Havre,Nice,3.0,1.0,1480.0,1482.2475494729088,1490.0646887715484,1472.1828607013604
Ligue 1,2025/26,2025-08-31 15:15:00,Paris FC,Metz,3.0,2.0,1480.0,1480.5750112778453,1490.0165501398476,1470.5584611379977
Premier League,2025/26,2025-08-31 15:30:00,Liverpool FC,Arsenal,1.0,0.0,1519.71225631668,1520.0,1529.7205382437342,1509.9917180729458
Bundesliga,2025/26,2025-08-31 15:30:00,Borussia Dortmund,1. FC Union Berlin,3.0,0.0,1500.0,1510.0,1510.28774368332,1499.71225631668
Serie A,2025/26,2025-08-31 16:30:00,Torino,Fiorentina,0.0,0.0,1490.0,1500.0,1490.28774368332,1499.71225631668
Serie A,2025/26,2025-08-31 16:30:00,Genoa,Juventus,0.0,1.0,1500.0,1510.0,1490.28774368332,1519.71225631668
La Liga,2025/26,2025-08-31 17:00:00,Real Betis,Athletic Club,1.0,2.0,1509.7044782546952,1520.0,1500.0007204850338,1529.7037577696615
Bundesliga,2025/26,2025-08-31 17:30:00,1. FC Köln,SC Freiburg,4.0,1.0,1510.0,1490.0,1519.4249887221547,1480.5750112778453
La Liga,2025/26,2025-08-31 17:30:00,Espanyol,Osasuna,1.0,0.0,1509.71225631668,1500.28774368332,1519.4410635506772,1490.5589364493228
Premier League,2025/26,2025-08-31 18:00:00,Aston Villa,Crystal Palace,0.0,3.0,1489.71225631668,1500.28774368332,1480.0165493397121,1509.9834506602879
Serie A,2025/26,2025-08-31 18:45:00,Lazio,Hellas Verona,4.0,0.0,1490.0,1500.0,1500.28774368332,1489.71225631668
Serie A,2025/26,2025-08-31 18:45:00,Inter,Udinese,1.0,2.0,1510.0,1500.0,1499.71225631668,1510.28774368332
Ligue 1,2025/26,2025-08-31 18:45:00,Olympique Lyonnais,Olympique de Marseille,1.0,0.0,1519.4249887221547,1500.0,1528.8664744330495,1490.5585142891052
La Liga,2025/26,2025-08-31 19:30:00,Rayo Vallecano,FC Barcelona,1.0,1.0,1500.0,1519.4249887221547,1500.5585142891052,1518.8664744330495
La Liga,2025/26,2025-09-03 19:00:00,Osasuna,Getafe,,,1490.5589364493228,1508.5718663492926,1491.0769262217632,1508.0538765768522
Bundesliga,2025/26,2025-09-12 18:30:00,Bayer 04 Leverkusen,Eintracht Frankfurt,3.0,1.0,1490.0,1520.0,1500.8613298404443,1509.1386701595557
Ligue 1,2025/26,2025-09-12 18:45:00,Olympique de Marseille,Lorient,4.0,0.0,1490.5585142891052,1490.8544933862795,1500.5670332502568,1480.845974425128
La Liga,2025/26,2025-09-12 19:00:00,Sevilla,Elche,2.0,2.0,1490.5750112778453,1509.1619985020432,1491.1094779904508,1508.6275317894376
Premier League,2025/26,2025-09-13 11:30:00,Arsenal,Nottingham Forest,3.0,0.0,1509.9917180729458,1498.8673697795948,1519.6716429619119,1489.1874448906287
La Liga,2025/26,2025-09-13 12:00:00,Getafe,Real Oviedo,2.0,0.0,1508.0538765768522,1491.1417812776356,1517.5674914385222,1481.6281664159656
Serie A,2025/26,2025-09-13 13:00:00,Cagliari,Parma,2.0,0.0,1490.28774368332,1490.28774368332,1500.28774368332,1480.28774368332
Bundesliga,2025/26,2025-09-13 13:30:00,1. FC Heidenheim,Borussia Dortmund,0.0,2.0,1480.0,1510.28774368332,1470.8695497384208,1519.4181939448993
Bundesliga,2025/26,2025-09-13 13:30:00,1. FSV Mainz 05,RB Leipzig,0.0,1.0,1490.5750112778453,1500.0,1480.8462177367066,1509.7287935411387
Bundesliga,2025/26,2025-09-13 13:30:00,VfL Wolfsburg,1. FC Köln,3.0,3.0,1509.4249887221547,1519.4249887221547,1509.7127324054748,1519.1372450388346
Bundesliga,2025/26,2025-09-13 13:30:00,SC Freiburg,VfB Stuttgart,3.0,1.0,1480.5750112778453,1500.28774368332,1491.1417812776356,1489.7209736835298
Bundesliga,2025/26,2025-09-13 13:30:00,1. FC Union Berlin,TSG Hoffenheim,2.0,4.0,1499.71225631668,1500.0,1489.7205382437342,1509.9917180729458
Premier League,2025/26,2025-09-13 14:00:00,Newcastle United,Wolverhampton,1.0,0.0,1490.56721209952,1470.5832654286248,1499.9926613471323,1461.1578161810125
Premier League,2025/26,2025-09-13 14:00:00,Bournemouth,Brighton & Hove Albion,2.0,1.0,1510.5750112778453,1500.0082748727182,1520.270969894705,1490.3123162558584
Premier League,2025/26,2025-09-13 14:00:00,Crystal Palace,Sunderland,0.0,0.0,1509.9834506602879,1509.44982075502,1509.9680915690524,1509.4651798462555
Premier League,2025/26,2025-09-13 14:00:00,Fulham,Leeds United,1.0,0.0,1490.0,1499.7205315838,1500.2797064113495,1489.4408251724506
Premier League,2025/26,2025-09-13 14:00:00,Everton,Aston Villa,0.0,0.0,1509.7044782546952,1480.0165493397121,1508.852064592087,1480.8689630023205
La Liga,2025/26,2025-09-13 14:15:00,Real Sociedad,Real Madrid,1.0,2.0,1489.7209736835298,1528.5800885799504,1480.8347883933488,1537.4662738701313
Ligue 1,2025/26,2025-09-13 15:00:00,Nice,Nantes,1.0,0.0,1472.1828607013604,1491.101555786224,1482.7268469726425,1480.5575695149419
Serie A,2025/26,2025-09-13 16:00:00,Juventus,Inter,4.0,3.0,1519.71225631668,1499.71225631668,1529.1372450388346,1490.2872675945252
Bundesliga,2025/26,2025-09-13 16:30:00,FC Bayern München,Hamburger SV,5.0,0.0,1520.0,1490.0,1529.1386701595557,1480.8613298404443
La Liga,2025/26,2025-09-13 16:30:00,Athletic Club,Deportivo Alavés,0.0,1.0,1529.7037577696615,1499.4410635506772,1518.8349235658027,1510.309897754536
Premier League,2025/26,2025-09-13 16:30:00,West Ham United,Tottenham Hotspur,0.0,3.0,1491.1326302204052,1509.4249887221547,1481.6586406792599,1518.8989782633
Serie A,2025/26,2025-09-13 18:45:00,Fiorentina,SSC Napoli,1.0,3.0,1499.71225631668,1519.71225631668,1490.2872675945252,1529.1372450388346
La Liga,2025/26,2025-09-13 19:00:00,Atlético Madrid,Villarreal,2.0,0.0,1490.5589364493228,1518.5967588170545,1501.3641825817124,1507.791512684665
Premier League,2025/26,2025-09-13 19:00:00,Brentford,Chelsea,2.0,2.0,1490.2629116504547,1519.4245126333599,1491.1002845202345,1518.5871397635801
Ligue 1,2025/26,2025-09-13 19:05:00,Auxerre,AS Monaco,1.0,2.0,1488.359431585663,1510.2790263164702,1478.989492513232,1519.6489653889012
Serie A,2025/26,2025-09-14 10:30:00,AS Roma,Torino,0.0,1.0,1519.71225631668,1490.28774368332,1508.8673697795948,1501.1326302204052
La Liga,2025/26,2025-09-14 12:00:00,Celta Vigo,Girona FC,1.0,1.0,1491.411495333725,1470.5750112778453,1490.812491081562,1471.1740155300083
Premier League,2025/26,2025-09-14 13:00:00,Burnley,Liverpool FC,0.0,1.0,1490.279006412737,1529.7205382437342,1481.4093733606703,1538.590171295801
Serie A,2025/26,2025-09-14 13:00:00,Atalanta,Lecce,4.0,1.0,1499.71225631668,1489.71225631668,1509.4245126333599,1480.0
Ligue 1,2025/26,2025-09-14 13:00:00,Lille,Toulouse,2.0,1.0,1520.008261574886,1509.1936996741201,1529.6970939501741,1499.504867298832
Serie A,2025/26,2025-09-14 13:00:00,Pisa,Udinese,0.0,1.0,1490.28774368332,1510.28774368332,1480.8627549611654,1519.7127324054748
Bundesliga,2025/26,2025-09-14 13:30:00,FC St. Pauli,FC Augsburg,2.0,1.0,1510.0,1500.0,1519.71225631668,1490.28774368332
La Liga,2025/26,2025-09-14 14:15:00,Levante UD,Real Betis,2.0,2.0,1471.125269092482,1500.0007204850338,1471.954463103394,1499.171526474122
Ligue 1,2025/26,2025-09-14 15:15:00,Stade Brestois,Paris FC,1.0,2.0,1480.5516113082153,1490.0165501398476,1470.823966774317,1499.744194673746
Ligue 1,2025/26,2025-09-14 15:15:00,Metz,Angers,1.0,1.0,1470.5584611379977,1499.9834498601524,1471.403361280202,1499.138549717948
Ligue 1,2025/26,2025-09-14 15:15:00,Paris Saint-Germain,RC Lens,2.0,0.0,1529.9761051062653,1509.720069622294,1539.3937492130465,1500.3024255155128
Ligue 1,2025/26,2025-09-14 15:15:00,RC Strasbourg,Le Havre,1.0,0.0,1508.8582187223644,1490.0646887715484,1518.3178244027863,1480.6050830911265
Premier League,2025/26,2025-09-14 15:30:00,Manchester City,Manchester United,3.0,0.0,1489.7039814439618,1500.5837485484283,1500.0170239971528,1490.2707059952372
Bundesliga,2025/26,2025-09-14 15:30:00,Borussia M'gladbach,SV Werder Bremen,0.0,4.0,1489.71225631668,1490.0,1479.7205382437342,1499.9917180729458
Serie A,2025/26,2025-09-14 16:00:00,Sassuolo,Lazio,1.0,0.0,1480.5750112778453,1500.28774368332,1491.1417812776356,1489.7209736835298
La Liga,2025/26,2025-09-14 16:30:00,Osasuna,Rayo Vallecano,2.0,0.0,1491.0769262217632,1500.5585142891052,1501.3497605353027,1490.2856799755657
Serie A,2025/26,2025-09-14 18:45:00,AC Milan,Bologna,1.0,0.0,1500.28774368332,1500.5750112778453,1510.2960119074467,1490.5667430537187
Ligue 1,2025/26,2025-09-14 18:45:00,Stade Rennais,Olympique Lyonnais,3.0,1.0,1499.4415388620023,1528.8664744330495,1510.2864374853154,1518.0215758097363
La Liga,2025/26,2025-09-14 19:00:00,FC Barcelona,Valencia,6.0,0.0,1518.8664744330495,1500.565378689542,1528.3402131923008,1491.0916399302907
Serie A,2025/26,2025-09-15 16:30:00,Hellas Verona,Cremonese,0.0,0.0,1489.71225631668,1519.4249887221547,1490.565378689542,1518.5718663492926
Serie A,2025/26,2025-09-15 18:45:00,Como,Genoa,1.0,1.0,1499.4249887221547,1490.28774368332,1499.1620582846351,1490.5506741208396
La Liga,2025/26,2025-09-15 19:00:00,Espanyol,Mallorca,3.0,2.0,1519.4410635506772,1480.8449001422043,1528.334723930059,1471.9512397628225
Champions League,2025/26,2025-09-16 16:45:00,Athletic Club,Arsenal,0.0,2.0,1518.8349235658027,1519.6716429619119,1508.859006239351,1529.6475602883636
Champions League,2025/26,2025-09-16 16:45:00,PSV Eindhoven,Royale Union Saint-Gilloise,1.0,3.0,1500,1500,1490.0,1510.0
Champions League,2025/26,2025-09-16 19:00:00,Tottenham Hotspur,Villarreal,1.0,0.0,1518.8989782633,1507.791512684665,1528.5793885787916,1498.1111023691733
Champions League,2025/26,2025-09-16 19:00:00,Juventus,Borussia Dortmund,4.0,4.0,1529.1372450388346,1519.4181939448993,1528.857581206076,1519.6978577776579
Champions League,2025/26,2025-09-16 19:00:00,Real Madrid,Olympique de Marseille,2.0,1.0,1537.4662738701313,1500.5670332502568,1546.4082034998942,1491.625103620494
Champions League,2025/26,2025-09-16 19:00:00,Benfica,Qarabağ FK,2.0,3.0,1528.3720745690973,1538.7409264466064,1518.670425544825,1548.4425754708786
Champions League,2025/26,2025-09-17 16:45:00,SK Slavia Praha,Bodø/Glimt,2.0,2.0,1500,1499.4249887221547,1499.9834498601524,1499.4415388620023
Champions League,2025/26,2025-09-17 16:45:00,Olympiacos FC,Pafos FC,0.0,0.0,1500,1539.37380984104,1501.1284426154473,1538.2453672255926
Champions League,2025/26,2025-09-17 19:00:00,AFC Ajax,Inter,0.0,2.0,1500,1490.2872675945252,1489.720517891566,1500.5667497029592
Champions League,2025/26,2025-09-17 19:00:00,FC Bayern München,Chelsea,3.0,1.0,1529.1386701595557,1518.5871397635801,1538.8350660365402,1508.8907438865956
Champions League,2025/26,2025-09-17 19:00:00,Paris Saint-Germain,Atalanta,4.0,0.0,1539.3937492130465,1509.4245126333599,1548.533298252715,1500.2849635936914
Champions League,2025/26,2025-09-17 19:00:00,Liverpool FC,Atlético Madrid,3.0,2.0,1538.590171295801,1501.3641825817124,1547.5228025727513,1492.431551304762
Champions League,2025/26,2025-09-18 16:45:00,Club Brugge KV,AS Monaco,4.0,1.0,1538.7298987292327,1519.6489653889012,1548.181256802502,1510.1976073156318
Champions League,2025/26,2025-09-18 16:45:00,FC København,Bayer 04 Leverkusen,2.0,2.0,1539.7757095929437,1500.8613298404443,1538.660323993889,1501.976715439499
Champions League,2025/26,2025-09-18 19:00:00,Newcastle United,FC Barcelona,1.0,2.0,1499.9926613471323,1528.3402131923008,1490.8067637673753,1537.5261107720578
Champions League,2025/26,2025-09-18 19:00:00,Sporting CP,FC Kairat Almaty,4.0,1.0,1500,1528.8509215416054,1510.8284928353146,1518.0224287062908
Champions League,2025/26,2025-09-18 19:00:00,Manchester City,SSC Napoli,2.0,0.0,1500.0170239971528,1529.1372450388346,1510.853214195981,1518.3010548400064
Champions League,2025/26,2025-09-18 19:00:00,Eintracht Frankfurt,Galatasaray,5.0,1.0,1509.1386701595557,1500,1518.8756987321258,1490.2629714274299
Bundesliga,2025/26,2025-09-19 18:30:00,VfB Stuttgart,FC St. Pauli,2.0,0.0,1489.7209736835298,1519.71225631668,1500.582054478893,1508.8511755213167
Ligue 1,2025/26,2025-09-19 18:45:00,Olympique Lyonnais,Angers,1.0,0.0,1518.0215758097363,1499.138549717948,1527.4786131422813,1489.681512385403
Serie A,2025/26,2025-09-19 18:45:00,Lecce,Cagliari,1.0,2.0,1480.0,1500.28774368332,1470.5832654286248,1509.7044782546952
La Liga,2025/26,2025-09-19 19:00:00,Real Betis,Real Sociedad,3.0,1.0,1499.171526474122,1480.8347883933488,1508.6442422111222,1471.3620726563486
Premier League,2025/26,2025-09-20 11:30:00,Liverpool FC,Everton,2.0,1.0,1547.5228025727513,1508.852064592087,1556.4143428457996,1499.9605243190385
La Liga,2025/26,2025-09-20 12:00:00,Girona FC,Levante UD,0.0,4.0,1471.1740155300083,1471.954463103394,1461.1964785790806,1481.9320000543216
Serie A,2025/26,2025-09-20 13:00:00,Bologna,Genoa,2.0,1.0,1490.5667430537187,1490.5506741208396,1500.5662805526526,1480.5511366219057
Bundesliga,2025/26,2025-09-20 13:30:00,FC Augsburg,1. FSV Mainz 05,1.0,4.0,1490.28774368332,1480.8462177367066,1480.0160615955886,1491.1178998244382
Bundesliga,2025/26,2025-09-20 13:30:00,SV Werder Bremen,SC Freiburg,0.0,3.0,1499.9917180729458,1491.1417812776356,1489.7370514923714,1501.39644785821
Bundesliga,2025/26,2025-09-20 13:30:00,Hamburger SV,1. FC Heidenheim,2.0,1.0,1480.8613298404443,1470.8695497384208,1490.573822549081,1461.1570570297843
Bundesliga,2025/26,2025-09-20 13:30:00,TSG Hoffenheim,FC Bayern München,1.0,4.0,1509.9917180729458,1538.8350660365402,1500.8199944190221,1548.0067896904638
Premier League,2025/26,2025-09-20 14:00:00,Wolverhampton,Leeds United,1.0,3.0,1461.1578161810125,1489.4408251724506,1451.970073192802,1498.6285681606612
Premier League,2025/26,2025-09-20 14:00:00,Burnley,Nottingham Forest,1.0,1.0,1481.4093733606703,1489.1874448906287,1481.6332068626266,1488.9636113886725
Premier League,2025/26,2025-09-20 14:00:00,West Ham United,Crystal Palace,1.0,2.0,1481.6586406792599,1509.9680915690524,1472.4716537242123,1519.1550785241
Premier League,2025/26,2025-09-20 14:00:00,Brighton & Hove Albion,Tottenham Hotspur,2.0,2.0,1490.3123162558584,1528.5793885787916,1491.4092988319962,1527.4824060026538
La Liga,2025/26,2025-09-20 14:15:00,Real Madrid,Espanyol,2.0,0.0,1546.4082034998942,1528.334723930059,1555.8884756596287,1518.8544517703244
Ligue 1,2025/26,2025-09-20 15:00:00,Nantes,Stade Rennais,2.0,2.0,1480.5575695149419,1510.2864374853154,1481.4111529247439,1509.4328540755134
Serie A,2025/26,2025-09-20 16:00:00,Hellas Verona,Juventus,1.0,1.0,1490.565378689542,1528.857581206076,1491.663075861081,1527.759884034537
Premier League,2025/26,2025-09-20 16:30:00,Manchester United,Chelsea,2.0,1.0,1490.2707059952372,1508.8907438865956,1500.8061212603259,1498.355328621507
Bundesliga,2025/26,2025-09-20 16:30:00,RB Leipzig,1. FC Köln,3.0,1.0,1509.7287935411387,1519.1372450388346,1519.999524369902,1508.8665142100713
La Liga,2025/26,2025-09-20 16:30:00,Villarreal,Osasuna,2.0,1.0,1498.1111023691733,1501.3497605353027,1508.2043157445282,1491.2565471599478
La Liga,2025/26,2025-09-20 16:30:00,Deportivo Alavés,Sevilla,1.0,2.0,1510.309897754536,1491.1094779904508,1499.7578271488592,1501.6615485961277
Ligue 1,2025/26,2025-09-20 17:00:00,Stade Brestois,Nice,4.0,1.0,1470.823966774317,1482.7268469726425,1481.1664252354747,1472.3843885114848
Serie A,2025/26,2025-09-20 18:45:00,Udinese,AC Milan,0.0,3.0,1519.7127324054748,1510.2960119074467,1509.4417637503468,1520.5669805625746
Premier League,2025/26,2025-09-20 19:00:00,Fulham,Brentford,3.0,1.0,1500.2797064113495,1491.1002845202345,1510.0155628695475,1481.3644280620365
La Liga,2025/26,2025-09-20 19:00:00,Valencia,Athletic Club,2.0,0.0,1491.0916399302907,1508.859006239351,1501.6025805216218,1498.3480656480199
Ligue 1,2025/26,2025-09-20 19:05:00,RC Lens,Lille,3.0,0.0,1500.3024255155128,1529.6970939501741,1511.1464591930437,1518.8530602726432
Serie A,2025/26,2025-09-21 10:30:00,Lazio,AS Roma,0.0,1.0,1489.7209736835298,1508.8673697795948,1480.271494088888,1518.3168493742367
La Liga,2025/26,2025-09-21 12:00:00,Rayo Vallecano,Celta Vigo,1.0,1.0,1490.2856799755657,1490.812491081562,1490.300842806439,1490.7973282506887
Serie A,2025/26,2025-09-21 13:00:00,Torino,Atalanta,0.0,3.0,1501.1326302204052,1500.2849635936914,1491.1082324620834,1510.3093613520132
Serie A,2025/26,2025-09-21 13:00:00,Cremonese,Parma,0.0,0.0,1518.5718663492926,1480.28774368332,1517.4743989329656,1481.385211099647
Ligue 1,2025/26,2025-09-21 13:00:00,Paris FC,RC Strasbourg,2.0,3.0,1499.744194673746,1518.3178244027863,1490.2782780241755,1527.7837410523568
Premier League,2025/26,2025-09-21 13:00:00,Bournemouth,Newcastle United,0.0,0.0,1520.270969894705,1490.8067637673753,1519.4249490533152,1491.6527846087652
Premier League,2025/26,2025-09-21 13:00:00,Sunderland,Aston Villa,1.0,1.0,1509.4651798462555,1480.8689630023205,1508.6439681224206,1481.6901747261554
Bundesliga,2025/26,2025-09-21 13:30:00,Eintracht Frankfurt,1. FC Union Berlin,3.0,4.0,1518.8756987321258,1489.7205382437342,1508.0385099351465,1500.5577270407134
La Liga,2025/26,2025-09-21 14:15:00,Mallorca,Atlético Madrid,1.0,1.0,1471.9512397628225,1492.431551304762,1472.5400287051566,1491.842762362428
Ligue 1,2025/26,2025-09-21 15:15:00,AS Monaco,Metz,5.0,2.0,1510.1976073156318,1471.403361280202,1519.0856365574114,1462.5153320384225
Ligue 1,2025/26,2025-09-21 15:15:00,Auxerre,Toulouse,1.0,0.0,1478.989492513232,1499.504867298832,1489.5792871522415,1488.9150726598227
Ligue 1,2025/26,2025-09-21 15:15:00,Le Havre,Lorient,1.0,1.0,1480.6050830911265,1480.845974425128,1480.6120164999493,1480.8390410163051
Premier League,2025/26,2025-09-21 15:30:00,Arsenal,Manchester City,1.0,1.0,1529.6475602883636,1510.853214195981,1529.1071425469443,1511.3936319374004
Bundesliga,2025/26,2025-09-21 15:30:00,Bayer 04 Leverkusen,Borussia M'gladbach,1.0,1.0,1501.976715439499,1479.7205382437342,1501.337005939407,1480.3602477438262
Serie A,2025/26,2025-09-21 16:00:00,Fiorentina,Como,1.0,2.0,1490.2872675945252,1499.1620582846351,1480.5426490624495,1508.9066768167108
La Liga,2025/26,2025-09-21 16:30:00,Elche,Real Oviedo,1.0,0.0,1508.6275317894376,1481.6281664159656,1517.8519881044472,1472.403710100956
Bundesliga,2025/26,2025-09-21 17:30:00,Borussia Dortmund,VfL Wolfsburg,1.0,0.0,1519.6978577776579,1509.7127324054748,1529.410541866595,1500.0000483165377
Serie A,2025/26,2025-09-21 18:45:00,Inter,Sassuolo,2.0,1.0,1500.5667497029592,1491.1417812776356,1510.295543827858,1481.4129871527368
La Liga,2025/26,2025-09-21 19:00:00,FC Barcelona,Getafe,3.0,0.0,1537.5261107720578,1517.5674914385222,1546.9522865956567,1508.1413156149233
Ligue 1,2025/26,2025-09-22 18:00:00,Olympique de Marseille,Paris Saint-Germain,1.0,0.0,1491.625103620494,1548.533298252715,1503.248560570057,1536.909841303152
Serie A,2025/26,2025-09-22 18:45:00,SSC Napoli,Pisa,3.0,2.0,1518.3010548400064,1480.8627549611654,1527.2276453241323,1471.9361644770395
La Liga,2025/26,2025-09-23 17:00:00,Athletic Club,Girona FC,1.0,1.0,1498.3480656480199,1461.1964785790806,1497.282814027774,1462.2617301993264
La Liga,2025/26,2025-09-23 17:00:00,Espanyol,Valencia,2.0,2.0,1518.8544517703244,1501.6025805216218,1518.3583106967064,1502.0987215952398
La Liga,2025/26,2025-09-23 19:30:00,Sevilla,Villarreal,1.0,2.0,1501.6615485961277,1508.2043157445282,1491.8498423147973,1518.0160220258585
La Liga,2025/26,2025-09-23 19:30:00,Levante UD,Real Madrid,1.0,4.0,1481.9320000543216,1555.8884756596287,1474.029060484128,1563.7914152298224
Europa League,2025/26,2025-09-24 16:45:00,PAOK,Maccabi Tel Aviv,0.0,0.0,1509.5163131947274,1507.828996813597,1509.4677487072026,1507.877561301122
Europa League,2025/26,2025-09-24 16:45:00,FC Midtjylland,SK Sturm Graz,2.0,0.0,1548.233438674599,1500.5750112778453,1556.8702581004104,1491.938191852034
La Liga,2025/26,2025-09-24 17:00:00,Getafe,Deportivo Alavés,1.0,1.0,1508.1413156149233,1499.7578271488592,1507.9000662400513,1499.9990765237312
Europa League,2025/26,2025-09-24 19:00:00,Real Betis,Nottingham Forest,2.0,2.0,1508.6442422111222,1488.9636113886725,1508.0783932059705,1489.5294603938241
Europa League,2025/26,2025-09-24 19:00:00,Malmö FF,Ludogorets,1.0,2.0,1545.7035891656387,1509.52967738866,1534.6661662517727,1520.567100302526
Europa League,2025/26,2025-09-24 19:00:00,Sporting Braga,Feyenoord,1.0,0.0,1548.6753371723469,1499.4249887221547,1557.2672172504995,1490.833108644002
Europa League,2025/26,2025-09-24 19:00:00,FK Crvena Zvezda,Celtic,1.0,1.0,1520.4553597111544,1491.1151334798833,1519.6128818637617,1491.957611327276
Europa League,2025/26,2025-09-24 19:00:00,GNK Dinamo Zagreb,Fenerbahçe,3.0,1.0,1500,1491.6279254309027,1509.7590789525489,1481.8688464783538
Europa League,2025/26,2025-09-24 19:00:00,Nice,AS Roma,1.0,2.0,1472.3843885114848,1518.3168493742367,1463.6987822730528,1527.0024556126687
Europa League,2025/26,2025-09-24 19:00:00,SC Freiburg,Basel,2.0,1.0,1501.39644785821,1491.7585905256472,1511.11911915721,1482.0359192266471
La Liga,2025/26,2025-09-24 19:30:00,Real Sociedad,Mallorca,1.0,0.0,1471.3620726563486,1472.5400287051566,1481.3959768269165,1462.5061245345887
La Liga,2025/26,2025-09-24 19:30:00,Atlético Madrid,Rayo Vallecano,3.0,2.0,1491.842762362428,1490.300842806439,1501.7983826414904,1480.3452225273766
Europa League,2025/26,2025-09-25 16:45:00,Go Ahead Eagles,FCSB,0.0,1.0,1500,1510.9800381518253,1490.3159257316129,1520.6641124202124
Europa League,2025/26,2025-09-25 16:45:00,Lille,SK Brann,2.0,1.0,1518.8530602726432,1512.0598454874753,1528.6575607463153,1502.2553450138032
La Liga,2025/26,2025-09-25 17:30:00,Osasuna,Elche,1.0,1.0,1491.2565471599478,1517.8519881044472,1492.020533854459,1517.088001409936
Europa League,2025/26,2025-09-25 19:00:00,Ferencváros TC,FC Viktoria Plzeň,1.0,1.0,1531.0239670127398,1501.6435838827565,1530.1803415716417,1502.4872093238546
Europa League,2025/26,2025-09-25 19:00:00,BSC Young Boys,Panathinaikos FC,1.0,4.0,1519.4856495238607,1511.9534636012302,1509.2688897436967,1522.1702233813942
Europa League,2025/26,2025-09-25 19:00:00,Rangers,KRC Genk,0.0,1.0,1489.577847823349,1499.9885257735675,1479.8774015743072,1509.6889720226093
Europa League,2025/26,2025-09-25 19:00:00,VfB Stuttgart,Celta Vigo,2.0,1.0,1500.582054478893,1490.7973282506887,1510.3005018522526,1481.078880877329
Europa League,2025/26,2025-09-25 19:00:00,FC Utrecht,Olympique Lyonnais,0.0,1.0,1545.998569837758,1527.4786131422813,1535.4660269275507,1538.0111560524886
Europa League,2025/26,2025-09-25 19:00:00,Red Bull Salzburg,FC Porto,0.0,1.0,1489.4736582868165,1500,1479.7765380879316,1509.697120198885
Europa League,2025/26,2025-09-25 19:00:00,Aston Villa,Bologna,1.0,0.0,1481.6901747261554,1500.5662805526526,1492.2329387993525,1490.0235164794556
La Liga,2025/26,2025-09-25 19:30:00,Real Oviedo,FC Barcelona,1.0,3.0,1472.403710100956,1546.9522865956567,1464.5170572768195,1554.8389394197932
Bundesliga,2025/26,2025-09-26 18:30:00,FC Bayern München,SV Werder Bremen,4.0,0.0,1548.0067896904638,1489.7370514923714,1556.3452016750168,1481.3986395078184
Ligue 1,2025/26,2025-09-26 18:45:00,RC Strasbourg,Olympique de Marseille,1.0,2.0,1527.7837410523568,1503.248560570057,1517.0787333348424,1513.9535682875714
La Liga,2025/26,2025-09-26 19:00:00,Girona FC,Espanyol,0.0,0.0,1462.2617301993264,1518.3583106967064,1463.8624341113416,1516.7576067846912
Premier League,2025/26,2025-09-27 11:30:00,Brentford,Manchester United,3.0,1.0,1481.3644280620365,1500.8061212603259,1491.9234216435475,1490.2471276788149
La Liga,2025/26,2025-09-27 12:00:00,Getafe,Levante UD,1.0,1.0,1507.9000662400513,1474.029060484128,1506.92825707907,1475.0008696451093
Serie A,2025/26,2025-09-27 13:00:00,Como,Cremonese,1.0,1.0,1508.9066768167108,1517.4743989329656,1509.153225707777,1517.2278500418995
Bundesliga,2025/26,2025-09-27 13:30:00,VfL Wolfsburg,RB Leipzig,0.0,1.0,1500.0000483165377,1519.999524369902,1490.5750445638469,1529.4245281225928
Bundesliga,2025/26,2025-09-27 13:30:00,FC St. Pauli,Bayer 04 Leverkusen,1.0,2.0,1508.8511755213167,1501.337005939407,1498.634934050064,1511.5532474106597
Bundesliga,2025/26,2025-09-27 13:30:00,1. FSV Mainz 05,Borussia Dortmund,0.0,2.0,1491.1178998244382,1529.410541866595,1482.215609494108,1538.312832196925
Bundesliga,2025/26,2025-09-27 13:30:00,1. FC Heidenheim,FC Augsburg,2.0,1.0,1461.1570570297843,1480.0160615955886,1471.699330337848,1469.4737882875247
Premier League,2025/26,2025-09-27 14:00:00,Manchester City,Burnley,5.0,1.0,1511.3936319374004,1481.6332068626266,1520.5391468659318,1472.4876919340952
Premier League,2025/26,2025-09-27 14:00:00,Chelsea,Brighton & Hove Albion,1.0,3.0,1498.355328621507,1491.4092988319962,1488.1554324449407,1501.6091950085624
Premier League,2025/26,2025-09-27 14:00:00,Leeds United,Bournemouth,2.0,2.0,1498.6285681606612,1519.4249490533152,1499.2264222846163,1518.82709492936
Premier League,2025/26,2025-09-27 14:00:00,Crystal Palace,Liverpool FC,2.0,1.0,1519.1550785241,1556.4143428457996,1530.2233940750389,1545.3460272948607
La Liga,2025/26,2025-09-27 14:15:00,Atlético Madrid,Real Madrid,5.0,2.0,1501.7983826414904,1563.7914152298224,1513.5639877927151,1552.0258100785977
Ligue 1,2025/26,2025-09-27 15:00:00,Lorient,AS Monaco,3.0,1.0,1480.8390410163051,1519.0856365574114,1491.9354413118178,1507.9892362618987
Serie A,2025/26,2025-09-27 16:00:00,Juventus,Atalanta,1.0,1.0,1527.759884034537,1510.3093613520132,1527.2580395497862,1510.811205836764
La Liga,2025/26,2025-09-27 16:30:00,Mallorca,Deportivo Alavés,1.0,0.0,1462.5061245345887,1499.9990765237312,1473.5810889139823,1488.9241121443376
Bundesliga,2025/26,2025-09-27 16:30:00,Borussia M'gladbach,Eintracht Frankfurt,4.0,6.0,1480.3602477438262,1508.0385099351465,1471.155211154155,1517.2435465248177
Premier League,2025/26,2025-09-27 16:30:00,Nottingham Forest,Sunderland,0.0,1.0,1489.5294603938241,1508.6439681224206,1480.0790657552316,1518.0943627610131
Ligue 1,2025/26,2025-09-27 17:00:00,Toulouse,Nantes,2.0,2.0,1488.9150726598227,1481.4111529247439,1488.6991260651146,1481.627099519452
Serie A,2025/26,2025-09-27 18:45:00,Cagliari,Inter,0.0,2.0,1509.7044782546952,1510.295543827858,1499.7214904730051,1520.278531609548
La Liga,2025/26,2025-09-27 19:00:00,Villarreal,Athletic Club,1.0,0.0,1518.0160220258585,1497.282814027774,1527.419979684639,1487.8788563689936
Premier League,2025/26,2025-09-27 19:00:00,Tottenham Hotspur,Wolverhampton,1.0,1.0,1527.4824060026538,1451.970073192802,1525.3425741794879,1454.1099050159678
Ligue 1,2025/26,2025-09-27 19:05:00,Paris Saint-Germain,Auxerre,2.0,0.0,1536.909841303152,1489.5792871522415,1545.5559235052067,1480.9332049501868
Serie A,2025/26,2025-09-28 10:30:00,Sassuolo,Udinese,3.0,1.0,1481.4129871527368,1509.4417637503468,1492.2179746146094,1498.6367762884743
La Liga,2025/26,2025-09-28 12:00:00,Rayo Vallecano,Sevilla,0.0,1.0,1480.3452225273766,1491.8498423147973,1470.6762311313983,1501.5188337107757
Serie A,2025/26,2025-09-28 13:00:00,AS Roma,Hellas Verona,2.0,0.0,1527.0024556126687,1491.663075861081,1535.9887998262527,1482.676731647497
Premier League,2025/26,2025-09-28 13:00:00,Aston Villa,Fulham,3.0,1.0,1492.2329387993525,1510.0155628695475,1502.7443173969114,1499.5041842719884
Ligue 1,2025/26,2025-09-28 13:00:00,Nice,Paris FC,1.0,1.0,1463.6987822730528,1490.2782780241755,1464.462312705126,1489.5147475921024
Serie A,2025/26,2025-09-28 13:00:00,Pisa,Fiorentina,0.0,0.0,1471.9361644770395,1480.5426490624495,1472.1838283604022,1480.2949851790868
Bundesliga,2025/26,2025-09-28 13:30:00,SC Freiburg,TSG Hoffenheim,1.0,1.0,1511.11911915721,1500.8199944190221,1510.8227733154406,1501.1163402607915
La Liga,2025/26,2025-09-28 14:15:00,Elche,Celta Vigo,2.0,1.0,1517.088001409936,1481.078880877329,1526.0552707527374,1472.1116115345276
Ligue 1,2025/26,2025-09-28 15:15:00,Angers,Stade Brestois,0.0,2.0,1489.681512385403,1481.1664252354747,1479.4364775352042,1491.4114600856735
Ligue 1,2025/26,2025-09-28 15:15:00,Lille,Olympique Lyonnais,0.0,1.0,1528.6575607463153,1538.0111560524886,1518.9267138374857,1547.7420029613181
Ligue 1,2025/26,2025-09-28 15:15:00,Metz,Le Havre,0.0,0.0,1462.5153320384225,1480.6120164999493,1463.03572596276,1480.0916225756118
Premier League,2025/26,2025-09-28 15:30:00,Newcastle United,Arsenal,1.0,2.0,1491.6527846087652,1529.1071425469443,1482.726650985105,1538.0332761706045
Bundesliga,2025/26,2025-09-28 15:30:00,1. FC Köln,VfB Stuttgart,1.0,2.0,1508.8665142100713,1510.3005018522526,1498.9077874578136,1520.2592286045103
Serie A,2025/26,2025-09-28 16:00:00,Lecce,Bologna,2.0,2.0,1470.5832654286248,1490.0235164794556,1471.1422176314884,1489.464564276592
La Liga,2025/26,2025-09-28 16:30:00,FC Barcelona,Real Sociedad,2.0,1.0,1554.8389394197932,1481.3959768269165,1562.7560134746543,1473.4789027720553
Bundesliga,2025/26,2025-09-28 17:30:00,1. FC Union Berlin,Hamburger SV,0.0,0.0,1500.5577270407134,1490.573822549081,1500.2704462404129,1490.8611033493814
Ligue 1,2025/26,2025-09-28 18:45:00,Stade Rennais,RC Lens,0.0,0.0,1509.4328540755134,1511.1464591930437,1509.4821751955699,1511.0971380729873
Serie A,2025/26,2025-09-28 18:45:00,AC Milan,SSC Napoli,2.0,1.0,1520.5669805625746,1527.2276453241323,1530.75866642242,1517.0359594642869
La Liga,2025/26,2025-09-28 19:00:00,Real Betis,Osasuna,2.0,0.0,1508.0783932059705,1492.020533854459,1517.6165396735348,1482.4823873868947
Serie A,2025/26,2025-09-29 16:30:00,Parma,Torino,2.0,1.0,1481.385211099647,1491.1082324620834,1491.6649891165068,1480.8284544452235
Serie A,2025/26,2025-09-29 18:45:00,Genoa,Lazio,0.0,3.0,1480.5511366219057,1480.271494088888,1470.543087864545,1490.2795428462487
Premier League,2025/26,2025-09-29 19:00:00,Everton,West Ham United,1.0,1.0,1499.9605243190385,1472.4716537242123,1499.1709778219251,1473.2612002213257
Champions League,2025/26,2025-09-30 16:45:00,FC Kairat Almaty,Real Madrid,0.0,5.0,1518.0224287062908,1552.0258100785977,1508.9980118210049,1561.0502269638837
Champions League,2025/26,2025-09-30 16:45:00,Atalanta,Club Brugge KV,2.0,1.0,1510.811205836764,1548.181256802502,1521.8826735836271,1537.1097890556389
La Liga,2025/26,2025-09-30 18:00:00,Valencia,Real Oviedo,1.0,2.0,1502.0987215952398,1464.5170572768195,1491.0212334442358,1475.5945454278235
Champions League,2025/26,2025-09-30 19:00:00,Pafos FC,FC Bayern München,1.0,5.0,1538.2453672255926,1556.3452016750168,1528.7658515683004,1565.824717332309
Champions League,2025/26,2025-09-30 19:00:00,Chelsea,Benfica,1.0,0.0,1488.1554324449407,1518.670425544825,1499.0314731214378,1507.794384868328
Champions League,2025/26,2025-09-30 19:00:00,Atlético Madrid,Eintracht Frankfurt,5.0,1.0,1513.5639877927151,1517.2435465248177,1523.6698900469346,1507.1376442705982
Champions League,2025/26,2025-09-30 19:00:00,Galatasaray,Liverpool FC,1.0,0.0,1490.2629714274299,1545.3460272948607,1501.8352380072604,1533.7737607150302
Champions League,2025/26,2025-09-30 19:00:00,Inter,SK Slavia Praha,3.0,0.0,1520.278531609548,1499.9834498601524,1529.6950556931847,1490.5669257765157
Champions League,2025/26,2025-09-30 19:00:00,Bodø/Glimt,Tottenham Hotspur,2.0,2.0,1499.4415388620023,1525.3425741794879,1500.1856526048346,1524.5984604366556
Champions League,2025/26,2025-09-30 19:00:00,Olympique de Marseille,AFC Ajax,4.0,0.0,1513.9535682875714,1489.720517891566,1523.2572138790442,1480.4168723000932
Champions League,2025/26,2025-10-01 16:45:00,Royale Union Saint-Gilloise,Newcastle United,0.0,4.0,1510.0,1482.726650985105,1499.2166183439508,1493.510032641154
Champions League,2025/26,2025-10-01 16:45:00,Qarabağ FK,FC København,2.0,0.0,1548.4425754708786,1538.660323993889,1558.1610940168534,1528.9418054479142
Champions League,2025/26,2025-10-01 19:00:00,Arsenal,Olympiacos FC,2.0,0.0,1538.0332761706045,1501.1284426154473,1546.9750466251862,1492.1866721608656
Champions League,2025/26,2025-10-01 19:00:00,Villarreal,Juventus,2.0,2.0,1527.419979684639,1527.2580395497862,1527.4153186732206,1527.2627005612046
Champions League,2025/26,2025-10-01 19:00:00,Borussia Dortmund,Athletic Club,4.0,1.0,1538.312832196925,1487.8788563689936,1546.8713363722213,1479.3203521936973
Champions League,2025/26,2025-10-01 19:00:00,FC Barcelona,Paris Saint-Germain,1.0,2.0,1562.7560134746543,1545.5559235052067,1552.2613591283687,1556.0505778514923
Champions League,2025/26,2025-10-01 19:00:00,AS Monaco,Manchester City,2.0,2.0,1507.9892362618987,1520.5391468659318,1508.3502947067227,1520.1780884211078
Champions League,2025/26,2025-10-01 19:00:00,SSC Napoli,Sporting CP,2.0,1.0,1517.0359594642869,1510.8284928353146,1526.857313221036,1501.0071390785654
Champions League,2025/26,2025-10-01 19:00:00,Bayer 04 Leverkusen,PSV Eindhoven,1.0,1.0,1511.5532474106597,1490.0,1510.9336896419452,1490.6195577687145
Europa League,2025/26,2025-10-02 16:45:00,Celtic,Sporting Braga,0.0,2.0,1491.957611327276,1557.2672172504995,1483.8155409310925,1565.409287646683
Europa League,2025/26,2025-10-02 16:45:00,Bologna,SC Freiburg,1.0,1.0,1489.464564276592,1510.8227733154406,1490.0785297439204,1510.2088078481122
Europa League,2025/26,2025-10-02 16:45:00,FCSB,BSC Young Boys,0.0,2.0,1520.6641124202124,1509.2688897436967,1510.3362491008995,1519.5967530630096
Europa League,2025/26,2025-10-02 16:45:00,Fenerbahçe,Nice,2.0,1.0,1481.8688464783538,1464.462312705126,1491.3682649155533,1454.9628942679265
Europa League,2025/26,2025-10-02 16:45:00,AS Roma,Lille,0.0,1.0,1535.9887998262527,1518.9267138374857,1525.4981079124848,1529.4174057512537
Europa League,2025/26,2025-10-02 16:45:00,Ludogorets,Real Betis,0.0,2.0,1520.567100302526,1517.6165396735348,1510.4821783825578,1527.701461593503
Europa League,2025/26,2025-10-02 16:45:00,SK Brann,FC Utrecht,1.0,0.0,1502.2553450138032,1535.4660269275507,1513.2083245635272,1524.5130473778268
Europa League,2025/26,2025-10-02 16:45:00,Panathinaikos FC,Go Ahead Eagles,1.0,2.0,1522.1702233813942,1490.3159257316129,1511.2559433617844,1501.2302057512227
Europa League,2025/26,2025-10-02 16:45:00,FC Viktoria Plzeň,Malmö FF,3.0,0.0,1502.4872093238546,1534.6661662517727,1513.4107548833879,1523.7426206922394
Europa League,2025/26,2025-10-02 19:00:00,FC Porto,FK Crvena Zvezda,2.0,1.0,1509.697120198885,1519.6128818637617,1519.982441298628,1509.3275607640187
Europa League,2025/26,2025-10-02 19:00:00,Celta Vigo,PAOK,3.0,1.0,1472.1116115345276,1509.4677487072026,1483.1826834061178,1498.3966768356124
Europa League,2025/26,2025-10-02 19:00:00,SK Sturm Graz,Rangers,2.0,1.0,1491.938191852034,1479.8774015743072,1501.5911937747076,1470.2243996516336
Europa League,2025/26,2025-10-02 19:00:00,Basel,VfB Stuttgart,2.0,0.0,1482.0359192266471,1520.2592286045103,1493.1316573444283,1509.1634904867292
Europa League,2025/26,2025-10-02 19:00:00,Olympique Lyonnais,Red Bull Salzburg,2.0,0.0,1547.7420029613181,1479.7765380879316,1555.8103763897004,1471.7081646595493
Europa League,2025/26,2025-10-02 19:00:00,Maccabi Tel Aviv,GNK Dinamo Zagreb,1.0,3.0,1507.877561301122,1509.7590789525489,1497.9317152029369,1519.704925050734
Europa League,2025/26,2025-10-02 19:00:00,KRC Genk,Ferencváros TC,0.0,1.0,1509.6889720226093,1530.1803415716417,1500.278078136006,1539.5912354582451
Europa League,2025/26,2025-10-02 19:00:00,Nottingham Forest,FC Midtjylland,2.0,3.0,1480.0790657552316,1556.8702581004104,1472.253992894882,1564.69533096076
Europa League,2025/26,2025-10-02 19:00:00,Feyenoord,Aston Villa,0.0,2.0,1490.833108644002,1502.7443173969114,1481.175806538901,1512.4016195020124
Bundesliga,2025/26,2025-10-03 18:30:00,TSG Hoffenheim,1. FC Köln,0.0,1.0,1501.1163402607915,1498.9077874578136,1491.0527738574701,1508.971353861135
Ligue 1,2025/26,2025-10-03 18:45:00,Paris FC,Lorient,2.0,0.0,1489.5147475921024,1491.9354413118178,1499.5844196306527,1481.8657692732675
Serie A,2025/26,2025-10-03 18:45:00,Hellas Verona,Sassuolo,0.0,1.0,1482.676731647497,1492.2179746146094,1472.9512816809045,1501.943424581202
La Liga,2025/26,2025-10-03 19:00:00,Osasuna,Getafe,2.0,1.0,1482.4823873868947,1506.92825707907,1493.1848372635968,1496.2258072023678
Premier League,2025/26,2025-10-03 19:00:00,Bournemouth,Fulham,3.0,1.0,1518.82709492936,1499.5041842719884,1528.2715095662327,1490.0597696351158
Premier League,2025/26,2025-10-04 11:30:00,Leeds United,Tottenham Hotspur,1.0,2.0,1499.2264222846163,1524.5984604366556,1489.955392866981,1533.869489854291
La Liga,2025/26,2025-10-04 12:00:00,Real Oviedo,Levante UD,0.0,2.0,1475.5945454278235,1475.0008696451093,1465.577458081862,1485.0179569910708
Serie A,2025/26,2025-10-04 13:00:00,Lazio,Torino,3.0,3.0,1490.2795428462487,1480.8284544452235,1490.0075857323106,1481.1004115591616
Serie A,2025/26,2025-10-04 13:00:00,Parma,Lecce,0.0,1.0,1491.6649891165068,1471.1422176314884,1481.0749823242097,1481.7322244237855
Bundesliga,2025/26,2025-10-04 13:30:00,FC Augsburg,VfL Wolfsburg,3.0,1.0,1469.4737882875247,1490.5750445638469,1480.0803856049615,1479.96844724641
Bundesliga,2025/26,2025-10-04 13:30:00,Bayer 04 Leverkusen,1. FC Union Berlin,2.0,0.0,1510.9336896419452,1500.2704462404129,1520.6268731554053,1490.5772627269528
Bundesliga,2025/26,2025-10-04 13:30:00,Borussia Dortmund,RB Leipzig,1.0,1.0,1546.8713363722213,1529.4245281225928,1546.36959852825,1529.9262659665642
Bundesliga,2025/26,2025-10-04 13:30:00,SV Werder Bremen,FC St. Pauli,1.0,0.0,1481.3986395078184,1498.634934050064,1491.8943333503908,1488.1392402074916
Premier League,2025/26,2025-10-04 14:00:00,Manchester United,Sunderland,2.0,0.0,1490.2471276788149,1518.0943627610131,1501.0469235974026,1507.2945668424254
Premier League,2025/26,2025-10-04 14:00:00,Arsenal,West Ham United,2.0,0.0,1546.9750466251862,1473.2612002213257,1554.884663494274,1465.3515833522379
La Liga,2025/26,2025-10-04 14:15:00,Girona FC,Valencia,2.0,1.0,1463.8624341113416,1491.0212334442358,1474.6425389112817,1480.2411286442957
Ligue 1,2025/26,2025-10-04 15:00:00,Metz,Olympique de Marseille,0.0,3.0,1463.03572596276,1523.2572138790442,1454.751887391797,1531.541052450007
Serie A,2025/26,2025-10-04 16:00:00,Inter,Cremonese,4.0,1.0,1529.6950556931847,1517.2278500418995,1539.3363746054224,1507.5865311296618
La Liga,2025/26,2025-10-04 16:30:00,Athletic Club,Mallorca,2.0,1.0,1479.3203521936973,1473.5810889139823,1489.155177941489,1463.7462631661906
Bundesliga,2025/26,2025-10-04 16:30:00,Eintracht Frankfurt,FC Bayern München,0.0,3.0,1507.1376442705982,1565.824717332309,1498.8109101801228,1574.1514514227845
Premier League,2025/26,2025-10-04 16:30:00,Chelsea,Liverpool FC,2.0,1.0,1499.0314731214378,1533.7737607150302,1510.0281168499293,1522.7771169865387
Ligue 1,2025/26,2025-10-04 17:00:00,Stade Brestois,Nantes,0.0,0.0,1491.4114600856735,1481.627099519452,1491.1299179752882,1481.9086416298373
Serie A,2025/26,2025-10-04 18:45:00,Atalanta,Como,1.0,1.0,1521.8826735836271,1509.153225707777,1521.5164544739928,1509.5194448174113
La Liga,2025/26,2025-10-04 19:00:00,Real Madrid,Villarreal,3.0,1.0,1561.0502269638837,1527.4153186732206,1570.0851495007787,1518.3803961363255
Ligue 1,2025/26,2025-10-04 19:05:00,Auxerre,RC Lens,1.0,2.0,1480.9332049501868,1511.0971380729873,1471.7992179694093,1520.2311250537648
Serie A,2025/26,2025-10-05 10:30:00,Udinese,Cagliari,1.0,1.0,1498.6367762884743,1499.7214904730051,1498.6679967709297,1499.6902699905497
La Liga,2025/26,2025-10-05 12:00:00,Deportivo Alavés,Elche,3.0,1.0,1488.9241121443376,1526.0552707527374,1499.9887824547336,1514.9906004423415
Ligue 1,2025/26,2025-10-05 13:00:00,Olympique Lyonnais,Toulouse,1.0,2.0,1555.8103763897004,1488.6991260651146,1543.9024299291586,1500.6070725256563
Premier League,2025/26,2025-10-05 13:00:00,Everton,Crystal Palace,2.0,1.0,1499.1709778219251,1530.2233940750389,1510.0623659773287,1519.3320059196353
Premier League,2025/26,2025-10-05 13:00:00,Wolverhampton,Brighton & Hove Albion,1.0,1.0,1454.1099050159678,1501.6091950085624,1455.4685900818313,1500.250509942699
Premier League,2025/26,2025-10-05 13:00:00,Aston Villa,Burnley,2.0,1.0,1512.4016195020124,1472.4876919340952,1521.2578317110529,1463.6314797250548
Premier League,2025/26,2025-10-05 13:00:00,Newcastle United,Nottingham Forest,2.0,0.0,1493.510032641154,1472.253992894882,1502.8989968103044,1462.8650287257317
Serie A,2025/26,2025-10-05 13:00:00,Fiorentina,AS Roma,1.0,2.0,1480.2949851790868,1525.4981079124848,1471.5887439035425,1534.204349188029
Serie A,2025/26,2025-10-05 13:00:00,Bologna,Pisa,4.0,0.0,1490.0785297439204,1472.1838283604022,1499.5639337910043,1462.6984243133184
Bundesliga,2025/26,2025-10-05 13:30:00,VfB Stuttgart,1. FC Heidenheim,1.0,0.0,1509.1634904867292,1471.699330337848,1518.0893452344271,1462.7734755901502
La Liga,2025/26,2025-10-05 14:15:00,Sevilla,FC Barcelona,4.0,1.0,1501.5188337107757,1552.2613591283687,1512.9690246567002,1540.8111681824441
Ligue 1,2025/26,2025-10-05 15:15:00,Le Havre,Stade Rennais,2.0,2.0,1480.0916225756118,1509.4821751955699,1480.935538634275,1508.6382591369068
Ligue 1,2025/26,2025-10-05 15:15:00,AS Monaco,Nice,2.0,2.0,1508.3502947067227,1454.9628942679265,1506.8256627195394,1456.4875262551097
Ligue 1,2025/26,2025-10-05 15:15:00,RC Strasbourg,Angers,5.0,0.0,1517.0787333348424,1479.4364775352042,1525.999521500302,1470.5156893697445
Bundesliga,2025/26,2025-10-05 15:30:00,Hamburger SV,1. FSV Mainz 05,4.0,0.0,1490.8611033493814,1482.215609494108,1500.6123173807848,1472.4643954627047
Premier League,2025/26,2025-10-05 15:30:00,Brentford,Manchester City,0.0,1.0,1491.9234216435475,1520.1780884211078,1482.734868277513,1529.3666417871423
Serie A,2025/26,2025-10-05 16:00:00,SSC Napoli,Genoa,2.0,1.0,1526.857313221036,1470.543087864545,1535.2505061069999,1462.1498949785812
La Liga,2025/26,2025-10-05 16:30:00,Espanyol,Real Betis,1.0,2.0,1516.7576067846912,1527.701461593503,1507.0724921120086,1537.3865762661856
La Liga,2025/26,2025-10-05 16:30:00,Real Sociedad,Rayo Vallecano,0.0,1.0,1473.4789027720553,1470.6762311313983,1463.3982371474915,1480.756896755962
Bundesliga,2025/26,2025-10-05 17:30:00,Borussia M'gladbach,SC Freiburg,0.0,0.0,1471.155211154155,1510.2088078481122,1472.2745537115154,1509.0894652907518
Serie A,2025/26,2025-10-05 18:45:00,Juventus,AC Milan,0.0,0.0,1527.2627005612046,1530.75866642242,1527.3633191513932,1530.6580478322314
Ligue 1,2025/26,2025-10-05 18:45:00,Lille,Paris Saint-Germain,1.0,1.0,1529.4174057512537,1556.0505778514923,1530.1824720881032,1555.2855115146428
La Liga,2025/26,2025-10-05 19:00:00,Celta Vigo,Atlético Madrid,1.0,1.0,1483.1826834061178,1523.6698900469346,1484.3427525424074,1522.509820910645
Bundesliga,2025/26,2025-10-17 18:30:00,1. FC Union Berlin,Borussia M'gladbach,3.0,1.0,1490.5772627269528,1472.2745537115154,1500.0509551811151,1462.800861257353
Ligue 1,2025/26,2025-10-17 18:45:00,Paris Saint-Germain,RC Strasbourg,3.0,3.0,1555.2855115146428,1525.999521500302,1554.4445836516259,1526.840449363319
La Liga,2025/26,2025-10-17 19:00:00,Real Oviedo,Espanyol,0.0,2.0,1465.577458081862,1507.0724921120086,1456.766134742434,1515.8838154514367
Premier League,2025/26,2025-10-18 11:30:00,Nottingham Forest,Chelsea,0.0,3.0,1462.8650287257317,1510.0281168499293,1454.214214511722,1518.678931063939
La Liga,2025/26,2025-10-18 12:00:00,Sevilla,Mallorca,1.0,3.0,1512.9690246567002,1463.7462631661906,1501.5616830163062,1475.1536048065846
Serie A,2025/26,2025-10-18 13:00:00,Lecce,Sassuolo,0.0,0.0,1481.7322244237855,1501.943424581202,1482.3132942193745,1501.362354785613
Serie A,2025/26,2025-10-18 13:00:00,Pisa,Hellas Verona,0.0,0.0,1462.6984243133184,1472.9512816809045,1462.9934396373665,1472.6562663568563
Bundesliga,2025/26,2025-10-18 13:30:00,1. FC Heidenheim,SV Werder Bremen,2.0,2.0,1462.7734755901502,1491.8943333503908,1463.6096839870695,1491.0581249534714
Bundesliga,2025/26,2025-10-18 13:30:00,RB Leipzig,Hamburger SV,2.0,1.0,1529.9262659665642,1500.6123173807848,1539.0845390871846,1491.4540442601644
Bundesliga,2025/26,2025-10-18 13:30:00,1. FSV Mainz 05,Bayer 04 Leverkusen,3.0,4.0,1472.4643954627047,1520.6268731554053,1463.8418113537573,1529.2494572643527
Bundesliga,2025/26,2025-10-18 13:30:00,VfL Wolfsburg,VfB Stuttgart,0.0,3.0,1479.96844724641,1518.0893452344271,1471.061273024032,1526.9965194568051
Bundesliga,2025/26,2025-10-18 13:30:00,1. FC Köln,FC Augsburg,1.0,1.0,1508.971353861135,1480.0803856049615,1508.1417163113624,1480.910023154734
Premier League,2025/26,2025-10-18 14:00:00,Crystal Palace,Bournemouth,3.0,3.0,1519.3320059196353,1528.2715095662327,1519.5892487525211,1528.0142667333469
Premier League,2025/26,2025-10-18 14:00:00,Manchester City,Everton,2.0,0.0,1529.3666417871423,1510.0623659773287,1538.8115911240438,1500.617416640427
Premier League,2025/26,2025-10-18 14:00:00,Brighton & Hove Albion,Newcastle United,2.0,1.0,1500.250509942699,1502.8989968103044,1510.3267380459336,1492.8227687070698
Premier League,2025/26,2025-10-18 14:00:00,Burnley,Leeds United,2.0,0.0,1463.6314797250548,1489.955392866981,1474.387696374251,1479.1991762177847
Premier League,2025/26,2025-10-18 14:00:00,Sunderland,Wolverhampton,2.0,0.0,1507.2945668424254,1455.4685900818313,1515.8138613798935,1446.9492955443632
La Liga,2025/26,2025-10-18 14:15:00,FC Barcelona,Girona FC,2.0,1.0,1540.8111681824441,1474.6425389112817,1548.9293783802011,1466.5243287135247
Ligue 1,2025/26,2025-10-18 15:00:00,Nice,Olympique Lyonnais,3.0,2.0,1456.4875262551097,1543.9024299291586,1468.951750195835,1531.4382059884333
Serie A,2025/26,2025-10-18 16:00:00,Torino,SSC Napoli,1.0,0.0,1481.1004115591616,1535.2505061069999,1492.646478161883,1523.7044395042785
Bundesliga,2025/26,2025-10-18 16:30:00,FC Bayern München,Borussia Dortmund,2.0,1.0,1574.1514514227845,1546.36959852825,1583.3535253452508,1537.1675246057837
La Liga,2025/26,2025-10-18 16:30:00,Villarreal,Real Betis,2.0,2.0,1518.3803961363255,1537.3865762661856,1518.9268929438144,1536.8400794586967
Premier League,2025/26,2025-10-18 16:30:00,Fulham,Arsenal,0.0,1.0,1490.0597696351158,1554.884663494274,1481.9042262003215,1563.0402069290683
Ligue 1,2025/26,2025-10-18 17:00:00,Angers,AS Monaco,1.0,1.0,1470.5156893697445,1506.8256627195394,1471.5569861452932,1505.7843659439907
Serie A,2025/26,2025-10-18 18:45:00,AS Roma,Inter,0.0,1.0,1534.204349188029,1539.3363746054224,1524.352050011336,1549.1886737821155
La Liga,2025/26,2025-10-18 19:00:00,Atlético Madrid,Osasuna,1.0,0.0,1522.509820910645,1493.1848372635968,1531.6677786678263,1484.0268795064155
Ligue 1,2025/26,2025-10-18 19:05:00,Olympique de Marseille,Le Havre,6.0,2.0,1531.541052450007,1480.935538634275,1540.0947223014205,1472.3818687828616
Serie A,2025/26,2025-10-19 10:30:00,Como,Juventus,2.0,0.0,1509.5194448174113,1527.3633191513932,1520.0325817132154,1516.850182255589
La Liga,2025/26,2025-10-19 12:00:00,Elche,Athletic Club,0.0,0.0,1514.9906004423415,1489.155177941489,1514.2483647578858,1489.8974136259446
Premier League,2025/26,2025-10-19 13:00:00,Tottenham Hotspur,Aston Villa,1.0,2.0,1533.869489854291,1521.2578317110529,1523.5066565006966,1531.6206650646473
Serie A,2025/26,2025-10-19 13:00:00,Genoa,Parma,0.0,0.0,1462.1498949785812,1481.0749823242097,1462.6940646892865,1480.5308126135044
Serie A,2025/26,2025-10-19 13:00:00,Cagliari,Bologna,0.0,2.0,1499.6902699905497,1499.5639337910043,1489.6866337425877,1509.5675700389663
Ligue 1,2025/26,2025-10-19 13:00:00,RC Lens,Paris FC,2.0,1.0,1520.2311250537648,1499.5844196306527,1529.63756364833,1490.1779810360877
Bundesliga,2025/26,2025-10-19 13:30:00,SC Freiburg,Eintracht Frankfurt,2.0,2.0,1509.0894652907518,1498.8109101801228,1508.793710971556,1499.1066644993186
La Liga,2025/26,2025-10-19 14:15:00,Celta Vigo,Real Sociedad,1.0,1.0,1484.3427525424074,1463.3982371474915,1483.740650112851,1464.000339577048
Ligue 1,2025/26,2025-10-19 15:15:00,Lorient,Stade Brestois,3.0,3.0,1481.8657692732675,1491.1299179752882,1482.1323497314922,1490.8633375170634
Ligue 1,2025/26,2025-10-19 15:15:00,Stade Rennais,Auxerre,2.0,2.0,1508.6382591369068,1471.7992179694093,1507.5819020800125,1472.8555750263035
Ligue 1,2025/26,2025-10-19 15:15:00,Toulouse,Metz,4.0,0.0,1500.6070725256563,1454.751887391797,1509.2948645766976,1446.0640953407558
Premier League,2025/26,2025-10-19 15:30:00,Liverpool FC,Manchester United,1.0,2.0,1522.7771169865387,1501.0469235974026,1512.1524860129327,1511.6715545710085
Bundesliga,2025/26,2025-10-19 15:30:00,FC St. Pauli,TSG Hoffenheim,0.0,3.0,1488.1392402074916,1491.0527738574701,1478.2230964812325,1500.9689175837293
Serie A,2025/26,2025-10-19 16:00:00,Atalanta,Lazio,0.0,0.0,1521.5164544739928,1490.0075857323106,1520.6120344825895,1490.912005723714
La Liga,2025/26,2025-10-19 16:30:00,Levante UD,Rayo Vallecano,0.0,3.0,1485.0179569910708,1480.756896755962,1474.8953199675416,1490.8795337794913
Ligue 1,2025/26,2025-10-19 18:45:00,Nantes,Lille,0.0,2.0,1481.9086416298373,1530.1824720881032,1473.2892015647474,1538.8019121531931
Serie A,2025/26,2025-10-19 18:45:00,AC Milan,Fiorentina,2.0,1.0,1530.6580478322314,1471.5887439035425,1538.9740904281996,1463.2727013075744
La Liga,2025/26,2025-10-19 19:00:00,Getafe,Real Madrid,0.0,1.0,1496.2258072023678,1570.0851495007787,1488.320194700615,1577.9907620025315
Serie A,2025/26,2025-10-20 18:45:00,Cremonese,Udinese,1.0,1.0,1507.5865311296618,1498.6679967709297,1507.3298914429433,1498.9246364576481
La Liga,2025/26,2025-10-20 19:00:00,Deportivo Alavés,Valencia,0.0,0.0,1499.9887824547336,1480.2411286442957,1499.4210105705483,1480.808900528481
Premier League,2025/26,2025-10-20 19:00:00,West Ham United,Brentford,0.0,2.0,1465.3515833522379,1482.734868277513,1455.8514974339525,1492.2349541957983
Champions League,2025/26,2025-10-21 16:45:00,FC Barcelona,Olympiacos FC,6.0,1.0,1548.9293783802011,1492.1866721608656,1557.3105593904404,1483.8054911506263
Champions League,2025/26,2025-10-21 16:45:00,FC Kairat Almaty,Pafos FC,0.0,0.0,1508.9980118210049,1528.7658515683004,1509.5663628283116,1528.1975005609936
Champions League,2025/26,2025-10-21 19:00:00,Arsenal,Atlético Madrid,4.0,0.0,1563.0402069290683,1531.6677786678263,1572.1396820260184,1522.5683035708762
Champions League,2025/26,2025-10-21 19:00:00,Bayer 04 Leverkusen,Paris Saint-Germain,2.0,7.0,1529.2494572643527,1554.4445836516259,1519.973362787662,1563.7206781283166
Champions League,2025/26,2025-10-21 19:00:00,Royale Union Saint-Gilloise,Inter,0.0,4.0,1499.2166183439508,1549.1886737821155,1490.6450928042725,1557.7601993217938
Champions League,2025/26,2025-10-21 19:00:00,FC København,Borussia Dortmund,2.0,4.0,1528.9418054479142,1537.1675246057837,1519.1785164505645,1546.9308136031334
Champions League,2025/26,2025-10-21 19:00:00,Newcastle United,Benfica,3.0,0.0,1492.8227687070698,1507.794384868328,1503.253419933538,1497.3637336418599
Champions League,2025/26,2025-10-21 19:00:00,PSV Eindhoven,SSC Napoli,6.0,2.0,1490.6195577687145,1523.7044395042785,1501.568949257803,1512.75504801519
Champions League,2025/26,2025-10-21 19:00:00,Villarreal,Manchester City,0.0,2.0,1518.9268929438144,1538.8115911240438,1509.4985964782456,1548.2398875896126
Champions League,2025/26,2025-10-22 16:45:00,Athletic Club,Qarabağ FK,3.0,1.0,1489.8974136259446,1558.1610940168534,1501.8373018986326,1546.2212057441654
Champions League,2025/26,2025-10-22 16:45:00,Galatasaray,Bodø/Glimt,3.0,1.0,1501.8352380072604,1500.1856526048346,1511.787759479555,1490.23313113254
Champions League,2025/26,2025-10-22 19:00:00,Real Madrid,Juventus,1.0,0.0,1577.9907620025315,1516.850182255589,1586.2489378083178,1508.5920064498027
Champions League,2025/26,2025-10-22 19:00:00,Eintracht Frankfurt,Liverpool FC,1.0,5.0,1499.1066644993186,1512.1524860129327,1489.4819770558738,1521.7771734563776
Champions League,2025/26,2025-10-22 19:00:00,Chelsea,AFC Ajax,5.0,1.0,1518.678931063939,1480.4168723000932,1527.582091053371,1471.5137123106613
Champions League,2025/26,2025-10-22 19:00:00,FC Bayern München,Club Brugge KV,4.0,0.0,1583.3535253452508,1537.1097890556389,1592.0303281781307,1528.432986222759
Champions League,2025/26,2025-10-22 19:00:00,AS Monaco,Tottenham Hotspur,0.0,0.0,1505.7843659439907,1523.5066565006966,1506.294012529264,1522.9970099154234
Champions League,2025/26,2025-10-22 19:00:00,Sporting CP,Olympique de Marseille,2.0,1.0,1501.0071390785654,1540.0947223014205,1512.1274475800046,1528.9744137999812
Champions League,2025/26,2025-10-22 19:00:00,Atalanta,SK Slavia Praha,0.0,0.0,1520.6120344825895,1490.5669257765157,1519.749415955827,1491.4295443032781
Europa League,2025/26,2025-10-23 16:45:00,SK Brann,Rangers,3.0,0.0,1513.2083245635272,1470.2243996516336,1521.977421449545,1461.4553027656157
Europa League,2025/26,2025-10-23 16:45:00,Red Bull Salzburg,Ferencváros TC,2.0,3.0,1471.7081646595493,1539.5912354582451,1463.6375081191902,1547.6618919986042
Europa League,2025/26,2025-10-23 16:45:00,Olympique Lyonnais,Basel,2.0,0.0,1531.4382059884333,1493.1316573444283,1540.340100879374,1484.2297624534876
Europa League,2025/26,2025-10-23 16:45:00,FCSB,Bologna,1.0,2.0,1510.3362491008995,1509.5675700389663,1500.3141247751319,1519.589694364734
Europa League,2025/26,2025-10-23 16:45:00,KRC Genk,Real Betis,0.0,0.0,1500.278078136006,1536.8400794586967,1501.3265496620324,1535.79160793267
Europa League,2025/26,2025-10-23 16:45:00,Fenerbahçe,VfB Stuttgart,1.0,0.0,1491.3682649155533,1526.9965194568051,1502.3901490602207,1515.9746353121377
Europa League,2025/26,2025-10-23 16:45:00,Go Ahead Eagles,Aston Villa,2.0,1.0,1501.2302057512227,1531.6206650646473,1512.102689453831,1520.7481813620388
Europa League,2025/26,2025-10-23 16:45:00,Sporting Braga,FK Crvena Zvezda,2.0,0.0,1565.409287646683,1509.3275607640187,1573.8090003047362,1500.9278481059655
Europa League,2025/26,2025-10-23 19:00:00,Celtic,SK Sturm Graz,2.0,1.0,1483.8155409310925,1501.5911937747076,1494.326719405127,1491.080015300673
Europa League,2025/26,2025-10-23 19:00:00,AS Roma,FC Viktoria Plzeň,1.0,2.0,1524.352050011336,1513.4107548833879,1514.0372382845237,1523.7255666102
Europa League,2025/26,2025-10-23 19:00:00,Nottingham Forest,FC Porto,2.0,0.0,1454.214214511722,1519.982441298628,1466.0848854958958,1508.1117703144541
Europa League,2025/26,2025-10-23 19:00:00,Lille,PAOK,3.0,4.0,1538.8019121531931,1498.3966768356124,1527.6441706540513,1509.5544183347542
Europa League,2025/26,2025-10-23 19:00:00,Malmö FF,GNK Dinamo Zagreb,1.0,1.0,1523.7426206922394,1519.704925050734,1523.6264117013952,1519.821134041578
Europa League,2025/26,2025-10-23 19:00:00,Feyenoord,Panathinaikos FC,3.0,1.0,1481.175806538901,1511.2559433617844,1492.0394257451505,1500.3923241555349
Europa League,2025/26,2025-10-23 19:00:00,BSC Young Boys,Ludogorets,3.0,2.0,1519.5967530630096,1510.4821783825578,1529.334474680881,1500.7444567646864
Europa League,2025/26,2025-10-23 19:00:00,SC Freiburg,FC Utrecht,2.0,0.0,1508.793710971556,1524.5130473778268,1519.2458413796062,1514.0609169697766
Europa League,2025/26,2025-10-23 19:00:00,Maccabi Tel Aviv,FC Midtjylland,0.0,3.0,1497.9317152029369,1564.69533096076,1489.8300183330593,1572.7970278306375
Europa League,2025/26,2025-10-23 19:00:00,Celta Vigo,Nice,2.0,1.0,1483.740650112851,1468.951750195835,1493.3152482476794,1459.3771520610067
Bundesliga,2025/26,2025-10-24 18:30:00,SV Werder Bremen,1. FC Union Berlin,1.0,0.0,1491.0581249534714,1500.0509551811151,1501.3169016269935,1489.792178507593
Serie A,2025/26,2025-10-24 18:45:00,AC Milan,Pisa,2.0,2.0,1538.9740904281996,1462.9934396373665,1536.8214002464435,1465.1461298191225
Ligue 1,2025/26,2025-10-24 18:45:00,Paris FC,Nantes,1.0,2.0,1490.1779810360877,1473.2892015647474,1479.6922653958275,1483.7749172050076
La Liga,2025/26,2025-10-24 19:00:00,Real Sociedad,Sevilla,2.0,1.0,1464.000339577048,1501.5616830163062,1475.077249632858,1490.4847729604962
Premier League,2025/26,2025-10-24 19:00:00,Leeds United,West Ham United,2.0,1.0,1479.1991762177847,1455.8514974339525,1488.5281857290004,1446.522487922737
La Liga,2025/26,2025-10-25 12:00:00,Girona FC,Real Oviedo,3.0,3.0,1466.5243287135247,1456.766134742434,1466.2435391429024,1457.0469243130563
Serie A,2025/26,2025-10-25 13:00:00,Parma,Como,0.0,0.0,1480.5308126135044,1520.0325817132154,1481.6628911429757,1518.9005031837441
Serie A,2025/26,2025-10-25 13:00:00,Udinese,Lecce,3.0,2.0,1498.9246364576481,1482.3132942193745,1508.446887571295,1472.7910431057276
Bundesliga,2025/26,2025-10-25 13:30:00,FC Augsburg,RB Leipzig,0.0,6.0,1480.910023154734,1539.0845390871846,1472.5689459995265,1547.4256162423922
Bundesliga,2025/26,2025-10-25 13:30:00,Hamburger SV,VfL Wolfsburg,0.0,1.0,1491.4540442601644,1471.061273024032,1480.8677662327652,1481.6475510514313
Bundesliga,2025/26,2025-10-25 13:30:00,Eintracht Frankfurt,FC St. Pauli,2.0,0.0,1489.4819770558738,1478.2230964812325,1499.1580338095996,1468.5470397275067
Bundesliga,2025/26,2025-10-25 13:30:00,TSG Hoffenheim,1. FC Heidenheim,3.0,1.0,1500.9689175837293,1463.6096839870695,1509.8977576123827,1454.680843958416
Bundesliga,2025/26,2025-10-25 13:45:00,Borussia M'gladbach,FC Bayern München,0.0,3.0,1462.800861257353,1592.0303281781307,1456.3578431821536,1598.4733462533302
Premier League,2025/26,2025-10-25 14:00:00,Chelsea,Sunderland,1.0,2.0,1527.582091053371,1515.8138613798935,1517.2435036518737,1526.1524487813908
Premier League,2025/26,2025-10-25 14:00:00,Newcastle United,Fulham,2.0,1.0,1503.253419933538,1481.9042262003215,1512.6397129698514,1472.5179331640081
La Liga,2025/26,2025-10-25 14:15:00,Espanyol,Elche,1.0,0.0,1515.8838154514367,1514.2483647578858,1525.8367437442632,1504.2954364650593
Ligue 1,2025/26,2025-10-25 15:00:00,Stade Brestois,Paris Saint-Germain,0.0,3.0,1490.8633375170634,1563.7206781283166,1482.9301335507305,1571.6538820946496
Serie A,2025/26,2025-10-25 16:00:00,SSC Napoli,Inter,3.0,1.0,1512.75504801519,1557.7601993217938,1524.0432036265463,1546.4720437104374
La Liga,2025/26,2025-10-25 16:30:00,Athletic Club,Getafe,0.0,1.0,1501.8373018986326,1488.320194700615,1491.448444454722,1498.7090521445257
Bundesliga,2025/26,2025-10-25 16:30:00,Borussia Dortmund,1. FC Köln,1.0,0.0,1546.9308136031334,1508.1417163113624,1555.8189892055368,1499.253540708959
Premier League,2025/26,2025-10-25 16:30:00,Manchester United,Brighton & Hove Albion,4.0,2.0,1511.6715545710085,1510.3267380459336,1521.63284783327,1500.365444783672
Ligue 1,2025/26,2025-10-25 17:00:00,AS Monaco,Toulouse,1.0,0.0,1506.294012529264,1509.2948645766976,1516.3803818464328,1499.2084952595287
Serie A,2025/26,2025-10-25 18:45:00,Cremonese,Atalanta,1.0,1.0,1507.3298914429433,1519.749415955827,1507.687201916074,1519.3921054826965
La Liga,2025/26,2025-10-25 19:00:00,Valencia,Villarreal,0.0,2.0,1480.808900528481,1509.4985964782456,1471.63278459342,1518.6747124133067
Premier League,2025/26,2025-10-25 19:00:00,Brentford,Liverpool FC,3.0,2.0,1492.2349541957983,1521.7771734563776,1503.0832043218052,1510.9289233303707
Ligue 1,2025/26,2025-10-25 19:05:00,RC Lens,Olympique de Marseille,2.0,1.0,1529.63756364833,1528.9744137999812,1539.6184766845683,1518.9935007637428
Serie A,2025/26,2025-10-26 11:30:00,Torino,Genoa,2.0,1.0,1492.646478161883,1462.6940646892865,1501.7865078265397,1453.5540350246297
La Liga,2025/26,2025-10-26 13:00:00,Mallorca,Levante UD,1.0,1.0,1475.1536048065846,1474.8953199675416,1475.1461707727024,1474.9027540014238
Serie A,2025/26,2025-10-26 14:00:00,Hellas Verona,Cagliari,2.0,2.0,1472.6562663568563,1489.6866337425877,1473.1460475299166,1489.1968525695274
Premier League,2025/26,2025-10-26 14:00:00,Wolverhampton,Burnley,2.0,3.0,1446.9492955443632,1474.387696374251,1437.7373984438243,1483.5995934747898
Premier League,2025/26,2025-10-26 14:00:00,Aston Villa,Manchester City,1.0,0.0,1520.7481813620388,1548.2398875896126,1531.53780896639,1537.4502599852615
Premier League,2025/26,2025-10-26 14:00:00,Arsenal,Crystal Palace,1.0,0.0,1572.1396820260184,1519.5892487525211,1580.6385885207826,1511.090342257757
Premier League,2025/26,2025-10-26 14:00:00,Bournemouth,Nottingham Forest,2.0,0.0,1528.0142667333469,1466.0848854958958,1536.2504365615657,1457.848715667677
Ligue 1,2025/26,2025-10-26 14:00:00,Lille,Metz,6.0,1.0,1527.6441706540513,1446.0640953407558,1535.3383291564148,1438.3699368383923
Serie A,2025/26,2025-10-26 14:00:00,Sassuolo,AS Roma,0.0,1.0,1501.362354785613,1514.0372382845237,1491.7270055035117,1523.672587566625
Bundesliga,2025/26,2025-10-26 14:30:00,Bayer 04 Leverkusen,SC Freiburg,2.0,0.0,1519.973362787662,1519.2458413796062,1529.9524230689042,1509.266781098364
La Liga,2025/26,2025-10-26 15:15:00,Real Madrid,FC Barcelona,2.0,1.0,1586.2489378083178,1557.3105593904404,1595.4179450920935,1548.1415521066647
Ligue 1,2025/26,2025-10-26 16:15:00,Auxerre,Le Havre,0.0,1.0,1472.8555750263035,1472.3818687828616,1462.8419406730695,1482.3955031360956
Ligue 1,2025/26,2025-10-26 16:15:00,Angers,Lorient,2.0,0.0,1471.5569861452932,1482.1323497314922,1481.8612756089367,1471.8280602678487
Ligue 1,2025/26,2025-10-26 16:15:00,Stade Rennais,Nice,1.0,2.0,1507.5819020800125,1459.3771520610067,1496.2032925976653,1470.7557615433539
Bundesliga,2025/26,2025-10-26 16:30:00,VfB Stuttgart,1. FSV Mainz 05,2.0,1.0,1515.9746353121377,1463.8418113537573,1524.485292844648,1455.331153821247
Premier League,2025/26,2025-10-26 16:30:00,Everton,Tottenham Hotspur,0.0,3.0,1500.617416640427,1522.9970099154234,1491.2606637236797,1532.3537628321708
Serie A,2025/26,2025-10-26 17:00:00,Fiorentina,Bologna,2.0,2.0,1463.2727013075744,1519.589694364734,1464.8795860256337,1517.9828096466747
La Liga,2025/26,2025-10-26 17:30:00,Osasuna,Celta Vigo,2.0,3.0,1484.0268795064155,1493.3152482476794,1474.2941565767096,1503.0479711773853
Ligue 1,2025/26,2025-10-26 19:45:00,Olympique Lyonnais,RC Strasbourg,2.0,1.0,1540.340100879374,1526.840449363319,1549.9517450916542,1517.2288051510388
Serie A,2025/26,2025-10-26 19:45:00,Lazio,Juventus,1.0,0.0,1490.912005723714,1508.5920064498027,1501.4204382638413,1498.0835739096754
La Liga,2025/26,2025-10-26 20:00:00,Rayo Vallecano,Deportivo Alavés,1.0,0.0,1490.8795337794913,1499.4210105705483,1501.1253277271517,1489.175216622888
La Liga,2025/26,2025-10-27 20:00:00,Real Betis,Atlético Madrid,0.0,2.0,1535.79160793267,1522.5683035708762,1525.4111943029732,1532.9487172005731
Serie A,2025/26,2025-10-28 17:30:00,Lecce,SSC Napoli,0.0,1.0,1472.7910431057276,1524.0432036265463,1464.2555909787625,1532.5786557535114
Serie A,2025/26,2025-10-28 19:45:00,Atalanta,AC Milan,1.0,1.0,1519.3921054826965,1536.8214002464435,1519.8933405157245,1536.3201652134155
Serie A,2025/26,2025-10-29 17:30:00,Como,Hellas Verona,3.0,1.0,1518.9005031837441,1473.1460475299166,1527.5911446490982,1464.4554060645626
Serie A,2025/26,2025-10-29 17:30:00,AS Roma,Parma,2.0,1.0,1523.672587566625,1481.6628911429757,1532.4693096163737,1472.866169093227
Serie A,2025/26,2025-10-29 17:30:00,Juventus,Udinese,3.0,1.0,1498.0835739096754,1508.446887571295,1508.38176562455,1498.1486958564203
Ligue 1,2025/26,2025-10-29 18:00:00,Lorient,Paris Saint-Germain,1.0,1.0,1471.8280602678487,1571.6538820946496,1474.6247397685067,1568.8572025939916
Ligue 1,2025/26,2025-10-29 18:00:00,Nice,Lille,2.0,0.0,1470.7557615433539,1535.3383291564148,1482.5934798138085,1523.5006108859602
Ligue 1,2025/26,2025-10-29 18:00:00,Metz,RC Lens,2.0,0.0,1438.3699368383923,1539.6184766845683,1451.2043192657945,1526.784094257166
Ligue 1,2025/26,2025-10-29 18:00:00,Le Havre,Stade Brestois,1.0,0.0,1482.3955031360956,1482.9301335507305,1492.4108910242376,1472.9147456625885
Serie A,2025/26,2025-10-29 19:45:00,Genoa,Cremonese,0.0,2.0,1453.5540350246297,1507.687201916074,1445.0996260527108,1516.1416108879928
Serie A,2025/26,2025-10-29 19:45:00,Inter,Fiorentina,3.0,0.0,1546.4720437104374,1464.8795860256337,1554.1658647713668,1457.1857649647043
Serie A,2025/26,2025-10-29 19:45:00,Bologna,Torino,0.0,0.0,1517.9828096466747,1501.7865078265397,1517.5169799927671,1502.2523374804473
Ligue 1,2025/26,2025-10-29 20:05:00,RC Strasbourg,Auxerre,3.0,0.0,1517.2288051510388,1462.8419406730695,1525.6760873590633,1454.394658465045
Ligue 1,2025/26,2025-10-29 20:05:00,Nantes,AS Monaco,3.0,5.0,1483.7749172050076,1516.3803818464328,1474.7106325520494,1525.444666499391
Ligue 1,2025/26,2025-10-29 20:05:00,Olympique de Marseille,Angers,2.0,2.0,1518.9935007637428,1481.8612756089367,1517.9288001036487,1482.9259762690308
Ligue 1,2025/26,2025-10-29 20:05:00,Toulouse,Stade Rennais,2.0,2.0,1499.2084952595287,1496.2032925976653,1499.1220007309653,1496.2897871262287
Ligue 1,2025/26,2025-10-29 20:05:00,Paris FC,Olympique Lyonnais,3.0,3.0,1479.6922653958275,1549.9517450916542,1481.6873735459062,1547.9566369415754
Serie A,2025/26,2025-10-30 17:30:00,Cagliari,Sassuolo,1.0,2.0,1489.1968525695274,1491.7270055035117,1479.269674937566,1501.6541831354732
Serie A,2025/26,2025-10-30 19:45:00,Pisa,Lazio,0.0,0.0,1465.1461298191225,1501.4204382638413,1466.186411195866,1500.3801568870979
Bundesliga,2025/26,2025-10-31 19:30:00,FC Augsburg,Borussia Dortmund,0.0,1.0,1472.5689459995265,1555.8189892055368,1464.920246704559,1563.4676885005042
La Liga,2025/26,2025-10-31 20:00:00,Getafe,Girona FC,2.0,1.0,1498.7090521445257,1466.2435391429024,1507.7773298109246,1457.1752614765035
La Liga,2025/26,2025-11-01 13:00:00,Villarreal,Rayo Vallecano,4.0,0.0,1518.6747124133067,1501.1253277271517,1528.1700296582392,1491.6300104822192
Serie A,2025/26,2025-11-01 14:00:00,Udinese,Atalanta,1.0,0.0,1498.1486958564203,1519.8933405157245,1508.773741147089,1509.268295225056
Bundesliga,2025/26,2025-11-01 14:30:00,1. FSV Mainz 05,SV Werder Bremen,1.0,1.0,1455.331153821247,1501.3169016269935,1456.647054776879,1500.0010006713615
Bundesliga,2025/26,2025-11-01 14:30:00,FC St. Pauli,Borussia M'gladbach,0.0,4.0,1468.5470397275067,1456.3578431821536,1458.1963503182785,1466.7085325913818
Bundesliga,2025/26,2025-11-01 14:30:00,1. FC Union Berlin,SC Freiburg,0.0,0.0,1489.792178507593,1509.266781098364,1490.35211633278,1508.706843273177
Bundesliga,2025/26,2025-11-01 14:30:00,1. FC Heidenheim,Eintracht Frankfurt,1.0,1.0,1454.680843958416,1499.1580338095996,1455.9540528565387,1497.884824911477
Bundesliga,2025/26,2025-11-01 14:30:00,RB Leipzig,VfB Stuttgart,3.0,1.0,1547.4256162423922,1524.485292844648,1556.7662985094657,1515.1446105775744
Premier League,2025/26,2025-11-01 15:00:00,Fulham,Wolverhampton,3.0,0.0,1472.5179331640081,1437.7373984438243,1481.520199541322,1428.7351320665105
Premier League,2025/26,2025-11-01 15:00:00,Crystal Palace,Brentford,2.0,0.0,1511.090342257757,1503.0832043218052,1520.8599190960738,1493.3136274834883
Premier League,2025/26,2025-11-01 15:00:00,Burnley,Arsenal,0.0,2.0,1483.5995934747898,1580.6385885207826,1476.3221706732656,1587.9160113223068
Premier League,2025/26,2025-11-01 15:00:00,Nottingham Forest,Manchester United,2.0,2.0,1457.848715667677,1521.63284783327,1459.6642198864258,1519.8173436145212
Premier League,2025/26,2025-11-01 15:00:00,Brighton & Hove Albion,Leeds United,3.0,0.0,1500.365444783672,1488.5281857290004,1510.0248728479746,1478.8687576646978
La Liga,2025/26,2025-11-01 15:15:00,Atlético Madrid,Sevilla,3.0,0.0,1532.9487172005731,1490.4847729604962,1541.7325562812168,1481.7009338798525
Ligue 1,2025/26,2025-11-01 16:00:00,Paris Saint-Germain,Nice,1.0,0.0,1568.8572025939916,1482.5934798138085,1576.424125612338,1475.026556795462
Serie A,2025/26,2025-11-01 17:00:00,SSC Napoli,Como,0.0,0.0,1532.5786557535114,1527.5911446490982,1532.4351135043905,1527.734686898219
Premier League,2025/26,2025-11-01 17:30:00,Tottenham Hotspur,Chelsea,0.0,1.0,1532.3537628321708,1517.2435036518737,1521.9191286082398,1527.6781378758046
Bundesliga,2025/26,2025-11-01 17:30:00,FC Bayern München,Bayer 04 Leverkusen,3.0,0.0,1598.4733462533302,1529.9524230689042,1606.526333588909,1521.8994357333254
La Liga,2025/26,2025-11-01 17:30:00,Real Sociedad,Athletic Club,3.0,2.0,1475.077249632858,1491.448444454722,1485.5481020705317,1480.9775920170482
Ligue 1,2025/26,2025-11-01 18:00:00,AS Monaco,Paris FC,0.0,1.0,1525.444666499391,1481.6873735459062,1514.191847360826,1492.9401926844712
Serie A,2025/26,2025-11-01 19:45:00,Cremonese,Juventus,1.0,2.0,1516.1416108879928,1508.38176562455,1505.9183017179423,1518.6050747946006
Premier League,2025/26,2025-11-01 20:00:00,Liverpool FC,Aston Villa,2.0,0.0,1510.9289233303707,1531.53780896639,1521.5214000229214,1520.9453322738393
La Liga,2025/26,2025-11-01 20:00:00,Real Madrid,Valencia,4.0,0.0,1595.4179450920935,1471.63278459342,1601.998592916629,1465.0521367688846
Ligue 1,2025/26,2025-11-01 20:05:00,Auxerre,Olympique de Marseille,0.0,1.0,1454.394658465045,1517.9288001036487,1446.2032036314422,1526.1202549372515
Serie A,2025/26,2025-11-02 11:30:00,Hellas Verona,Inter,1.0,2.0,1464.4554060645626,1554.1658647713668,1456.9815874942728,1561.6396833416566
La Liga,2025/26,2025-11-02 13:00:00,Levante UD,Celta Vigo,1.0,2.0,1474.9027540014238,1503.0479711773853,1465.7110710851694,1512.2396540936397
Ligue 1,2025/26,2025-11-02 14:00:00,Stade Rennais,RC Strasbourg,4.0,1.0,1496.2897871262287,1525.6760873590633,1507.1335816629062,1514.8322928223859
Serie A,2025/26,2025-11-02 14:00:00,Fiorentina,Lecce,0.0,1.0,1457.1857649647043,1464.2555909787625,1447.389222833739,1474.0521331097277
Serie A,2025/26,2025-11-02 14:00:00,Torino,Pisa,2.0,2.0,1502.2523374804473,1466.186411195866,1501.217989287423,1467.2207593888902
Premier League,2025/26,2025-11-02 14:00:00,West Ham United,Newcastle United,3.0,1.0,1446.522487922737,1512.6397129698514,1458.4028505449667,1500.7593503476216
Bundesliga,2025/26,2025-11-02 14:30:00,1. FC Köln,Hamburger SV,4.0,1.0,1499.253540708959,1480.8677662327652,1508.7248489995727,1471.3964579421515
La Liga,2025/26,2025-11-02 15:15:00,Deportivo Alavés,Espanyol,2.0,1.0,1489.175216622888,1525.8367437442632,1500.2265211563604,1514.7854392107909
Ligue 1,2025/26,2025-11-02 16:15:00,RC Lens,Lorient,3.0,0.0,1526.784094257166,1474.6247397685067,1535.2940051260728,1466.1148288996
Ligue 1,2025/26,2025-11-02 16:15:00,Nantes,Metz,0.0,2.0,1474.7106325520494,1451.2043192657945,1464.03509689165,1461.879854926194
Ligue 1,2025/26,2025-11-02 16:15:00,Toulouse,Le Havre,0.0,0.0,1499.1220007309653,1492.4108910242376,1498.9288634864215,1492.6040282687813
Ligue 1,2025/26,2025-11-02 16:15:00,Lille,Angers,1.0,0.0,1523.5006108859602,1482.9259762690308,1532.3380593071963,1474.0885278477947
Bundesliga,2025/26,2025-11-02 16:30:00,VfL Wolfsburg,TSG Hoffenheim,2.0,3.0,1481.6475510514313,1509.8977576123827,1472.4588701551925,1519.0864385086215
Premier League,2025/26,2025-11-02 16:30:00,Manchester City,Bournemouth,3.0,1.0,1537.4502599852615,1536.2504365615657,1547.4157264284206,1526.2849701184066
Serie A,2025/26,2025-11-02 17:00:00,Parma,Bologna,1.0,3.0,1472.866169093227,1517.5169799927671,1464.1442938857328,1526.2388552002612
La Liga,2025/26,2025-11-02 17:30:00,FC Barcelona,Elche,3.0,1.0,1548.1415521066647,1504.2954364650593,1556.8862166523252,1495.5507719193988
Serie A,2025/26,2025-11-02 19:45:00,AC Milan,AS Roma,1.0,0.0,1536.3201652134155,1532.4693096163737,1546.2093332181887,1522.5801416116005
Ligue 1,2025/26,2025-11-02 19:45:00,Stade Brestois,Olympique Lyonnais,0.0,0.0,1472.9147456625885,1547.9566369415754,1475.0416533517932,1545.8297292523707
La Liga,2025/26,2025-11-02 20:00:00,Real Betis,Mallorca,3.0,0.0,1525.4111943029732,1475.1461707727024,1533.974460604325,1466.5829044713505
Serie A,2025/26,2025-11-03 17:30:00,Sassuolo,Genoa,1.0,2.0,1501.6541831354732,1445.0996260527108,1490.0406380612371,1456.713171126947
Serie A,2025/26,2025-11-03 19:45:00,Lazio,Cagliari,2.0,0.0,1500.3801568870979,1479.269674937566,1509.773295010935,1469.8765368137288
La Liga,2025/26,2025-11-03 20:00:00,Real Oviedo,Osasuna,0.0,0.0,1457.0469243130563,1474.2941565767096,1457.5429321945323,1473.7981486952335
Premier League,2025/26,2025-11-03 20:00:00,Sunderland,Everton,1.0,1.0,1526.1524487813908,1491.2606637236797,1525.1515450934248,1492.2615674116457
Champions League,2025/26,2025-11-04 17:45:00,SSC Napoli,Eintracht Frankfurt,0.0,0.0,1532.4351135043905,1497.884824911477,1531.4439413607267,1498.8759970551407
Champions League,2025/26,2025-11-04 17:45:00,SK Slavia Praha,Arsenal,0.0,3.0,1491.4295443032781,1587.9160113223068,1484.137390902045,1595.20816472354
Champions League,2025/26,2025-11-04 20:00:00,Atlético Madrid,Royale Union Saint-Gilloise,3.0,1.0,1541.7325562812168,1490.6450928042725,1550.2726474158267,1482.1050016696627
Champions League,2025/26,2025-11-04 20:00:00,Paris Saint-Germain,FC Bayern München,1.0,2.0,1576.424125612338,1606.526333588909,1567.2883753359931,1615.6620838652539
Champions League,2025/26,2025-11-04 20:00:00,Juventus,Sporting CP,1.0,1.0,1518.6050747946006,1512.1274475800046,1518.418655295803,1512.313867078802
Champions League,2025/26,2025-11-04 20:00:00,Tottenham Hotspur,FC København,4.0,0.0,1521.9191286082398,1519.1785164505645,1531.8402490855074,1509.257395973297
Champions League,2025/26,2025-11-04 20:00:00,Bodø/Glimt,AS Monaco,0.0,1.0,1490.23313113254,1514.191847360826,1480.9216274268822,1523.5033510664837
Champions League,2025/26,2025-11-04 20:00:00,Olympiacos FC,PSV Eindhoven,1.0,1.0,1483.8054911506263,1501.568949257803,1484.3163195484597,1501.0581208599697
Champions League,2025/26,2025-11-04 20:00:00,Liverpool FC,Real Madrid,1.0,0.0,1521.5214000229214,1601.998592916629,1533.7971638705185,1589.7228290690318
Champions League,2025/26,2025-11-05 17:45:00,Qarabağ FK,Chelsea,2.0,2.0,1546.2212057441654,1527.6781378758046,1545.6879995297822,1528.2113440901878
Champions League,2025/26,2025-11-05 17:45:00,Pafos FC,Villarreal,1.0,0.0,1528.1975005609936,1528.1700296582392,1538.1967098848556,1518.1708203343771
Champions League,2025/26,2025-11-05 20:00:00,Inter,FC Kairat Almaty,2.0,1.0,1561.6396833416566,1509.5663628283116,1570.1520155747653,1501.054030595203
Champions League,2025/26,2025-11-05 20:00:00,Olympique de Marseille,Atalanta,0.0,1.0,1526.1202549372515,1509.268295225056,1515.635596560109,1519.7529536021984
Champions League,2025/26,2025-11-05 20:00:00,Newcastle United,Athletic Club,2.0,0.0,1500.7593503476216,1480.9775920170482,1510.1906000262534,1471.5463423384165
Champions League,2025/26,2025-11-05 20:00:00,AFC Ajax,Galatasaray,0.0,3.0,1471.5137123106613,1511.787759479555,1462.6677283595127,1520.6337434307036
Champions League,2025/26,2025-11-05 20:00:00,Benfica,Bayer 04 Leverkusen,0.0,1.0,1497.3637336418599,1521.8994357333254,1488.068756297871,1531.1944130773143
Champions League,2025/26,2025-11-05 20:00:00,Club Brugge KV,FC Barcelona,3.0,3.0,1528.432986222759,1556.8862166523252,1529.250110083171,1556.0690927919131
Champions League,2025/26,2025-11-05 20:00:00,Manchester City,Borussia Dortmund,4.0,1.0,1547.4157264284206,1563.4676885005042,1557.8774105854418,1553.006004343483
Europa League,2025/26,2025-11-06 17:45:00,Malmö FF,Panathinaikos FC,0.0,1.0,1523.6264117013952,1500.3923241555349,1512.9586759826911,1511.060059874239
Europa League,2025/26,2025-11-06 17:45:00,Red Bull Salzburg,Go Ahead Eagles,2.0,0.0,1463.6375081191902,1512.102689453831,1475.0234701933873,1500.716727379634
Europa League,2025/26,2025-11-06 17:45:00,Basel,FCSB,3.0,1.0,1484.2297624534876,1500.3141247751319,1494.692377172885,1489.8515100557345
Europa League,2025/26,2025-11-06 17:45:00,FC Utrecht,FC Porto,1.0,1.0,1514.0609169697766,1508.1117703144541,1513.8897034975319,1508.2829837866989
Europa League,2025/26,2025-11-06 17:45:00,FK Crvena Zvezda,Lille,1.0,0.0,1500.9278481059655,1532.3380593071963,1511.8294516600083,1521.4364557531535
Europa League,2025/26,2025-11-06 17:45:00,FC Midtjylland,Celtic,3.0,1.0,1572.7970278306375,1494.326719405127,1580.5761066517873,1486.5476405839772
Europa League,2025/26,2025-11-06 17:45:00,SK Sturm Graz,Nottingham Forest,0.0,0.0,1491.080015300673,1459.6642198864258,1490.1782523268191,1460.5659828602797
Europa League,2025/26,2025-11-06 17:45:00,GNK Dinamo Zagreb,Celta Vigo,0.0,3.0,1519.821134041578,1512.2396540936397,1509.6029561363052,1522.4578319989125
Europa League,2025/26,2025-11-06 17:45:00,Nice,SC Freiburg,1.0,3.0,1475.026556795462,1508.706843273177,1465.9929281668815,1517.7404719017575
Europa League,2025/26,2025-11-06 20:00:00,Real Betis,Olympique Lyonnais,2.0,0.0,1533.974460604325,1545.8297292523707,1544.3155502956342,1535.4886395610615
Europa League,2025/26,2025-11-06 20:00:00,FC Viktoria Plzeň,Fenerbahçe,0.0,0.0,1523.7255666102,1502.3901490602207,1523.1122546644997,1503.003461005921
Europa League,2025/26,2025-11-06 20:00:00,VfB Stuttgart,Feyenoord,2.0,0.0,1515.1446105775744,1492.0394257451505,1524.4805685261958,1482.7034677965291
Europa League,2025/26,2025-11-06 20:00:00,Aston Villa,Maccabi Tel Aviv,2.0,0.0,1520.9453322738393,1489.8300183330593,1530.0521481909393,1480.7232024159593
Europa League,2025/26,2025-11-06 20:00:00,Sporting Braga,KRC Genk,3.0,4.0,1573.8090003047362,1501.3265496620324,1561.752535852626,1513.3830141141427
Europa League,2025/26,2025-11-06 20:00:00,Bologna,SK Brann,0.0,0.0,1526.2388552002612,1521.977421449545,1526.1162074277056,1522.1000692221007
Europa League,2025/26,2025-11-06 20:00:00,PAOK,BSC Young Boys,4.0,0.0,1509.5544183347542,1529.334474680881,1520.1231198275204,1518.7657731881147
Europa League,2025/26,2025-11-06 20:00:00,Ferencváros TC,Ludogorets,3.0,1.0,1547.6618919986042,1500.7444567646864,1556.319648628541,1492.0867001347497
Europa League,2025/26,2025-11-06 20:00:00,Rangers,AS Roma,0.0,2.0,1461.4553027656157,1522.5801416116005,1453.1966876424212,1530.838756734795
Bundesliga,2025/26,2025-11-07 19:30:00,SV Werder Bremen,VfL Wolfsburg,2.0,1.0,1500.0010006713615,1472.4588701551925,1509.209930805057,1463.249940021497
Serie A,2025/26,2025-11-07 19:45:00,Pisa,Cremonese,1.0,0.0,1467.2207593888902,1505.9183017179423,1478.3299811213062,1494.8090799855263
Ligue 1,2025/26,2025-11-07 19:45:00,Paris FC,Stade Rennais,0.0,1.0,1492.9401926844712,1507.1335816629062,1483.3484841542072,1516.7252901931702
La Liga,2025/26,2025-11-07 20:00:00,Elche,Real Sociedad,1.0,1.0,1495.5507719193988,1485.5481020705317,1495.2629514552928,1485.8359225346378
Premier League,2025/26,2025-11-08 12:30:00,Tottenham Hotspur,Manchester United,2.0,2.0,1531.8402490855074,1519.8173436145212,1531.494340111748,1520.1632525882806
La Liga,2025/26,2025-11-08 13:00:00,Girona FC,Deportivo Alavés,1.0,0.0,1457.1752614765035,1500.2265211563604,1468.4080732315047,1488.9937094013592
Serie A,2025/26,2025-11-08 14:00:00,Como,Cagliari,0.0,0.0,1527.734686898219,1469.8765368137288,1526.0846205376117,1471.526603174336
Serie A,2025/26,2025-11-08 14:00:00,Lecce,Hellas Verona,0.0,0.0,1474.0521331097277,1456.9815874942728,1473.5611982948874,1457.4725223091132
Bundesliga,2025/26,2025-11-08 14:30:00,TSG Hoffenheim,RB Leipzig,3.0,1.0,1519.0864385086215,1556.7662985094657,1530.16672006063,1545.6860169574572
Bundesliga,2025/26,2025-11-08 14:30:00,1. FC Union Berlin,FC Bayern München,2.0,2.0,1490.35211633278,1615.6620838652539,1493.8101663514997,1612.2040338465342
Bundesliga,2025/26,2025-11-08 14:30:00,Hamburger SV,Borussia Dortmund,1.0,1.0,1471.3964579421515,1553.006004343483,1473.703102569738,1550.6993597158967
Bundesliga,2025/26,2025-11-08 14:30:00,Bayer 04 Leverkusen,1. FC Heidenheim,6.0,0.0,1531.1944130773143,1455.9540528565387,1539.062052069634,1448.086413864219
Premier League,2025/26,2025-11-08 15:00:00,Everton,Fulham,2.0,0.0,1492.2615674116457,1481.520199541322,1501.9525044544296,1471.8292624985381
Premier League,2025/26,2025-11-08 15:00:00,West Ham United,Burnley,3.0,2.0,1458.4028505449667,1476.3221706732656,1468.9181532033435,1465.8068680148888
La Liga,2025/26,2025-11-08 15:15:00,Sevilla,Osasuna,1.0,0.0,1481.7009338798525,1473.7981486952335,1491.4735126577648,1464.0255699173213
Ligue 1,2025/26,2025-11-08 16:00:00,Olympique de Marseille,Stade Brestois,3.0,0.0,1515.635596560109,1475.0416533517932,1524.4724967500058,1466.2047531618964
Serie A,2025/26,2025-11-08 17:00:00,Juventus,Torino,0.0,0.0,1518.418655295803,1501.217989287423,1517.9239844103533,1501.7126601728728
Premier League,2025/26,2025-11-08 17:30:00,Sunderland,Arsenal,2.0,2.0,1525.1515450934248,1595.20816472354,1527.1410462191184,1593.2186635978464
Bundesliga,2025/26,2025-11-08 17:30:00,Borussia M'gladbach,1. FC Köln,3.0,1.0,1466.7085325913818,1508.7248489995727,1477.9119983209098,1497.5213832700447
La Liga,2025/26,2025-11-08 17:30:00,Atlético Madrid,Levante UD,3.0,1.0,1550.2726474158267,1465.7110710851694,1557.8857165418422,1458.0980019591539
Ligue 1,2025/26,2025-11-08 18:00:00,Le Havre,Nantes,1.0,1.0,1492.6040282687813,1464.03509689165,1491.7835965926029,1464.8555285678285
Serie A,2025/26,2025-11-08 19:45:00,Parma,AC Milan,2.0,2.0,1464.1442938857328,1546.2093332181887,1466.4633473547688,1543.8902797491528
La Liga,2025/26,2025-11-08 20:00:00,Espanyol,Villarreal,0.0,2.0,1514.7854392107909,1518.1708203343771,1504.8828752285283,1528.0733843166397
Premier League,2025/26,2025-11-08 20:00:00,Chelsea,Wolverhampton,3.0,0.0,1528.2113440901878,1428.7351320665105,1535.4239427402626,1421.5225334164356
Ligue 1,2025/26,2025-11-08 20:05:00,AS Monaco,RC Lens,1.0,4.0,1523.5033510664837,1535.2940051260728,1513.8425831523607,1544.9547730401957
Serie A,2025/26,2025-11-09 11:30:00,Atalanta,Sassuolo,0.0,3.0,1519.7529536021984,1490.0406380612371,1508.8998431403368,1500.8937485230988
La Liga,2025/26,2025-11-09 13:00:00,Athletic Club,Real Oviedo,1.0,0.0,1471.5463423384165,1457.5429321945323,1481.1435099051055,1447.9457646278433
Serie A,2025/26,2025-11-09 14:00:00,Bologna,SSC Napoli,2.0,0.0,1526.1162074277056,1531.4439413607267,1536.2695399185884,1521.290608869844
Premier League,2025/26,2025-11-09 14:00:00,Brentford,Newcastle United,3.0,1.0,1493.3136274834883,1510.1906000262534,1503.7990040941947,1499.705223415547
Ligue 1,2025/26,2025-11-09 14:00:00,Lorient,Toulouse,1.0,1.0,1466.1148288996,1498.9288634864215,1467.0564944761195,1497.987197909902
Premier League,2025/26,2025-11-09 14:00:00,Crystal Palace,Brighton & Hove Albion,0.0,0.0,1520.8599190960738,1510.0248728479746,1520.5481624564022,1510.3366294876462
Serie A,2025/26,2025-11-09 14:00:00,Genoa,Fiorentina,2.0,2.0,1456.713171126947,1447.389222833739,1456.4448707291926,1447.6575232314933
Premier League,2025/26,2025-11-09 14:00:00,Nottingham Forest,Leeds United,3.0,1.0,1460.5659828602797,1478.8687576646978,1471.0922922944312,1468.3424482305463
Premier League,2025/26,2025-11-09 14:00:00,Aston Villa,Bournemouth,4.0,0.0,1530.0521481909393,1526.2849701184066,1539.9437243390055,1516.3933939703404
Bundesliga,2025/26,2025-11-09 14:30:00,SC Freiburg,FC St. Pauli,2.0,1.0,1517.7404719017575,1458.1963503182785,1526.043238748959,1449.893583471077
La Liga,2025/26,2025-11-09 15:15:00,Rayo Vallecano,Real Madrid,0.0,0.0,1491.6300104822192,1589.7228290690318,1494.3806476038446,1586.9721919474064
Ligue 1,2025/26,2025-11-09 16:15:00,Angers,Auxerre,2.0,0.0,1474.0885278477947,1446.2032036314422,1483.2876426580542,1437.0040888211827
Ligue 1,2025/26,2025-11-09 16:15:00,Metz,Nice,2.0,1.0,1461.879854926194,1465.9929281668815,1471.9982331602514,1455.874549932824
Ligue 1,2025/26,2025-11-09 16:15:00,RC Strasbourg,Lille,2.0,0.0,1514.8322928223859,1521.4364557531535,1525.0223530213036,1511.2463955542357
Premier League,2025/26,2025-11-09 16:30:00,Manchester City,Liverpool FC,3.0,0.0,1557.8774105854418,1533.7971638705185,1567.1854330276262,1524.489141428334
Bundesliga,2025/26,2025-11-09 16:30:00,VfB Stuttgart,FC Augsburg,3.0,2.0,1524.4805685261958,1464.920246704559,1532.7828825283186,1456.6179327024363
Serie A,2025/26,2025-11-09 17:00:00,AS Roma,Udinese,2.0,0.0,1530.838756734795,1508.773741147089,1540.2045269843475,1499.4079708975364
La Liga,2025/26,2025-11-09 17:30:00,Valencia,Real Betis,1.0,1.0,1465.0521367688846,1544.3155502956342,1467.2947483538662,1542.0729387106526
La Liga,2025/26,2025-11-09 17:30:00,Mallorca,Getafe,1.0,0.0,1466.5829044713505,1507.7773298109246,1477.7630502947027,1496.5971839875724
Bundesliga,2025/26,2025-11-09 18:30:00,Eintracht Frankfurt,1. FSV Mainz 05,1.0,0.0,1498.8759970551407,1456.647054776879,1507.6665005418693,1447.8565512901505
Serie A,2025/26,2025-11-09 19:45:00,Inter,Lazio,2.0,0.0,1570.1520155747653,1509.773295010935,1578.4314622537972,1501.493848331903
Ligue 1,2025/26,2025-11-09 19:45:00,Olympique Lyonnais,Paris Saint-Germain,2.0,3.0,1535.4886395610615,1567.2883753359931,1526.4013622685688,1576.3756526284858
La Liga,2025/26,2025-11-09 20:00:00,Celta Vigo,FC Barcelona,2.0,4.0,1522.4578319989125,1556.0690927919131,1513.422235167106,1565.1046896237197
Bundesliga,2025/26,2025-11-21 19:30:00,1. FSV Mainz 05,TSG Hoffenheim,1.0,1.0,1447.8565512901505,1530.16672006063,1450.1822796186864,1527.8409917320942
Ligue 1,2025/26,2025-11-21 19:45:00,Nice,Olympique de Marseille,1.0,5.0,1455.874549932824,1524.4724967500058,1447.823695383275,1532.5233512995549
La Liga,2025/26,2025-11-21 20:00:00,Valencia,Levante UD,1.0,0.0,1467.2947483538662,1458.0980019591539,1477.030106521334,1448.3626437916862
Premier League,2025/26,2025-11-22 12:30:00,Burnley,Chelsea,0.0,2.0,1465.8068680148888,1535.4239427402626,1457.7842157146201,1543.4465950405313
La Liga,2025/26,2025-11-22 13:00:00,Deportivo Alavés,Celta Vigo,0.0,1.0,1488.9937094013592,1513.422235167106,1479.6956625412126,1522.7202820272526
Serie A,2025/26,2025-11-22 14:00:00,Cagliari,Genoa,3.0,3.0,1471.526603174336,1456.4448707291926,1471.0927884677174,1456.8786854358113
Serie A,2025/26,2025-11-22 14:00:00,Udinese,Bologna,0.0,3.0,1499.4079708975364,1536.2695399185884,1490.4649691183113,1545.2125416978135
Bundesliga,2025/26,2025-11-22 14:30:00,FC Augsburg,Hamburger SV,1.0,0.0,1456.6179327024363,1473.703102569738,1467.1092874217243,1463.21174785045
Bundesliga,2025/26,2025-11-22 14:30:00,1. FC Heidenheim,Borussia M'gladbach,0.0,3.0,1448.086413864219,1477.9119983209098,1438.9427606501893,1487.0556515349394
Bundesliga,2025/26,2025-11-22 14:30:00,Borussia Dortmund,VfB Stuttgart,3.0,3.0,1550.6993597158967,1532.7828825283186,1550.1841386666863,1533.298103577529
Bundesliga,2025/26,2025-11-22 14:30:00,FC Bayern München,SC Freiburg,6.0,2.0,1612.2040338465342,1526.043238748959,1619.7737441867819,1518.4735284087114
Bundesliga,2025/26,2025-11-22 14:30:00,VfL Wolfsburg,Bayer 04 Leverkusen,1.0,3.0,1463.249940021497,1539.062052069634,1455.3980035814866,1546.9139885096445
Premier League,2025/26,2025-11-22 15:00:00,Liverpool FC,Nottingham Forest,0.0,3.0,1524.489141428334,1471.0922922944312,1512.9642438085543,1482.617189914211
Premier League,2025/26,2025-11-22 15:00:00,Brighton & Hove Albion,Brentford,2.0,1.0,1510.3366294876462,1503.7990040941947,1520.1484837081518,1493.987149873689
Premier League,2025/26,2025-11-22 15:00:00,Bournemouth,West Ham United,2.0,2.0,1516.3933939703404,1468.9181532033435,1515.0353883251755,1470.2761588485084
Premier League,2025/26,2025-11-22 15:00:00,Fulham,Sunderland,1.0,0.0,1471.8292624985381,1527.1410462191184,1483.4079489886933,1515.5623597289632
Premier League,2025/26,2025-11-22 15:00:00,Wolverhampton,Crystal Palace,0.0,2.0,1421.5225334164356,1520.5481624564022,1414.2979692531642,1527.7727266196737
La Liga,2025/26,2025-11-22 15:15:00,FC Barcelona,Athletic Club,4.0,0.0,1565.1046896237197,1481.1435099051055,1572.7340616985266,1473.5141378302985
Ligue 1,2025/26,2025-11-22 16:00:00,RC Lens,RC Strasbourg,1.0,0.0,1544.9547730401957,1525.0223530213036,1554.3817004609566,1515.5954256005427
Serie A,2025/26,2025-11-22 17:00:00,Fiorentina,Juventus,1.0,1.0,1447.6575232314933,1517.9239844103533,1449.6528243255748,1515.9286833162719
Premier League,2025/26,2025-11-22 17:30:00,Newcastle United,Manchester City,2.0,1.0,1499.705223415547,1567.1854330276262,1511.623400723818,1555.2672557193553
Bundesliga,2025/26,2025-11-22 17:30:00,1. FC Köln,Eintracht Frankfurt,3.0,4.0,1497.5213832700447,1507.6665005418693,1487.8133002555505,1517.3745835563634
La Liga,2025/26,2025-11-22 17:30:00,Osasuna,Real Sociedad,1.0,3.0,1464.0255699173213,1485.8359225346378,1454.65249902408,1495.208993427879
Ligue 1,2025/26,2025-11-22 18:00:00,Stade Rennais,AS Monaco,4.0,1.0,1516.7252901931702,1513.8425831523607,1526.6423211188303,1503.9255522267006
Serie A,2025/26,2025-11-22 19:45:00,SSC Napoli,Atalanta,3.0,1.0,1521.290608869844,1508.8998431403368,1530.9341250866926,1499.2563269234881
La Liga,2025/26,2025-11-22 20:00:00,Villarreal,Mallorca,2.0,1.0,1528.0733843166397,1477.7630502947027,1536.635373421269,1469.2010611900735
Ligue 1,2025/26,2025-11-22 20:05:00,Paris Saint-Germain,Le Havre,3.0,0.0,1576.3756526284858,1491.7835965926029,1583.9878944776804,1484.1713547434083
Serie A,2025/26,2025-11-23 11:30:00,Hellas Verona,Parma,1.0,2.0,1457.4725223091132,1466.4633473547688,1447.7312413074978,1476.204628356384
La Liga,2025/26,2025-11-23 13:00:00,Real Oviedo,Rayo Vallecano,0.0,0.0,1447.9457646278433,1494.3806476038446,1449.2743667192628,1493.0520455124251
Ligue 1,2025/26,2025-11-23 14:00:00,Auxerre,Olympique Lyonnais,0.0,0.0,1437.0040888211827,1526.4013622685688,1439.5218293839864,1523.883621705765
Serie A,2025/26,2025-11-23 14:00:00,Cremonese,AS Roma,1.0,3.0,1494.8090799855263,1540.2045269843475,1486.1082812025184,1548.9053257673554
Premier League,2025/26,2025-11-23 14:00:00,Leeds United,Aston Villa,1.0,2.0,1468.3424482305463,1539.9437243390055,1460.3746103985804,1547.9115621709714
Bundesliga,2025/26,2025-11-23 14:30:00,RB Leipzig,SV Werder Bremen,2.0,0.0,1545.6860169574572,1509.209930805057,1554.6399911484536,1500.2559566140606
La Liga,2025/26,2025-11-23 15:15:00,Real Betis,Girona FC,1.0,1.0,1542.0729387106526,1468.4080732315047,1539.9839038004325,1470.4971081417248
Ligue 1,2025/26,2025-11-23 16:15:00,Nantes,Lorient,1.0,1.0,1464.8555285678285,1467.0564944761195,1464.9188766115606,1466.9931464323874
Ligue 1,2025/26,2025-11-23 16:15:00,Stade Brestois,Metz,3.0,2.0,1466.2047531618964,1471.9982331602514,1476.3714874669336,1461.8314988552142
Ligue 1,2025/26,2025-11-23 16:15:00,Toulouse,Angers,0.0,1.0,1497.987197909902,1483.2876426580542,1487.564362965288,1493.7104776026683
Premier League,2025/26,2025-11-23 16:30:00,Arsenal,Tottenham Hotspur,4.0,1.0,1593.2186635978464,1531.494340111748,1601.4605524392061,1523.2524512703883
Bundesliga,2025/26,2025-11-23 16:30:00,FC St. Pauli,1. FC Union Berlin,0.0,1.0,1449.893583471077,1493.8101663514997,1441.150915122838,1502.5528346997387
Serie A,2025/26,2025-11-23 17:00:00,Lazio,Lecce,2.0,0.0,1501.493848331903,1473.5611982948874,1510.691609747362,1464.3634368794285
La Liga,2025/26,2025-11-23 17:30:00,Getafe,Atlético Madrid,0.0,1.0,1496.5971839875724,1557.8857165418422,1488.3431371008617,1566.139763428553
Ligue 1,2025/26,2025-11-23 19:45:00,Lille,Paris FC,4.0,2.0,1511.2463955542357,1483.3484841542072,1520.4451504010501,1474.1497293073928
Serie A,2025/26,2025-11-23 19:45:00,Inter,AC Milan,0.0,1.0,1578.4314622537972,1543.8902797491528,1567.4405496302238,1554.8811923727262
La Liga,2025/26,2025-11-23 20:00:00,Elche,Real Madrid,2.0,2.0,1495.2629514552928,1586.9721919474064,1497.8429123957349,1584.3922310069643
Serie A,2025/26,2025-11-24 17:30:00,Torino,Como,1.0,5.0,1501.7126601728728,1526.0846205376117,1492.4129932332992,1535.3842874771854
Serie A,2025/26,2025-11-24 19:45:00,Sassuolo,Pisa,2.0,2.0,1500.8937485230988,1478.3299811213062,1500.2452225964569,1478.9785070479481
Premier League,2025/26,2025-11-24 20:00:00,Manchester United,Everton,0.0,1.0,1520.1632525882806,1501.9525044544296,1509.6395845943339,1512.4761724483762
La Liga,2025/26,2025-11-24 20:00:00,Espanyol,Sevilla,2.0,1.0,1504.8828752285283,1491.4735126577648,1514.4971142722793,1481.8592736140138
Champions League,2025/26,2025-11-25 17:45:00,Galatasaray,Royale Union Saint-Gilloise,0.0,1.0,1520.6337434307036,1482.1050016696627,1509.5293206501194,1493.2094244502468
Champions League,2025/26,2025-11-25 17:45:00,AFC Ajax,Benfica,0.0,2.0,1462.6677283595127,1488.068756297871,1453.3975288960007,1497.338955761383
Champions League,2025/26,2025-11-25 20:00:00,SK Slavia Praha,Athletic Club,0.0,0.0,1484.137390902045,1473.5141378302985,1483.8317243502534,1473.81980438209
Champions League,2025/26,2025-11-25 20:00:00,Olympique de Marseille,Newcastle United,2.0,1.0,1532.5233512995549,1511.623400723818,1541.9225269084052,1502.2242251149676
Champions League,2025/26,2025-11-25 20:00:00,SSC Napoli,Qarabağ FK,2.0,0.0,1530.9341250866926,1545.6879995297822,1541.3585206577266,1535.2636039587483
Champions League,2025/26,2025-11-25 20:00:00,Borussia Dortmund,Villarreal,4.0,0.0,1550.1841386666863,1536.635373421269,1559.7943714119658,1527.0251406759894
Champions League,2025/26,2025-11-25 20:00:00,Bodø/Glimt,Juventus,2.0,3.0,1480.9216274268822,1515.9286833162719,1471.9258155292898,1524.9244952138642
Champions League,2025/26,2025-11-25 20:00:00,Manchester City,Bayer 04 Leverkusen,0.0,2.0,1555.2672557193553,1546.9139885096445,1545.0268756777284,1557.1543685512713
Champions League,2025/26,2025-11-25 20:00:00,Chelsea,FC Barcelona,3.0,0.0,1543.4465950405313,1572.7340616985266,1554.2875651042025,1561.8930916348554
Champions League,2025/26,2025-11-26 17:45:00,FC København,FC Kairat Almaty,3.0,2.0,1509.257395973297,1501.054030595203,1519.0213280046191,1491.2900985638807
Champions League,2025/26,2025-11-26 17:45:00,Pafos FC,AS Monaco,2.0,2.0,1538.1967098848556,1503.9255522267006,1537.2134934789851,1504.908768632571
Champions League,2025/26,2025-11-26 20:00:00,Atlético Madrid,Inter,2.0,1.0,1566.139763428553,1567.4405496302238,1576.1772028900843,1557.4031101686924
Champions League,2025/26,2025-11-26 20:00:00,Sporting CP,Club Brugge KV,3.0,0.0,1512.313867078802,1529.250110083171,1522.8009455973825,1518.7630315645906
Champions League,2025/26,2025-11-26 20:00:00,Arsenal,FC Bayern München,3.0,1.0,1601.4605524392061,1619.7737441867819,1611.9871608660947,1609.2471357598934
Champions League,2025/26,2025-11-26 20:00:00,Olympiacos FC,Real Madrid,3.0,4.0,1484.3163195484597,1584.3922310069643,1477.1196328728286,1591.5889176825954
Champions League,2025/26,2025-11-26 20:00:00,Eintracht Frankfurt,Atalanta,0.0,3.0,1517.3745835563634,1499.2563269234881,1506.8535704184756,1509.777340061376
Champions League,2025/26,2025-11-26 20:00:00,Paris Saint-Germain,Tottenham Hotspur,5.0,3.0,1583.9878944776804,1523.2524512703883,1592.2573795603123,1514.9829661877563
Champions League,2025/26,2025-11-26 20:00:00,Liverpool FC,PSV Eindhoven,1.0,4.0,1512.9642438085543,1501.0581208599697,1502.6216921230312,1511.4006725454929
Europa League,2025/26,2025-11-27 17:45:00,Feyenoord,Celtic,1.0,3.0,1482.7034677965291,1486.5476405839772,1472.8141074686205,1496.437000911886
Europa League,2025/26,2025-11-27 17:45:00,FC Viktoria Plzeň,SC Freiburg,0.0,0.0,1523.1122546644997,1518.4735284087114,1522.978749323113,1518.607033750098
Europa League,2025/26,2025-11-27 17:45:00,PAOK,SK Brann,1.0,1.0,1520.1231198275204,1522.1000692221007,1520.1800203909931,1522.043168658628
Europa League,2025/26,2025-11-27 17:45:00,Ludogorets,Celta Vigo,3.0,2.0,1492.0867001347497,1522.7202820272526,1502.9661277746964,1511.8408543873059
Europa League,2025/26,2025-11-27 17:45:00,Lille,GNK Dinamo Zagreb,4.0,0.0,1520.4451504010501,1509.6029561363052,1530.133188225013,1499.9149183123423
Europa League,2025/26,2025-11-27 17:45:00,Fenerbahçe,Ferencváros TC,1.0,1.0,1503.003461005921,1556.319648628541,1504.5260909055808,1554.7970187288813
Europa League,2025/26,2025-11-27 17:45:00,FC Porto,Nice,3.0,0.0,1508.2829837866989,1447.823695383275,1516.5601802740564,1439.5464988959175
Europa League,2025/26,2025-11-27 17:45:00,AS Roma,FC Midtjylland,2.0,1.0,1548.9053257673554,1580.5761066517873,1559.8143676503548,1569.667064768788
Europa League,2025/26,2025-11-27 17:45:00,Aston Villa,BSC Young Boys,2.0,1.0,1547.9115621709714,1518.7657731881147,1557.0746412176861,1509.6026941414
Europa League,2025/26,2025-11-27 20:00:00,Bologna,Red Bull Salzburg,4.0,1.0,1545.2125416978135,1475.0234701933873,1553.219379472658,1467.016632418543
Europa League,2025/26,2025-11-27 20:00:00,KRC Genk,Basel,2.0,1.0,1513.3830141141427,1494.692377172885,1522.8455726922632,1485.2298185947645
Europa League,2025/26,2025-11-27 20:00:00,Panathinaikos FC,SK Sturm Graz,2.0,1.0,1511.060059874239,1490.1782523268191,1520.4597557979696,1480.7785564030885
Europa League,2025/26,2025-11-27 20:00:00,Go Ahead Eagles,VfB Stuttgart,0.0,4.0,1500.716727379634,1533.298103577529,1491.6517554715458,1542.3630754856172
Europa League,2025/26,2025-11-27 20:00:00,Maccabi Tel Aviv,Olympique Lyonnais,0.0,6.0,1480.7232024159593,1523.883621705765,1471.9591081662895,1532.647715955435
Europa League,2025/26,2025-11-27 20:00:00,Nottingham Forest,Malmö FF,3.0,0.0,1482.617189914211,1512.9586759826911,1493.488274766316,1502.0875911305861
Europa League,2025/26,2025-11-27 20:00:00,Real Betis,FC Utrecht,2.0,1.0,1539.9839038004325,1513.8897034975319,1549.2342613362448,1504.6393459617195
Europa League,2025/26,2025-11-27 20:00:00,Rangers,Sporting Braga,1.0,1.0,1453.1966876424212,1561.752535852626,1456.2233202744633,1558.7259032205839
Europa League,2025/26,2025-11-27 20:00:00,FK Crvena Zvezda,FCSB,1.0,0.0,1511.8294516600083,1489.8515100557345,1521.1977180588015,1480.4832436569413
Bundesliga,2025/26,2025-11-28 19:30:00,Borussia M'gladbach,RB Leipzig,0.0,0.0,1487.0556515349394,1554.6399911484536,1488.9767155040238,1552.7189271793693
Serie A,2025/26,2025-11-28 19:45:00,Como,Sassuolo,2.0,0.0,1535.3842874771854,1500.2452225964569,1544.3763383084292,1491.253171765213
Ligue 1,2025/26,2025-11-28 19:45:00,Metz,Stade Rennais,0.0,1.0,1461.8314988552142,1526.6423211188303,1453.6755641830468,1534.7982557909977
La Liga,2025/26,2025-11-28 20:00:00,Getafe,Elche,1.0,0.0,1488.3431371008617,1497.8429123957349,1498.6164944944771,1487.5695550021194
La Liga,2025/26,2025-11-29 13:00:00,Mallorca,Osasuna,2.0,2.0,1469.2010611900735,1454.65249902408,1468.7825644852019,1455.0709957289516
Serie A,2025/26,2025-11-29 14:00:00,Genoa,Hellas Verona,2.0,1.0,1456.8786854358113,1447.7312413074978,1466.6154616480662,1437.994465095243
Serie A,2025/26,2025-11-29 14:00:00,Parma,Udinese,0.0,2.0,1476.204628356384,1490.4649691183113,1466.6148436258013,1500.054753848894
Bundesliga,2025/26,2025-11-29 14:30:00,SV Werder Bremen,1. FC Köln,1.0,1.0,1500.2559566140606,1487.8133002555505,1499.8979812044931,1488.171275665118
Bundesliga,2025/26,2025-11-29 14:30:00,1. FC Union Berlin,1. FC Heidenheim,1.0,2.0,1502.5528346997387,1438.9427606501893,1490.7421755909168,1450.7534197590112
Bundesliga,2025/26,2025-11-29 14:30:00,TSG Hoffenheim,FC Augsburg,3.0,0.0,1527.8409917320942,1467.1092874217243,1536.1105812063242,1458.8396979474942
Bundesliga,2025/26,2025-11-29 14:30:00,FC Bayern München,FC St. Pauli,3.0,1.0,1609.2471357598934,1441.150915122838,1614.7541602401204,1435.6438906426108
Premier League,2025/26,2025-11-29 15:00:00,Brentford,Burnley,3.0,1.0,1493.987149873689,1457.7842157146201,1502.9489006259037,1448.8224649624055
Premier League,2025/26,2025-11-29 15:00:00,Sunderland,Bournemouth,3.0,2.0,1515.5623597289632,1515.0353883251755,1525.5471922843592,1505.0505557697795
Premier League,2025/26,2025-11-29 15:00:00,Manchester City,Leeds United,3.0,2.0,1545.0268756777284,1460.3746103985804,1552.6374834360972,1452.7640026402116
La Liga,2025/26,2025-11-29 15:15:00,FC Barcelona,Deportivo Alavés,3.0,1.0,1561.8930916348554,1479.6956625412126,1569.5704329290986,1472.0183212469694
Ligue 1,2025/26,2025-11-29 16:00:00,AS Monaco,Paris Saint-Germain,1.0,0.0,1504.908768632571,1592.2573795603123,1517.3712002953741,1579.7949478975092
Serie A,2025/26,2025-11-29 17:00:00,Juventus,Cagliari,2.0,1.0,1524.9244952138642,1471.0927884677174,1533.3873747660991,1462.6299089154825
Premier League,2025/26,2025-11-29 17:30:00,Everton,Newcastle United,1.0,4.0,1512.4761724483762,1502.2242251149676,1502.1811832944227,1512.5192142689211
La Liga,2025/26,2025-11-29 17:30:00,Levante UD,Athletic Club,0.0,2.0,1448.3626437916862,1473.81980438209,1439.0940513318349,1483.0883968419414
Bundesliga,2025/26,2025-11-29 17:30:00,Bayer 04 Leverkusen,Borussia Dortmund,1.0,2.0,1557.1543685512713,1559.7943714119658,1547.2303524793017,1569.7183874839354
Ligue 1,2025/26,2025-11-29 18:00:00,Paris FC,Auxerre,1.0,1.0,1474.1497293073928,1439.5218293839864,1473.1563453247586,1440.5152133666206
Serie A,2025/26,2025-11-29 19:45:00,AC Milan,Lazio,1.0,0.0,1554.8811923727262,1510.691609747362,1563.616128141102,1501.9566739789861
La Liga,2025/26,2025-11-29 20:00:00,Atlético Madrid,Real Oviedo,2.0,0.0,1576.1772028900843,1449.2743667192628,1582.678852968396,1442.772716640951
Premier League,2025/26,2025-11-29 20:00:00,Tottenham Hotspur,Fulham,1.0,2.0,1514.9829661877563,1483.4079489886933,1504.0766578967246,1494.314257279725
Ligue 1,2025/26,2025-11-29 20:05:00,Olympique de Marseille,Toulouse,2.0,2.0,1541.9225269084052,1487.564362965288,1540.3706152786272,1489.116274595066
Serie A,2025/26,2025-11-30 11:30:00,Lecce,Torino,2.0,1.0,1464.3634368794285,1492.4129932332992,1475.1690185522534,1481.6074115604742
Premier League,2025/26,2025-11-30 12:00:00,Crystal Palace,Manchester United,1.0,2.0,1527.7727266196737,1509.6395845943339,1517.2512862097146,1520.161025004293
La Liga,2025/26,2025-11-30 13:00:00,Real Sociedad,Villarreal,2.0,3.0,1495.208993427879,1527.0251406759894,1486.1221845584787,1536.1119495453897
Serie A,2025/26,2025-11-30 14:00:00,Pisa,Inter,0.0,2.0,1478.9785070479481,1557.4031101686924,1471.1981775729837,1565.1834396436568
Ligue 1,2025/26,2025-11-30 14:00:00,RC Strasbourg,Stade Brestois,1.0,2.0,1515.5954256005427,1476.3714874669336,1504.4712419173047,1487.4956711501716
Premier League,2025/26,2025-11-30 14:05:00,Nottingham Forest,Brighton & Hove Albion,0.0,2.0,1493.488274766316,1520.1484837081518,1484.2541147265028,1529.382643747965
Premier League,2025/26,2025-11-30 14:05:00,Aston Villa,Wolverhampton,1.0,0.0,1557.0746412176861,1414.2979692531642,1563.1818994480795,1408.1907110227708
Premier League,2025/26,2025-11-30 14:05:00,West Ham United,Liverpool FC,0.0,2.0,1470.2761588485084,1502.6216921230312,1461.2044577562292,1511.6933932153104
Bundesliga,2025/26,2025-11-30 14:30:00,Hamburger SV,VfB Stuttgart,2.0,1.0,1463.21174785045,1542.3630754856172,1475.4512953725941,1530.123527963473
La Liga,2025/26,2025-11-30 15:15:00,Sevilla,Real Betis,0.0,2.0,1481.8592736140138,1549.2342613362448,1473.7745336553035,1557.3190012949551
Ligue 1,2025/26,2025-11-30 16:15:00,Lorient,Nice,3.0,1.0,1466.9931464323874,1439.5464988959175,1476.2048076483254,1430.3348376799795
Ligue 1,2025/26,2025-11-30 16:15:00,Le Havre,Lille,0.0,1.0,1484.1713547434083,1530.133188225013,1475.486579302073,1538.8179636663483
Ligue 1,2025/26,2025-11-30 16:15:00,Angers,RC Lens,1.0,2.0,1493.7104776026683,1554.3817004609566,1485.439199406478,1562.6529786571468
Premier League,2025/26,2025-11-30 16:30:00,Chelsea,Arsenal,1.0,1.0,1554.2875651042025,1611.9871608660947,1555.9331918234811,1610.341534146816
Bundesliga,2025/26,2025-11-30 16:30:00,Eintracht Frankfurt,VfL Wolfsburg,1.0,1.0,1506.8535704184756,1455.3980035814866,1505.3832941061626,1456.8682798937996
Serie A,2025/26,2025-11-30 17:00:00,Atalanta,Fiorentina,2.0,0.0,1509.777340061376,1449.6528243255748,1518.0638876424657,1441.366276744485
La Liga,2025/26,2025-11-30 17:30:00,Celta Vigo,Espanyol,0.0,1.0,1511.8408543873059,1514.4971142722793,1501.9173062029263,1524.4206624566589
Bundesliga,2025/26,2025-11-30 18:30:00,SC Freiburg,1. FSV Mainz 05,4.0,0.0,1518.607033750098,1450.1822796186864,1526.662684267244,1442.1266291015404
Ligue 1,2025/26,2025-11-30 19:45:00,Olympique Lyonnais,Nantes,3.0,0.0,1532.647715955435,1464.9188766115606,1540.722646758721,1456.8439458082744
Serie A,2025/26,2025-11-30 19:45:00,AS Roma,SSC Napoli,0.0,1.0,1559.8143676503548,1541.3585206577266,1549.2836647506883,1551.889223557393
La Liga,2025/26,2025-11-30 20:00:00,Girona FC,Real Madrid,1.0,1.0,1470.4971081417248,1591.5889176825954,1473.8478225978006,1588.2382032265195
Serie A,2025/26,2025-12-01 19:45:00,Bologna,Cremonese,1.0,3.0,1553.219379472658,1486.1082812025184,1541.31143722928,1498.0162234458962
La Liga,2025/26,2025-12-01 20:00:00,Rayo Vallecano,Valencia,1.0,1.0,1493.0520455124251,1477.030106521334,1492.5912236506556,1477.4909283831034
Premier League,2025/26,2025-12-02 19:30:00,Fulham,Manchester City,4.0,5.0,1494.314257279725,1552.6374834360972,1485.9773422601947,1560.9743984556276
Premier League,2025/26,2025-12-02 19:30:00,Bournemouth,Everton,0.0,1.0,1505.0505557697795,1502.1811832944227,1494.967970468787,1512.2637685954153
La Liga,2025/26,2025-12-02 20:00:00,FC Barcelona,Atlético Madrid,3.0,1.0,1569.5704329290986,1582.678852968396,1579.9475446659603,1572.3017412315344
Premier League,2025/26,2025-12-02 20:15:00,Newcastle United,Tottenham Hotspur,2.0,2.0,1512.5192142689211,1504.0766578967246,1512.2762657795188,1504.319606386127
La Liga,2025/26,2025-12-03 18:00:00,Athletic Club,Real Madrid,0.0,3.0,1483.0883968419414,1588.2382032265195,1476.025713948957,1595.300886119504
Premier League,2025/26,2025-12-03 19:30:00,Wolverhampton,Nottingham Forest,0.0,1.0,1408.1907110227708,1484.2541147265028,1400.3456725329818,1492.0991532162918
Premier League,2025/26,2025-12-03 19:30:00,Arsenal,Brentford,2.0,0.0,1610.341534146816,1502.9489006259037,1617.3453453222696,1495.94508945045
Premier League,2025/26,2025-12-03 19:30:00,Burnley,Crystal Palace,0.0,1.0,1448.8224649624055,1517.2512862097146,1440.7669270805234,1525.3068240915968
Premier League,2025/26,2025-12-03 19:30:00,Brighton & Hove Albion,Aston Villa,3.0,4.0,1529.382643747965,1563.1818994480795,1520.3524072386906,1572.212135957354
Premier League,2025/26,2025-12-03 20:15:00,Leeds United,Chelsea,3.0,1.0,1452.7640026402116,1555.9331918234811,1465.6491446474133,1543.0480498162794
Premier League,2025/26,2025-12-03 20:15:00,Liverpool FC,Sunderland,1.0,1.0,1511.6933932153104,1525.5471922843592,1512.091926409192,1525.1486590904776
Premier League,2025/26,2025-12-04 20:00:00,Manchester United,West Ham United,1.0,1.0,1520.161025004293,1461.2044577562292,1518.4802205810984,1462.8852621794238
Ligue 1,2025/26,2025-12-05 18:00:00,Stade Brestois,AS Monaco,1.0,0.0,1487.4956711501716,1517.3712002953741,1498.3534449004667,1506.513426545079
Bundesliga,2025/26,2025-12-05 19:30:00,1. FSV Mainz 05,Borussia M'gladbach,0.0,1.0,1442.1266291015404,1488.9767155040238,1433.466968890451,1497.6363757151132
La Liga,2025/26,2025-12-05 20:00:00,Real Oviedo,Mallorca,0.0,0.0,1442.772716640951,1468.7825644852019,1443.5199448460119,1468.035336280141
Ligue 1,2025/26,2025-12-05 20:00:00,Lille,Olympique de Marseille,1.0,0.0,1538.8179636663483,1540.3706152786272,1548.8626522745699,1530.3259266704056
Premier League,2025/26,2025-12-06 12:30:00,Aston Villa,Arsenal,2.0,1.0,1572.212135957354,1617.3453453222696,1583.5039160434083,1606.0535652362153
La Liga,2025/26,2025-12-06 13:00:00,Villarreal,Getafe,2.0,0.0,1536.1119495453897,1498.6164944944771,1545.0369139546447,1489.6915300852222
Serie A,2025/26,2025-12-06 14:00:00,Sassuolo,Fiorentina,3.0,1.0,1491.253171765213,1441.366276744485,1499.8270984868223,1432.7923500228758
Bundesliga,2025/26,2025-12-06 14:30:00,VfB Stuttgart,FC Bayern München,0.0,5.0,1530.123527963473,1614.7541602401204,1522.5123330966892,1622.3653551069042
Bundesliga,2025/26,2025-12-06 14:30:00,1. FC Köln,FC St. Pauli,1.0,1.0,1488.171275665118,1435.6438906426108,1486.6708306004628,1437.144335707266
Bundesliga,2025/26,2025-12-06 14:30:00,FC Augsburg,Bayer 04 Leverkusen,2.0,0.0,1458.8396979474942,1547.2303524793017,1471.3302825479434,1534.7397678788525
Bundesliga,2025/26,2025-12-06 14:30:00,VfL Wolfsburg,1. FC Union Berlin,3.0,1.0,1456.8682798937996,1490.7421755909168,1467.840171448353,1479.7702840363634
Bundesliga,2025/26,2025-12-06 14:30:00,1. FC Heidenheim,SC Freiburg,2.0,1.0,1450.7534197590112,1526.662684267244,1462.9041504063425,1514.5119536199127
Premier League,2025/26,2025-12-06 15:00:00,Tottenham Hotspur,Brentford,2.0,0.0,1504.319606386127,1495.94508945045,1514.078615082529,1486.186080754048
Premier League,2025/26,2025-12-06 15:00:00,Bournemouth,Chelsea,0.0,0.0,1494.967970468787,1543.0480498162794,1496.3430596649077,1541.6729606201586
Premier League,2025/26,2025-12-06 15:00:00,Newcastle United,Burnley,2.0,1.0,1512.2762657795188,1440.7669270805234,1520.2466406407189,1432.7965522193233
Premier League,2025/26,2025-12-06 15:00:00,Everton,Nottingham Forest,3.0,0.0,1512.2637685954153,1492.0991532162918,1521.6840351007652,1482.678886710942
Premier League,2025/26,2025-12-06 15:00:00,Manchester City,Sunderland,3.0,0.0,1560.9743984556276,1525.1486590904776,1569.9468899238548,1516.1761676222504
La Liga,2025/26,2025-12-06 15:15:00,Deportivo Alavés,Real Sociedad,1.0,0.0,1472.0183212469694,1486.1221845584787,1482.4240402293735,1475.7164655760746
Ligue 1,2025/26,2025-12-06 16:00:00,Nantes,RC Lens,1.0,2.0,1456.8439458082744,1562.6529786571468,1449.798590250123,1569.6983342152982
Serie A,2025/26,2025-12-06 17:00:00,Inter,Como,4.0,0.0,1565.1834396436568,1544.3763383084292,1574.5852780640098,1534.9744998880763
La Liga,2025/26,2025-12-06 17:30:00,Real Betis,FC Barcelona,3.0,5.0,1557.3190012949551,1579.9475446659603,1547.9693837599789,1589.2971622009366
Bundesliga,2025/26,2025-12-06 17:30:00,RB Leipzig,Eintracht Frankfurt,6.0,0.0,1552.7189271793693,1505.3832941061626,1561.3648658782467,1496.7373554072851
Premier League,2025/26,2025-12-06 17:30:00,Leeds United,Liverpool FC,3.0,3.0,1465.6491446474133,1512.091926409192,1466.9779700704257,1510.7631009861796
Ligue 1,2025/26,2025-12-06 18:00:00,Toulouse,RC Strasbourg,1.0,0.0,1489.116274595066,1504.4712419173047,1499.557938563917,1494.0295779484536
Serie A,2025/26,2025-12-06 19:45:00,Hellas Verona,Atalanta,3.0,1.0,1437.994465095243,1518.0638876424657,1450.2590972497308,1505.799255487978
La Liga,2025/26,2025-12-06 20:00:00,Athletic Club,Atlético Madrid,1.0,0.0,1476.025713948957,1572.3017412315344,1488.7279468064467,1559.5995083740447
Ligue 1,2025/26,2025-12-06 20:05:00,Paris Saint-Germain,Stade Rennais,5.0,0.0,1579.7949478975092,1534.7982557909977,1588.5070317221584,1526.0861719663485
Serie A,2025/26,2025-12-07 11:30:00,Cremonese,Lecce,2.0,0.0,1498.0162234458962,1475.1690185522534,1507.3595742753762,1465.8256677227735
La Liga,2025/26,2025-12-07 13:00:00,Elche,Girona FC,3.0,0.0,1487.5695550021194,1473.8478225978006,1497.1748170123453,1464.2425605875746
Serie A,2025/26,2025-12-07 14:00:00,Cagliari,AS Roma,1.0,0.0,1462.6299089154825,1549.2836647506883,1475.0735444954007,1536.84002917077
Ligue 1,2025/26,2025-12-07 14:00:00,Nice,Angers,0.0,1.0,1430.3348376799795,1485.439199406478,1421.9077023267323,1493.8663347597253
Premier League,2025/26,2025-12-07 14:00:00,Brighton & Hove Albion,West Ham United,1.0,1.0,1520.3524072386906,1462.8852621794238,1518.7132905204844,1464.52437889763
Bundesliga,2025/26,2025-12-07 14:30:00,Hamburger SV,SV Werder Bremen,3.0,2.0,1475.4512953725941,1499.8979812044931,1486.153768623772,1489.1955079533152
La Liga,2025/26,2025-12-07 15:15:00,Valencia,Sevilla,1.0,1.0,1477.4909283831034,1473.7745336553035,1477.3839660238032,1473.8814960146037
Ligue 1,2025/26,2025-12-07 16:15:00,Le Havre,Paris FC,0.0,0.0,1475.486579302073,1473.1563453247586,1475.4195107824808,1473.223413844351
Ligue 1,2025/26,2025-12-07 16:15:00,Auxerre,Metz,3.0,1.0,1440.5152133666206,1453.6755641830468,1450.89381765733,1443.2969598923376
Premier League,2025/26,2025-12-07 16:30:00,Fulham,Crystal Palace,1.0,2.0,1485.9773422601947,1525.3068240915968,1477.104525241451,1534.1796411103405
Bundesliga,2025/26,2025-12-07 16:30:00,Borussia Dortmund,TSG Hoffenheim,2.0,0.0,1569.7183874839354,1536.1105812063242,1578.7540828200197,1527.07488587024
Serie A,2025/26,2025-12-07 17:00:00,Lazio,Bologna,1.0,1.0,1501.9566739789861,1541.31143722928,1503.0845753668839,1540.1835358413823
La Liga,2025/26,2025-12-07 17:30:00,Espanyol,Rayo Vallecano,1.0,0.0,1524.4206624566589,1492.5912236506556,1533.5070919558482,1483.5047941514663
Ligue 1,2025/26,2025-12-07 19:45:00,Lorient,Olympique Lyonnais,1.0,0.0,1476.2048076483254,1540.722646758721,1488.0407257397123,1528.8867286673342
Serie A,2025/26,2025-12-07 19:45:00,SSC Napoli,Juventus,2.0,1.0,1551.889223557393,1533.3873747660991,1561.3572003579081,1523.919397965584
La Liga,2025/26,2025-12-07 20:00:00,Real Madrid,Celta Vigo,0.0,2.0,1595.300886119504,1501.9173062029263,1582.675997736207,1514.5421945862233
Serie A,2025/26,2025-12-08 14:00:00,Pisa,Parma,0.0,1.0,1471.1981775729837,1466.6148436258013,1461.066266269611,1476.746754929174
Serie A,2025/26,2025-12-08 17:00:00,Udinese,Genoa,1.0,2.0,1500.054753848894,1466.6154616480662,1489.0952545329253,1477.574960964035
Serie A,2025/26,2025-12-08 19:45:00,Torino,AC Milan,2.0,3.0,1481.6074115604742,1563.616128141102,1473.9249310556015,1571.2986086459748
Premier League,2025/26,2025-12-08 20:00:00,Wolverhampton,Manchester United,1.0,4.0,1400.3456725329818,1518.4802205810984,1393.6206121905923,1525.2052809234879
La Liga,2025/26,2025-12-08 20:00:00,Osasuna,Levante UD,2.0,0.0,1455.0709957289516,1439.0940513318349,1464.6114661732806,1429.5535808875059
Champions League,2025/26,2025-12-09 15:30:00,FC Kairat Almaty,Olympiacos FC,0.0,1.0,1491.2900985638807,1477.1196328728286,1480.882465781291,1487.5272656554182
Champions League,2025/26,2025-12-09 17:45:00,FC Bayern München,Sporting CP,3.0,1.0,1622.3653551069042,1522.8009455973825,1629.5756126285912,1515.5906880756954
Champions League,2025/26,2025-12-09 20:00:00,Inter,Liverpool FC,0.0,1.0,1574.5852780640098,1510.7631009861796,1562.7687149382064,1522.579664111983
Champions League,2025/26,2025-12-09 20:00:00,FC Barcelona,Eintracht Frankfurt,2.0,1.0,1589.2971622009366,1496.7373554072851,1596.694363985876,1489.3401536223457
Champions League,2025/26,2025-12-09 20:00:00,AS Monaco,Galatasaray,1.0,0.0,1506.513426545079,1509.5293206501194,1516.6002287750096,1499.442518420189
Champions League,2025/26,2025-12-09 20:00:00,Tottenham Hotspur,SK Slavia Praha,3.0,0.0,1514.078615082529,1483.8317243502534,1523.2102323077438,1474.7001071250386
Champions League,2025/26,2025-12-09 20:00:00,PSV Eindhoven,Atlético Madrid,2.0,3.0,1511.4006725454929,1559.5995083740447,1502.7791150385813,1568.2210658809563
Champions League,2025/26,2025-12-09 20:00:00,Atalanta,Chelsea,2.0,1.0,1505.799255487978,1541.6729606201586,1516.8281299904656,1530.644086117671
Champions League,2025/26,2025-12-09 20:00:00,Royale Union Saint-Gilloise,Olympique de Marseille,2.0,3.0,1493.2094244502468,1530.3259266704056,1484.273677695713,1539.2616734249393
Champions League,2025/26,2025-12-10 17:45:00,Villarreal,FC København,2.0,3.0,1545.0369139546447,1519.0213280046191,1534.2895215159747,1529.768720443289
Champions League,2025/26,2025-12-10 17:45:00,Qarabağ FK,AFC Ajax,2.0,4.0,1535.2636039587483,1453.3975288960007,1522.9499698809952,1465.7111629737537
Champions League,2025/26,2025-12-10 20:00:00,Bayer 04 Leverkusen,Newcastle United,2.0,2.0,1534.7397678788525,1520.2466406407189,1534.322863935654,1520.6635445839174
Champions League,2025/26,2025-12-10 20:00:00,Borussia Dortmund,Bodø/Glimt,2.0,2.0,1578.7540828200197,1471.9258155292898,1575.7726867210333,1474.9072116282762
Champions League,2025/26,2025-12-10 20:00:00,Benfica,SSC Napoli,2.0,0.0,1497.338955761383,1561.3572003579081,1509.1609753814823,1549.5351807378088
Champions League,2025/26,2025-12-10 20:00:00,Juventus,Pafos FC,2.0,0.0,1523.919397965584,1537.2134934789851,1534.3018461640063,1526.8310452805629
Champions League,2025/26,2025-12-10 20:00:00,Athletic Club,Paris Saint-Germain,0.0,0.0,1488.7279468064467,1588.5070317221584,1491.5233862774387,1585.7115922511664
Champions League,2025/26,2025-12-10 20:00:00,Club Brugge KV,Arsenal,0.0,3.0,1518.7630315645906,1606.0535652362153,1511.223892923467,1613.5927038773389
Champions League,2025/26,2025-12-10 20:00:00,Real Madrid,Manchester City,1.0,2.0,1582.675997736207,1569.9468899238548,1572.30978840126,1580.3130992588017
Europa League,2025/26,2025-12-11 17:45:00,GNK Dinamo Zagreb,Real Betis,1.0,3.0,1499.9149183123423,1547.9693837599789,1491.2892842138442,1556.595017858477
Europa League,2025/26,2025-12-11 17:45:00,VfB Stuttgart,Maccabi Tel Aviv,4.0,1.0,1522.5123330966892,1471.9591081662895,1531.0674764927105,1463.4039647702682
Europa League,2025/26,2025-12-11 17:45:00,FC Utrecht,Nottingham Forest,1.0,2.0,1504.6393459617195,1482.678886710942,1494.0081135365492,1493.3101191361122
Europa League,2025/26,2025-12-11 17:45:00,SK Sturm Graz,FK Crvena Zvezda,0.0,1.0,1480.7785564030885,1521.1977180588015,1471.9366933600108,1530.039581101879
Europa League,2025/26,2025-12-11 17:45:00,Ludogorets,PAOK,3.0,3.0,1502.9661277746964,1520.1800203909931,1503.461178420257,1519.6849697454325
Europa League,2025/26,2025-12-11 17:45:00,FC Midtjylland,KRC Genk,1.0,0.0,1569.667064768788,1522.8455726922632,1578.3275332141716,1514.1851042468797
Europa League,2025/26,2025-12-11 17:45:00,Nice,Sporting Braga,0.0,1.0,1421.9077023267323,1558.7259032205839,1415.6539699442892,1564.979635603027
Europa League,2025/26,2025-12-11 17:45:00,BSC Young Boys,Lille,1.0,0.0,1509.6026941414,1548.8626522745699,1520.7279014494377,1537.7374449665322
Europa League,2025/26,2025-12-11 17:45:00,Ferencváros TC,Rangers,2.0,1.0,1554.7970187288813,1456.2233202744633,1562.0335928472855,1448.986746156059
Europa League,2025/26,2025-12-11 20:00:00,Celtic,AS Roma,0.0,3.0,1496.437000911886,1536.84002917077,1487.594679738183,1545.682350344473
Europa League,2025/26,2025-12-11 20:00:00,Basel,Aston Villa,1.0,2.0,1485.2298185947645,1583.5039160434083,1477.9852778831957,1590.748456754977
Europa League,2025/26,2025-12-11 20:00:00,SC Freiburg,Red Bull Salzburg,1.0,0.0,1514.5119536199127,1467.016632418543,1523.1533806764844,1458.3752053619712
Europa League,2025/26,2025-12-11 20:00:00,Olympique Lyonnais,Go Ahead Eagles,2.0,1.0,1528.8867286673342,1491.6517554715458,1537.8191042969213,1482.7193798419587
Europa League,2025/26,2025-12-11 20:00:00,FCSB,Feyenoord,4.0,3.0,1480.4832436569413,1472.8141074686205,1490.262544017162,1463.0348071083997
Europa League,2025/26,2025-12-11 20:00:00,SK Brann,Fenerbahçe,0.0,4.0,1522.043168658628,1504.5260909055808,1511.5394134077744,1515.0298461564344
Europa League,2025/26,2025-12-11 20:00:00,FC Porto,Malmö FF,2.0,1.0,1516.5601802740564,1502.0875911305861,1526.1438664387508,1492.5039049658917
Europa League,2025/26,2025-12-11 20:00:00,Panathinaikos FC,FC Viktoria Plzeň,0.0,0.0,1520.4597557979696,1522.978749323113,1520.5322569893608,1522.906248131722
Europa League,2025/26,2025-12-11 20:00:00,Celta Vigo,Bologna,1.0,2.0,1514.5421945862233,1540.1835358413823,1505.2788747082586,1549.446855719347
Bundesliga,2025/26,2025-12-12 19:30:00,1. FC Union Berlin,RB Leipzig,3.0,1.0,1479.7702840363634,1561.3648658782467,1492.0765208618986,1549.0586290527115
Ligue 1,2025/26,2025-12-12 19:45:00,Angers,Nantes,4.0,1.0,1493.8663347597253,1449.798590250123,1502.6047213417974,1441.060203668051
Serie A,2025/26,2025-12-12 19:45:00,Lecce,Pisa,1.0,0.0,1465.8256677227735,1461.066266269611,1475.6886897053191,1451.2032442870654
La Liga,2025/26,2025-12-12 20:00:00,Real Sociedad,Girona FC,1.0,2.0,1475.7164655760746,1464.2425605875746,1465.3863400489945,1474.5726861146547
La Liga,2025/26,2025-12-13 13:00:00,Atlético Madrid,Valencia,2.0,1.0,1568.2210658809563,1477.3839660238032,1575.664551447252,1469.9404804575074
Serie A,2025/26,2025-12-13 14:00:00,Torino,Cremonese,1.0,0.0,1473.9249310556015,1507.3595742753762,1484.8842977948616,1496.400207536116
Bundesliga,2025/26,2025-12-13 14:30:00,Eintracht Frankfurt,FC Augsburg,1.0,0.0,1489.3401536223457,1471.3302825479434,1498.822251653799,1461.8481845164902
Bundesliga,2025/26,2025-12-13 14:30:00,Borussia M'gladbach,VfL Wolfsburg,1.0,3.0,1497.6363757151132,1467.840171448353,1486.780868363806,1478.6956787996603
Bundesliga,2025/26,2025-12-13 14:30:00,TSG Hoffenheim,Hamburger SV,4.0,1.0,1527.07488587024,1486.153768623772,1535.9024976453563,1477.3261568486557
Bundesliga,2025/26,2025-12-13 14:30:00,FC St. Pauli,1. FC Heidenheim,2.0,1.0,1437.144335707266,1462.9041504063425,1447.88440717814,1452.1640789354685
Premier League,2025/26,2025-12-13 15:00:00,Liverpool FC,Brighton & Hove Albion,2.0,0.0,1522.579664111983,1518.7132905204844,1532.4683855280582,1508.8245691044092
Premier League,2025/26,2025-12-13 15:00:00,Chelsea,Everton,2.0,0.0,1530.644086117671,1521.6840351007652,1540.3862522761806,1511.9418689422555
La Liga,2025/26,2025-12-13 15:15:00,Mallorca,Elche,3.0,1.0,1468.035336280141,1497.1748170123453,1478.8720769388588,1486.3380763536277
Ligue 1,2025/26,2025-12-13 16:00:00,Stade Rennais,Stade Brestois,3.0,1.0,1526.0861719663485,1498.3534449004667,1535.2896508572119,1489.1499660096033
Serie A,2025/26,2025-12-13 17:00:00,Parma,Lazio,0.0,1.0,1476.746754929174,1503.0845753668839,1467.5033695722352,1512.3279607238226
La Liga,2025/26,2025-12-13 17:30:00,FC Barcelona,Osasuna,2.0,0.0,1596.694363985876,1464.6114661732806,1603.0658552537145,1458.239974905442
Bundesliga,2025/26,2025-12-13 17:30:00,Bayer 04 Leverkusen,1. FC Köln,2.0,0.0,1534.322863935654,1486.6708306004628,1542.9598639779363,1478.0338305581804
Premier League,2025/26,2025-12-13 17:30:00,Burnley,Fulham,2.0,3.0,1432.7965522193233,1477.104525241451,1424.0649693218202,1485.8361081389542
Ligue 1,2025/26,2025-12-13 18:00:00,Metz,Paris Saint-Germain,2.0,3.0,1443.2969598923376,1585.7115922511664,1437.1808567792775,1591.8276953642264
Serie A,2025/26,2025-12-13 19:45:00,Atalanta,Cagliari,2.0,1.0,1516.8281299904656,1475.0735444954007,1525.6320890480138,1466.2695854378526
La Liga,2025/26,2025-12-13 20:00:00,Getafe,Espanyol,0.0,1.0,1489.6915300852222,1533.5070919558482,1480.9459999800933,1542.252622060977
Premier League,2025/26,2025-12-13 20:00:00,Arsenal,Wolverhampton,2.0,1.0,1613.5927038773389,1393.6206121905923,1617.9906629506888,1389.2226531172423
Ligue 1,2025/26,2025-12-13 20:05:00,Paris FC,Toulouse,0.0,3.0,1473.223413844351,1499.557938563917,1463.979934171983,1508.8014182362851
Serie A,2025/26,2025-12-14 11:30:00,AC Milan,Sassuolo,2.0,2.0,1571.2986086459748,1499.8270984868223,1569.2700274716424,1501.8556796611547
La Liga,2025/26,2025-12-14 13:00:00,Sevilla,Real Oviedo,4.0,0.0,1473.8814960146037,1443.5199448460119,1483.0098380275347,1434.391602833081
Premier League,2025/26,2025-12-14 14:00:00,West Ham United,Aston Villa,2.0,3.0,1464.52437889763,1590.748456754977,1458.0055718133196,1597.2672638392874
Premier League,2025/26,2025-12-14 14:00:00,Sunderland,Newcastle United,1.0,0.0,1516.1761676222504,1520.6635445839174,1526.3053175321584,1510.5343946740095
Ligue 1,2025/26,2025-12-14 14:00:00,Olympique Lyonnais,Le Havre,1.0,0.0,1537.8191042969213,1475.4195107824808,1546.0421645148801,1467.196450564522
Serie A,2025/26,2025-12-14 14:00:00,Fiorentina,Hellas Verona,1.0,2.0,1432.7923500228758,1450.2590972497308,1423.2946603103794,1459.7567869622271
Serie A,2025/26,2025-12-14 14:00:00,Udinese,SSC Napoli,1.0,0.0,1489.0952545329253,1549.5351807378088,1500.817517292128,1537.812917978606
Premier League,2025/26,2025-12-14 14:00:00,Nottingham Forest,Tottenham Hotspur,3.0,0.0,1493.3101191361122,1523.2102323077438,1504.1685952610624,1512.3517561827937
Premier League,2025/26,2025-12-14 14:00:00,Crystal Palace,Manchester City,0.0,3.0,1534.1796411103405,1580.3130992588017,1525.4997196595914,1588.9930207095508
Bundesliga,2025/26,2025-12-14 14:30:00,SC Freiburg,Borussia Dortmund,1.0,1.0,1523.1533806764844,1575.7726867210333,1524.6564117745359,1574.2696556229819
La Liga,2025/26,2025-12-14 15:15:00,Celta Vigo,Athletic Club,2.0,0.0,1505.2788747082586,1491.5233862774387,1514.8831666595572,1481.91909432614
Ligue 1,2025/26,2025-12-14 16:15:00,RC Strasbourg,Lorient,0.0,0.0,1494.0295779484536,1488.0407257397123,1493.8572219957628,1488.2130816924032
Ligue 1,2025/26,2025-12-14 16:15:00,RC Lens,Nice,2.0,0.0,1569.6983342152982,1415.6539699442892,1575.533950929416,1409.8183532301714
Ligue 1,2025/26,2025-12-14 16:15:00,Auxerre,Lille,3.0,4.0,1450.89381765733,1537.7374449665322,1443.3425911599434,1545.2886714639187
Bundesliga,2025/26,2025-12-14 16:30:00,FC Bayern München,1. FSV Mainz 05,2.0,2.0,1629.5756126285912,1433.466968890451,1624.462924989035,1438.5796565300072
Premier League,2025/26,2025-12-14 16:30:00,Brentford,Leeds United,1.0,1.0,1486.186080754048,1466.9779700704257,1485.6337894608553,1467.5302613636184
Serie A,2025/26,2025-12-14 17:00:00,Genoa,Inter,1.0,2.0,1477.574960964035,1562.7687149382064,1469.9790432256952,1570.364632676546
La Liga,2025/26,2025-12-14 17:30:00,Levante UD,Villarreal,,,1429.5535808875059,1534.2895215159747,1432.4800099245297,1531.3630924789509
Bundesliga,2025/26,2025-12-14 18:30:00,SV Werder Bremen,VfB Stuttgart,0.0,4.0,1489.1955079533152,1531.0674764927105,1480.394878985967,1539.8681054600588
Serie A,2025/26,2025-12-14 19:45:00,Bologna,Juventus,0.0,1.0,1549.446855719347,1534.3018461640063,1539.0112231930045,1544.7374786903488
Ligue 1,2025/26,2025-12-14 19:45:00,Olympique de Marseille,AS Monaco,1.0,0.0,1539.2616734249393,1516.6002287750096,1548.610347996475,1507.251554203474
La Liga,2025/26,2025-12-14 20:00:00,Deportivo Alavés,Real Madrid,1.0,2.0,1482.4240402293735,1572.30978840126,1474.954944326705,1579.7788843039286
Serie A,2025/26,2025-12-15 19:45:00,AS Roma,Como,1.0,0.0,1545.682350344473,1534.9744998880763,1555.3742511773594,1525.2825990551898
La Liga,2025/26,2025-12-15 20:00:00,Rayo Vallecano,Real Betis,0.0,0.0,1483.5047941514663,1556.595017858477,1485.578005884918,1554.5218061250253
Premier League,2025/26,2025-12-15 20:00:00,Manchester United,Bournemouth,4.0,4.0,1525.2052809234879,1496.3430596649077,1524.376465089439,1497.1718754989565
Bundesliga,2025/26,2025-12-19 19:30:00,Borussia Dortmund,Borussia M'gladbach,2.0,0.0,1574.2696556229819,1486.780868363806,1581.803434378468,1479.2470896083198
La Liga,2025/26,2025-12-19 20:00:00,Valencia,Mallorca,1.0,1.0,1469.9404804575074,1478.8720769388588,1470.1974958543528,1478.6150615420133
Premier League,2025/26,2025-12-20 12:30:00,Newcastle United,Chelsea,2.0,2.0,1510.5343946740095,1540.3862522761806,1511.3914921115775,1539.5291548386126
La Liga,2025/26,2025-12-20 13:00:00,Real Oviedo,Celta Vigo,0.0,0.0,1434.391602833081,1514.8831666595572,1436.6677588834323,1512.6070106092059
Bundesliga,2025/26,2025-12-20 14:30:00,VfB Stuttgart,TSG Hoffenheim,0.0,0.0,1539.8681054600588,1535.9024976453563,1539.75397104843,1536.0166320569851
Bundesliga,2025/26,2025-12-20 14:30:00,VfL Wolfsburg,SC Freiburg,3.0,4.0,1478.6956787996603,1524.6564117745359,1470.0108722311036,1533.3412183430926
Bundesliga,2025/26,2025-12-20 14:30:00,Hamburger SV,Eintracht Frankfurt,1.0,1.0,1477.3261568486557,1498.822251653799,1477.9440759307674,1498.2043325716872
Bundesliga,2025/26,2025-12-20 14:30:00,1. FC Köln,1. FC Union Berlin,0.0,1.0,1478.0338305581804,1492.0765208618986,1468.4377917256,1501.672559694479
Bundesliga,2025/26,2025-12-20 14:30:00,FC Augsburg,SV Werder Bremen,0.0,0.0,1461.8481845164902,1480.394878985967,1462.381494816019,1479.861568686438
Premier League,2025/26,2025-12-20 15:00:00,Brighton & Hove Albion,Sunderland,0.0,0.0,1508.8245691044092,1526.3053175321584,1509.3272813612557,1525.8026052753119
Premier League,2025/26,2025-12-20 15:00:00,Manchester City,West Ham United,3.0,0.0,1588.9930207095508,1458.0055718133196,1595.3919215939545,1451.606670928916
Premier League,2025/26,2025-12-20 15:00:00,Wolverhampton,Brentford,0.0,2.0,1389.2226531172423,1485.6337894608553,1381.9284903881082,1492.9279521899894
Premier League,2025/26,2025-12-20 15:00:00,Bournemouth,Burnley,1.0,1.0,1497.1718754989565,1424.0649693218202,1495.0982042482656,1426.1386405725111
La Liga,2025/26,2025-12-20 15:15:00,Levante UD,Real Sociedad,1.0,1.0,1432.4800099245297,1465.3863400489945,1433.4243083583349,1464.4420416151893
Serie A,2025/26,2025-12-20 17:00:00,Lazio,Cremonese,0.0,0.0,1512.3279607238226,1496.400207536116,1511.869844024367,1496.8583242355717
Premier League,2025/26,2025-12-20 17:30:00,Tottenham Hotspur,Liverpool FC,1.0,2.0,1512.3517561827937,1532.4683855280582,1502.9301131592695,1541.8900285515824
Bundesliga,2025/26,2025-12-20 17:30:00,RB Leipzig,Bayer 04 Leverkusen,1.0,3.0,1549.0586290527115,1542.9598639779363,1538.883110510566,1553.1353825200817
La Liga,2025/26,2025-12-20 17:30:00,Osasuna,Deportivo Alavés,3.0,0.0,1458.239974905442,1474.954944326705,1468.7206995717142,1464.4742196604327
Serie A,2025/26,2025-12-20 19:45:00,Juventus,AS Roma,2.0,1.0,1544.7374786903488,1555.3742511773594,1555.0435339981657,1545.0681958695425
Premier League,2025/26,2025-12-20 20:00:00,Everton,Arsenal,0.0,1.0,1511.9418689422555,1617.9906629506888,1504.902810538393,1625.0297213545514
Premier League,2025/26,2025-12-20 20:00:00,Leeds United,Crystal Palace,4.0,1.0,1467.5302613636184,1525.4997196595914,1479.1834440392743,1513.8465369839355
La Liga,2025/26,2025-12-20 20:00:00,Real Madrid,Sevilla,2.0,0.0,1579.7788843039286,1483.0098380275347,1587.0635024492212,1475.725219882242
Serie A,2025/26,2025-12-21 11:30:00,Cagliari,Pisa,2.0,2.0,1466.2695854378526,1451.2032442870654,1465.836212895446,1451.6366168294721
La Liga,2025/26,2025-12-21 13:00:00,Girona FC,Atlético Madrid,0.0,3.0,1474.5726861146547,1575.664551447252,1467.4029208343618,1582.834316727545
Serie A,2025/26,2025-12-21 14:00:00,Sassuolo,Torino,0.0,1.0,1501.8556796611547,1484.8842977948616,1491.3675921692504,1495.3723852867658
Serie A,2025/26,2025-12-21 14:00:00,Hellas Verona,Bologna,,,1459.7567869622271,1539.0112231930045,1461.9991531535306,1536.768857001701
Serie A,2025/26,2025-12-21 14:00:00,Como,AC Milan,,,1525.2825990551898,1569.2700274716424,1526.5419375181532,1568.010689008679
Serie A,2025/26,2025-12-21 14:00:00,Inter,Lecce,,,1570.364632676546,1475.6886897053191,1567.7051439388038,1478.3481784430614
Serie A,2025/26,2025-12-21 14:00:00,SSC Napoli,Parma,,,1537.812917978606,1467.5033695722352,1535.816426137082,1469.4998614137592
Bundesliga,2025/26,2025-12-21 14:30:00,1. FSV Mainz 05,FC St. Pauli,0.0,0.0,1438.5796565300072,1447.88440717814,1438.847404772057,1447.6166589360903
La Liga,2025/26,2025-12-21 15:15:00,Villarreal,FC Barcelona,0.0,2.0,1531.3630924789509,1603.0658552537145,1523.3980548728339,1611.0308928598315
Premier League,2025/26,2025-12-21 16:30:00,Aston Villa,Manchester United,2.0,1.0,1597.2672638392874,1524.376465089439,1605.1995459573936,1516.4441829713328
Bundesliga,2025/26,2025-12-21 16:30:00,1. FC Heidenheim,FC Bayern München,0.0,4.0,1452.1640789354685,1624.462924989035,1446.753070981079,1629.8739329434245
Serie A,2025/26,2025-12-21 17:00:00,Fiorentina,Udinese,5.0,1.0,1423.2946603103794,1500.817517292128,1435.4896410809026,1488.6225365216048
La Liga,2025/26,2025-12-21 17:30:00,Elche,Rayo Vallecano,4.0,0.0,1486.3380763536277,1485.578005884918,1496.3161998018911,1475.5998824366545
Serie A,2025/26,2025-12-21 19:45:00,Genoa,Atalanta,0.0,1.0,1469.9790432256952,1525.6320890480138,1461.5673057440379,1534.0438265296712
La Liga,2025/26,2025-12-21 20:00:00,Real Betis,Getafe,4.0,0.0,1554.5218061250253,1480.9459999800933,1562.4352228141279,1473.0325832909907
La Liga,2025/26,2025-12-22 20:00:00,Athletic Club,Espanyol,1.0,2.0,1481.91909432614,1542.252622060977,1473.6383853709606,1550.5333310161566
Premier League,2025/26,2025-12-22 20:00:00,Fulham,Nottingham Forest,1.0,0.0,1485.8361081389542,1504.1685952610624,1496.3632703896244,1493.6414330103921
Premier League,2025/26,2025-12-26 20:00:00,Manchester United,Newcastle United,1.0,0.0,1516.4441829713328,1511.3914921115775,1526.2987650896653,1501.536909993245
Serie A,2025/26,2025-12-27 11:30:00,Parma,Fiorentina,1.0,0.0,1469.4998614137592,1435.4896410809026,1478.5240833317714,1426.4654191628904
Premier League,2025/26,2025-12-27 12:30:00,Nottingham Forest,Manchester City,1.0,2.0,1493.6414330103921,1595.3919215939545,1486.4890965842242,1602.5442580201225
Serie A,2025/26,2025-12-27 14:00:00,Lecce,Como,0.0,3.0,1478.3481784430614,1526.5419375181532,1469.7264775915958,1535.1636383696189
Serie A,2025/26,2025-12-27 14:00:00,Torino,Cagliari,1.0,2.0,1495.3723852867658,1465.836212895446,1484.524307951614,1476.6842902305978
Premier League,2025/26,2025-12-27 15:00:00,Liverpool FC,Wolverhampton,2.0,1.0,1541.8900285515824,1381.9284903881082,1547.5858754245633,1376.2326435151274
Premier League,2025/26,2025-12-27 15:00:00,Arsenal,Brighton & Hove Albion,2.0,1.0,1625.0297213545514,1509.3272813612557,1631.8174181227405,1502.5395845930666
Premier League,2025/26,2025-12-27 15:00:00,West Ham United,Fulham,0.0,1.0,1451.606670928916,1496.3632703896244,1442.8877907037336,1505.0821506148068
Premier League,2025/26,2025-12-27 15:00:00,Brentford,Bournemouth,4.0,1.0,1492.9279521899894,1495.0982042482656,1502.990416253039,1485.035740185216
Premier League,2025/26,2025-12-27 15:00:00,Burnley,Everton,0.0,0.0,1426.1386405725111,1504.902810538393,1428.367601063501,1502.673850047403
Serie A,2025/26,2025-12-27 17:00:00,Udinese,Lazio,1.0,1.0,1488.6225365216048,1511.869844024367,1489.290651043749,1511.2017295022229
Premier League,2025/26,2025-12-27 17:30:00,Chelsea,Aston Villa,1.0,2.0,1539.5291548386126,1605.1995459573936,1531.3971082839944,1613.3315925120119
Serie A,2025/26,2025-12-27 19:45:00,Pisa,Juventus,0.0,2.0,1451.6366168294721,1555.0435339981657,1444.528030397853,1562.1521204297849
Serie A,2025/26,2025-12-28 11:30:00,AC Milan,Hellas Verona,3.0,0.0,1568.010689008679,1461.9991531535306,1575.0507258023893,1454.9591163598204
Serie A,2025/26,2025-12-28 14:00:00,Cremonese,SSC Napoli,0.0,2.0,1496.8583242355717,1535.816426137082,1487.9749525859108,1544.699797786743
Premier League,2025/26,2025-12-28 14:00:00,Sunderland,Leeds United,1.0,1.0,1525.8026052753119,1479.1834440392743,1524.4687932213712,1480.5172560932149
Premier League,2025/26,2025-12-28 16:30:00,Crystal Palace,Tottenham Hotspur,0.0,1.0,1513.8465369839355,1502.9301131592695,1503.532440402929,1513.244209740276
Serie A,2025/26,2025-12-28 17:00:00,Bologna,Sassuolo,1.0,1.0,1536.768857001701,1491.3675921692504,1535.4694911607953,1492.6669580101561
Serie A,2025/26,2025-12-28 19:45:00,Atalanta,Inter,0.0,1.0,1534.0438265296712,1567.7051439388038,1525.00965702326,1576.739313445215
Serie A,2025/26,2025-12-29 19:45:00,AS Roma,Genoa,3.0,1.0,1545.0681958695425,1461.5673057440379,1552.7100755321967,1453.9254260813836
Premier League,2025/26,2025-12-30 19:30:00,West Ham United,Brighton & Hove Albion,2.0,2.0,1442.8877907037336,1502.5395845930666,1444.5880334847357,1500.8393418120645
Premier League,2025/26,2025-12-30 19:30:00,Burnley,Newcastle United,1.0,3.0,1428.367601063501,1501.536909993245,1420.442991111625,1509.4615199451212
Premier League,2025/26,2025-12-30 19:30:00,Chelsea,Bournemouth,2.0,2.0,1531.3971082839944,1485.035740185216,1530.0705848292173,1486.362263639993
Premier League,2025/26,2025-12-30 19:30:00,Nottingham Forest,Everton,0.0,2.0,1486.4890965842242,1502.673850047403,1476.95459457046,1512.2083520611673
Premier League,2025/26,2025-12-30 20:15:00,Manchester United,Wolverhampton,1.0,1.0,1526.2987650896653,1376.2326435151274,1522.2294769069943,1380.3019316977984
Premier League,2025/26,2025-12-30 20:15:00,Arsenal,Aston Villa,4.0,1.0,1631.8174181227405,1613.3315925120119,1641.2858548032168,1603.8631558315356
Premier League,2025/26,2026-01-01 17:30:00,Crystal Palace,Fulham,1.0,1.0,1503.532440402929,1505.0821506148068,1503.5770443525294,1505.0375466652065
Premier League,2025/26,2026-01-01 17:30:00,Liverpool FC,Leeds United,0.0,0.0,1547.5858754245633,1480.5172560932149,1545.679111343651,1482.4240201741272
Premier League,2025/26,2026-01-01 20:00:00,Brentford,Tottenham Hotspur,0.0,0.0,1502.990416253039,1513.244209740276,1503.285458497324,1512.9491674959909
Premier League,2025/26,2026-01-01 20:00:00,Sunderland,Manchester City,0.0,0.0,1524.4687932213712,1602.5442580201225,1526.6789077177611,1600.3341435237326
Ligue 1,2025/26,2026-01-02 19:45:00,Toulouse,RC Lens,0.0,3.0,1508.8014182362851,1575.533950929416,1500.698858948179,1583.6365102175223
Serie A,2025/26,2026-01-02 19:45:00,Cagliari,AC Milan,0.0,1.0,1476.6842902305978,1575.0507258023893,1469.442205256232,1582.292810776755
La Liga,2025/26,2026-01-02 20:00:00,Rayo Vallecano,Getafe,1.0,1.0,1475.5998824366545,1473.0325832909907,1475.5259909722347,1473.1064747554105
Serie A,2025/26,2026-01-03 11:30:00,Como,Udinese,1.0,0.0,1535.1636383696189,1489.290651043749,1543.8509268585328,1480.603362554835
Premier League,2025/26,2026-01-03 12:30:00,Aston Villa,Nottingham Forest,3.0,1.0,1603.8631558315356,1476.95459457046,1610.3646612960233,1470.4530891059721
La Liga,2025/26,2026-01-03 13:00:00,Celta Vigo,Valencia,4.0,1.0,1512.6070106092059,1470.1974958543528,1521.3923931549073,1461.4121133086514
Serie A,2025/26,2026-01-03 14:00:00,Genoa,Pisa,1.0,1.0,1453.9254260813836,1444.528030397853,1453.6550132315713,1444.7984432476653
Serie A,2025/26,2026-01-03 14:00:00,Sassuolo,Parma,1.0,1.0,1492.6669580101561,1478.5240833317714,1492.2601180437448,1478.9309232981827
Premier League,2025/26,2026-01-03 15:00:00,Brighton & Hove Albion,Burnley,2.0,0.0,1500.8393418120645,1420.442991111625,1508.565784397991,1412.7165485256985
Premier League,2025/26,2026-01-03 15:00:00,Wolverhampton,West Ham United,3.0,0.0,1380.3019316977984,1444.5880334847357,1392.1314038810356,1432.7585613014985
La Liga,2025/26,2026-01-03 15:15:00,Osasuna,Athletic Club,1.0,1.0,1468.7206995717142,1473.6383853709606,1468.862232495324,1473.4968524473509
Ligue 1,2025/26,2026-01-03 16:00:00,AS Monaco,Olympique Lyonnais,1.0,3.0,1507.251554203474,1546.0421645148801,1498.3634216109326,1554.9302971074214
Serie A,2025/26,2026-01-03 17:00:00,Juventus,Lecce,1.0,1.0,1562.1521204297849,1469.7264775915958,1559.5529225225534,1472.3256754988272
La Liga,2025/26,2026-01-03 17:30:00,Elche,Villarreal,1.0,3.0,1496.3161998018911,1523.3980548728339,1487.0941034074096,1532.6201512673154
Premier League,2025/26,2026-01-03 17:30:00,Bournemouth,Arsenal,2.0,3.0,1486.362263639993,1641.2858548032168,1480.5475424240442,1647.1005760191656
Ligue 1,2025/26,2026-01-03 18:00:00,Nice,RC Strasbourg,1.0,1.0,1409.8183532301714,1493.8572219957628,1412.1910914495757,1491.4844837763585
Serie A,2025/26,2026-01-03 19:45:00,Atalanta,AS Roma,1.0,0.0,1525.00965702326,1552.7100755321967,1535.8052541103425,1541.9144784451141
La Liga,2025/26,2026-01-03 20:00:00,Espanyol,FC Barcelona,0.0,2.0,1550.5333310161566,1611.0308928598315,1542.2572034106656,1619.3070204653225
Ligue 1,2025/26,2026-01-03 20:05:00,Lille,Stade Rennais,0.0,2.0,1545.2886714639187,1535.2896508572119,1535.0009559464663,1545.5773663746643
Serie A,2025/26,2026-01-04 11:30:00,Lazio,SSC Napoli,0.0,2.0,1511.2017295022229,1544.699797786743,1502.1629049280893,1553.7386223608764
Premier League,2025/26,2026-01-04 12:30:00,Leeds United,Manchester United,1.0,1.0,1482.4240201741272,1522.2294769069943,1483.5647266576823,1521.0887704234392
La Liga,2025/26,2026-01-04 13:00:00,Sevilla,Levante UD,0.0,3.0,1475.725219882242,1433.4243083583349,1464.5136822814745,1444.6358459591024
Serie A,2025/26,2026-01-04 14:00:00,Fiorentina,Cremonese,1.0,0.0,1426.4654191628904,1487.9749525859108,1438.2175386037109,1476.2228331450904
Ligue 1,2025/26,2026-01-04 14:00:00,Olympique de Marseille,Nantes,0.0,2.0,1548.610347996475,1441.060203668051,1535.6100331884556,1454.0605184760702
Premier League,2025/26,2026-01-04 15:00:00,Everton,Brentford,2.0,4.0,1512.2083520611673,1503.285458497324,1501.9515869891186,1513.5422235693727
Premier League,2025/26,2026-01-04 15:00:00,Newcastle United,Crystal Palace,2.0,0.0,1509.4615199451212,1503.5770443525294,1519.292167315951,1493.7463969816995
Premier League,2025/26,2026-01-04 15:00:00,Tottenham Hotspur,Sunderland,1.0,1.0,1512.9491674959909,1526.6789077177611,1513.3441356099343,1526.2839396038178
La Liga,2025/26,2026-01-04 15:15:00,Real Madrid,Real Betis,5.0,1.0,1587.0635024492212,1562.4352228141279,1596.3558284917406,1553.1428967716085
Premier League,2025/26,2026-01-04 15:15:00,Fulham,Liverpool FC,2.0,2.0,1505.0375466652065,1545.679111343651,1506.2019985675847,1544.5146594412727
Ligue 1,2025/26,2026-01-04 16:15:00,Lorient,Metz,1.0,1.0,1488.2130816924032,1437.1808567792775,1486.7547288708447,1438.639209600836
Ligue 1,2025/26,2026-01-04 16:15:00,Le Havre,Angers,2.0,1.0,1467.196450564522,1502.6047213417974,1478.2120687809045,1491.5891031254148
Ligue 1,2025/26,2026-01-04 16:15:00,Stade Brestois,Auxerre,2.0,0.0,1489.1499660096033,1443.3425911599434,1497.8391104808907,1434.653446688656
Serie A,2025/26,2026-01-04 17:00:00,Hellas Verona,Torino,0.0,3.0,1454.9591163598204,1484.524307951614,1445.8080229214888,1493.6754013899456
Premier League,2025/26,2026-01-04 17:30:00,Manchester City,Chelsea,1.0,1.0,1600.3341435237326,1530.0705848292173,1598.3389226440745,1532.0658057088754
La Liga,2025/26,2026-01-04 17:30:00,Mallorca,Girona FC,1.0,2.0,1478.6150615420133,1467.4029208343618,1468.2924621713719,1477.7255202050032
La Liga,2025/26,2026-01-04 17:30:00,Deportivo Alavés,Real Oviedo,1.0,1.0,1464.4742196604327,1436.6677588834323,1463.6755898245533,1437.4663887193117
Serie A,2025/26,2026-01-04 19:45:00,Inter,Bologna,3.0,1.0,1576.739313445215,1535.4694911607953,1585.5570278021025,1526.6517768039078
Ligue 1,2025/26,2026-01-04 19:45:00,Paris Saint-Germain,Paris FC,2.0,1.0,1591.8276953642264,1463.979934171983,1598.305499568699,1457.5021299675104
La Liga,2025/26,2026-01-04 20:00:00,Real Sociedad,Atlético Madrid,1.0,1.0,1464.4420416151893,1582.834316727545,1467.7236020488458,1579.5527562938885
Serie A,2025/26,2026-01-06 14:00:00,Pisa,Como,0.0,3.0,1444.7984432476653,1543.8509268585328,1437.5745924661182,1551.07477764008
Serie A,2025/26,2026-01-06 17:00:00,Lecce,AS Roma,0.0,2.0,1472.3256754988272,1541.9144784451141,1464.3022412747177,1549.9379126692236
Serie A,2025/26,2026-01-06 19:45:00,Sassuolo,Juventus,0.0,3.0,1492.2601180437448,1559.5529225225534,1484.1730993269266,1567.6399412393716
Premier League,2025/26,2026-01-06 20:00:00,West Ham United,Nottingham Forest,1.0,2.0,1432.7585613014985,1470.4530891059721,1423.839260098131,1479.3723903093396
Serie A,2025/26,2026-01-07 17:30:00,Bologna,Atalanta,0.0,2.0,1526.6517768039078,1535.8052541103425,1516.9151741200828,1545.5418567941674
Serie A,2025/26,2026-01-07 17:30:00,SSC Napoli,Hellas Verona,2.0,2.0,1553.7386223608764,1445.8080229214888,1550.7283461921613,1448.818299090204
Premier League,2025/26,2026-01-07 19:30:00,Manchester City,Brighton & Hove Albion,1.0,1.0,1598.3389226440745,1508.565784397991,1595.811052357088,1511.0936546849773
Premier League,2025/26,2026-01-07 19:30:00,Fulham,Chelsea,2.0,1.0,1506.2019985675847,1532.0658057088754,1516.9450467219046,1521.3227575545554
Premier League,2025/26,2026-01-07 19:30:00,Bournemouth,Tottenham Hotspur,3.0,2.0,1480.5475424240442,1513.3441356099343,1491.4887104457791,1502.4029675881993
Premier League,2025/26,2026-01-07 19:30:00,Crystal Palace,Aston Villa,0.0,0.0,1493.7463969816995,1610.3646612960233,1496.9823196891448,1607.128738588578
Premier League,2025/26,2026-01-07 19:30:00,Everton,Wolverhampton,1.0,1.0,1501.9515869891186,1392.1314038810356,1498.891933940227,1395.191056929927
Premier League,2025/26,2026-01-07 19:30:00,Brentford,Sunderland,3.0,0.0,1513.5422235693727,1526.2839396038178,1523.9087953109665,1515.917367862224
Serie A,2025/26,2026-01-07 19:45:00,Torino,Udinese,1.0,2.0,1493.6754013899456,1480.603362554835,1483.2993353032743,1490.9794286415063
Serie A,2025/26,2026-01-07 19:45:00,Lazio,Fiorentina,2.0,2.0,1502.1629049280893,1438.2175386037109,1500.3429133553911,1440.037530176409
Serie A,2025/26,2026-01-07 19:45:00,Parma,Inter,0.0,2.0,1478.9309232981827,1585.5570278021025,1471.9070169744084,1592.5809341258769
Premier League,2025/26,2026-01-07 20:15:00,Burnley,Manchester United,2.0,2.0,1412.7165485256985,1521.0887704234392,1415.7383793500628,1518.0669395990749
Premier League,2025/26,2026-01-07 20:15:00,Newcastle United,Leeds United,4.0,3.0,1519.292167315951,1483.5647266576823,1528.2674582590712,1474.5894357145621
Serie A,2025/26,2026-01-08 17:30:00,Cremonese,Cagliari,2.0,2.0,1476.2228331450904,1469.442205256232,1476.027695760553,1469.6373426407695
Serie A,2025/26,2026-01-08 19:45:00,AC Milan,Genoa,1.0,1.0,1582.292810776755,1453.6550132315713,1578.7507128597495,1457.1971111485768
Premier League,2025/26,2026-01-08 20:00:00,Arsenal,Liverpool FC,0.0,0.0,1647.1005760191656,1544.5146594412727,1644.2308319554895,1547.3844035049488
Bundesliga,2025/26,2026-01-09 19:30:00,Eintracht Frankfurt,Borussia Dortmund,3.0,3.0,1498.2043325716872,1581.803434378468,1500.5651223019383,1579.4426446482169
La Liga,2025/26,2026-01-09 20:00:00,Getafe,Real Sociedad,1.0,2.0,1473.1064747554105,1467.7236020488458,1462.9515556200492,1477.878521184207
La Liga,2025/26,2026-01-10 13:00:00,Real Oviedo,Real Betis,1.0,1.0,1437.4663887193117,1553.1428967716085,1440.6780225720915,1549.9312629188287
Serie A,2025/26,2026-01-10 14:00:00,Como,Bologna,1.0,1.0,1551.07477764008,1516.9151741200828,1550.0947410815438,1517.895210678619
Serie A,2025/26,2026-01-10 14:00:00,Udinese,Pisa,2.0,2.0,1490.9794286415063,1437.5745924661182,1489.454306482538,1439.0997146250866
Bundesliga,2025/26,2026-01-10 14:30:00,SV Werder Bremen,TSG Hoffenheim,,,1479.861568686438,1536.0166320569851,1481.4639126969482,1534.414288046475
Bundesliga,2025/26,2026-01-10 14:30:00,SC Freiburg,Hamburger SV,2.0,1.0,1533.3412183430926,1477.9440759307674,1541.7601363553945,1469.5251579184655
Bundesliga,2025/26,2026-01-10 14:30:00,1. FC Union Berlin,1. FSV Mainz 05,2.0,2.0,1501.672559694479,1438.847404772057,1499.8837606103352,1440.6362038562008
Bundesliga,2025/26,2026-01-10 14:30:00,FC St. Pauli,RB Leipzig,,,1447.6166589360903,1538.883110510566,1450.1847197791897,1536.3150496674666
Bundesliga,2025/26,2026-01-10 14:30:00,1. FC Heidenheim,1. FC Köln,2.0,2.0,1446.753070981079,1468.4377917256,1447.3763982426092,1467.8144644640697
La Liga,2025/26,2026-01-10 15:15:00,Villarreal,Deportivo Alavés,3.0,1.0,1532.6201512673154,1463.6755898245533,1540.6614103341428,1455.6343307577258
Serie A,2025/26,2026-01-10 17:00:00,AS Roma,Sassuolo,2.0,0.0,1549.9379126692236,1484.1730993269266,1558.067336493998,1476.0436755021522
La Liga,2025/26,2026-01-10 17:30:00,Girona FC,Osasuna,1.0,0.0,1477.7255202050032,1468.862232495324,1487.4704696038184,1459.1172830965088
Bundesliga,2025/26,2026-01-10 17:30:00,Bayer 04 Leverkusen,VfB Stuttgart,1.0,4.0,1553.1353825200817,1539.75397104843,1542.750424866441,1550.1389287020706
Serie A,2025/26,2026-01-10 19:45:00,Atalanta,Torino,2.0,0.0,1545.5418567941674,1483.2993353032743,1553.7692955118412,1475.0718965856006
La Liga,2025/26,2026-01-10 20:00:00,Valencia,Elche,1.0,1.0,1461.4121133086514,1487.0941034074096,1462.149957039032,1486.3562596770291
Serie A,2025/26,2026-01-11 11:30:00,Lecce,Parma,1.0,2.0,1464.3022412747177,1471.9070169744084,1454.5210893654717,1481.6881688836545
La Liga,2025/26,2026-01-11 13:00:00,Rayo Vallecano,Mallorca,2.0,1.0,1475.5259909722347,1468.2924621713719,1485.3178233541726,1458.500629789434
Serie A,2025/26,2026-01-11 14:00:00,Fiorentina,AC Milan,1.0,1.0,1440.037530176409,1578.7507128597495,1443.830588979474,1574.9576540566845
Bundesliga,2025/26,2026-01-11 14:30:00,Borussia M'gladbach,FC Augsburg,4.0,0.0,1479.2470896083198,1462.381494816019,1488.7620397046082,1452.8665447197307
La Liga,2025/26,2026-01-11 15:15:00,Levante UD,Espanyol,1.0,1.0,1444.6358459591024,1542.2572034106656,1447.3739353499811,1539.519114019787
Bundesliga,2025/26,2026-01-11 16:30:00,FC Bayern München,VfL Wolfsburg,8.0,1.0,1629.8739329434245,1470.0108722311036,1635.5720894119406,1464.3127157625875
Serie A,2025/26,2026-01-11 17:00:00,Hellas Verona,Lazio,0.0,1.0,1448.818299090204,1500.3429133553911,1440.2905197297368,1508.8706927158582
Serie A,2025/26,2026-01-11 19:45:00,Inter,SSC Napoli,2.0,2.0,1592.5809341258769,1550.7283461921613,1591.382112891404,1551.9271674266342
Serie A,2025/26,2026-01-12 17:30:00,Genoa,Cagliari,3.0,0.0,1457.1971111485768,1469.6373426407695,1467.5550168543014,1459.279436935045
Serie A,2025/26,2026-01-12 19:45:00,Juventus,Cremonese,5.0,0.0,1567.6399412393716,1476.027695760553,1575.0625864036506,1468.605050596274
La Liga,2025/26,2026-01-12 20:00:00,Sevilla,Celta Vigo,0.0,1.0,1464.5136822814745,1521.3923931549073,1456.1363129749548,1529.769762461427
Bundesliga,2025/26,2026-01-13 17:30:00,VfB Stuttgart,Eintracht Frankfurt,3.0,2.0,1550.1389287020706,1500.5651223019383,1558.7216847070256,1491.9823662969834
Bundesliga,2025/26,2026-01-13 19:30:00,1. FSV Mainz 05,1. FC Heidenheim,2.0,1.0,1440.6362038562008,1447.3763982426092,1450.830177911499,1437.182424187311
Bundesliga,2025/26,2026-01-13 19:30:00,Borussia Dortmund,SV Werder Bremen,3.0,0.0,1579.4426446482169,1481.4639126969482,1586.6950430348077,1474.2115143103574
Bundesliga,2025/26,2026-01-13 19:30:00,Hamburger SV,Bayer 04 Leverkusen,,,1469.5251579184655,1542.750424866441,1471.6020891437704,1540.6734936411362
Serie A,2025/26,2026-01-14 17:30:00,SSC Napoli,Parma,0.0,0.0,1551.9271674266342,1481.6881688836545,1549.9326253135866,1483.682710996702
Bundesliga,2025/26,2026-01-14 17:30:00,VfL Wolfsburg,FC St. Pauli,2.0,1.0,1464.3127157625875,1450.1847197791897,1473.9063033313637,1440.5911322104134
Bundesliga,2025/26,2026-01-14 19:30:00,RB Leipzig,SC Freiburg,2.0,0.0,1536.3150496674666,1541.7601363553945,1546.4717590304103,1531.6034269924507
Bundesliga,2025/26,2026-01-14 19:30:00,1. FC Köln,FC Bayern München,1.0,3.0,1467.8144644640697,1635.5720894119406,1462.2996583326694,1641.086895543341
Bundesliga,2025/26,2026-01-14 19:30:00,TSG Hoffenheim,Borussia M'gladbach,5.0,1.0,1534.414288046475,1488.7620397046082,1543.107820951865,1480.068506799218
Serie A,2025/26,2026-01-14 19:45:00,Inter,Lecce,1.0,0.0,1591.382112891404,1454.5210893654717,1597.6347857686496,1448.268416488226
Serie A,2025/26,2026-01-15 17:30:00,Hellas Verona,Bologna,2.0,3.0,1440.2905197297368,1517.895210678619,1432.4877422748584,1525.6979881334973
Bundesliga,2025/26,2026-01-15 19:30:00,FC Augsburg,1. FC Union Berlin,1.0,1.0,1452.8665447197307,1499.8837606103352,1454.2116081581928,1498.538697171873
Serie A,2025/26,2026-01-15 19:45:00,Como,AC Milan,1.0,3.0,1550.0947410815438,1574.9576540566845,1540.809134186633,1584.2432609515954
Ligue 1,2025/26,2026-01-16 18:00:00,AS Monaco,Lorient,1.0,3.0,1498.3634216109326,1486.7547288708447,1488.0294208583277,1497.0887296234496
Bundesliga,2025/26,2026-01-16 19:30:00,SV Werder Bremen,Eintracht Frankfurt,3.0,3.0,1474.2115143103574,1491.9823662969834,1474.7225549655914,1491.4713256417494
Serie A,2025/26,2026-01-16 19:45:00,Pisa,Atalanta,1.0,1.0,1439.0997146250866,1553.7692955118412,1442.2853319848512,1550.5836781520766
La Liga,2025/26,2026-01-16 20:00:00,Espanyol,Girona FC,0.0,2.0,1539.519114019787,1487.4704696038184,1528.0321407767995,1498.9574428468059
Ligue 1,2025/26,2026-01-16 20:00:00,Paris Saint-Germain,Lille,3.0,0.0,1598.305499568699,1535.0009559464663,1606.5033473788906,1526.8031081362747
Premier League,2025/26,2026-01-17 12:30:00,Manchester United,Manchester City,2.0,0.0,1518.0669395990749,1595.811052357088,1530.2679809561173,1583.6100110000457
La Liga,2025/26,2026-01-17 13:00:00,Real Madrid,Levante UD,2.0,0.0,1596.3558284917406,1447.3739353499811,1602.3126124013295,1441.4171514403922
Serie A,2025/26,2026-01-17 14:00:00,Udinese,Inter,0.0,1.0,1489.454306482538,1597.6347857686496,1482.4711216216947,1604.617970629493
Bundesliga,2025/26,2026-01-17 14:30:00,Borussia Dortmund,FC St. Pauli,3.0,2.0,1586.6950430348077,1440.5911322104134,1592.7213516662657,1434.5648235789554
Bundesliga,2025/26,2026-01-17 14:30:00,TSG Hoffenheim,Bayer 04 Leverkusen,1.0,0.0,1543.107820951865,1540.6734936411362,1553.0377565261774,1530.7435580668239
Bundesliga,2025/26,2026-01-17 14:30:00,Hamburger SV,Borussia M'gladbach,0.0,0.0,1471.6020891437704,1480.068506799218,1471.8457240095988,1479.8248719333897
Bundesliga,2025/26,2026-01-17 14:30:00,VfL Wolfsburg,1. FC Heidenheim,1.0,1.0,1473.9063033313637,1437.182424187311,1472.853224030972,1438.2355034877028
Bundesliga,2025/26,2026-01-17 14:30:00,1. FC Köln,1. FSV Mainz 05,2.0,1.0,1462.2996583326694,1450.830177911499,1471.9696600161387,1441.1601762280297
Premier League,2025/26,2026-01-17 15:00:00,Sunderland,Crystal Palace,2.0,1.0,1515.917367862224,1496.9823196891448,1525.37291230527,1487.5267752460989
Premier League,2025/26,2026-01-17 15:00:00,Leeds United,Fulham,1.0,0.0,1474.5894357145621,1516.9450467219046,1485.802524554334,1505.7319578821327
Premier League,2025/26,2026-01-17 15:00:00,Liverpool FC,Burnley,1.0,1.0,1547.3844035049488,1415.7383793500628,1543.7668184524423,1419.3559644025693
Premier League,2025/26,2026-01-17 15:00:00,Chelsea,Brentford,2.0,0.0,1521.3227575545554,1523.9087953109665,1531.397188329884,1513.8343645356379
Premier League,2025/26,2026-01-17 15:00:00,Tottenham Hotspur,West Ham United,1.0,2.0,1502.4029675881993,1423.839260098131,1490.179490918062,1436.0627367682685
La Liga,2025/26,2026-01-17 15:15:00,Mallorca,Athletic Club,3.0,2.0,1458.500629789434,1473.4968524473509,1468.9319879321595,1463.0654943046254
Ligue 1,2025/26,2026-01-17 16:00:00,RC Lens,Auxerre,1.0,0.0,1583.6365102175223,1434.653446688656,1589.5932659476255,1428.6966909585528
Serie A,2025/26,2026-01-17 17:00:00,SSC Napoli,Sassuolo,1.0,0.0,1549.9326253135866,1476.0436755021522,1557.837423037364,1468.1388777783748
Premier League,2025/26,2026-01-17 17:30:00,Nottingham Forest,Arsenal,0.0,0.0,1479.3723903093396,1644.2308319554895,1483.7906767562208,1639.8125455086083
Bundesliga,2025/26,2026-01-17 17:30:00,RB Leipzig,FC Bayern München,1.0,5.0,1546.4717590304103,1641.086895543341,1539.1296213279657,1648.4290332457856
La Liga,2025/26,2026-01-17 17:30:00,Osasuna,Real Oviedo,3.0,2.0,1459.1172830965088,1440.6780225720915,1468.5870562504113,1431.208249418189
Ligue 1,2025/26,2026-01-17 18:00:00,Toulouse,Nice,5.0,1.0,1500.698858948179,1412.1910914495757,1508.205112921123,1404.6848374766316
Serie A,2025/26,2026-01-17 19:45:00,Cagliari,Juventus,1.0,0.0,1459.279436935045,1575.0625864036506,1472.493823308381,1561.8482000303145
La Liga,2025/26,2026-01-17 20:00:00,Real Betis,Villarreal,2.0,0.0,1549.9312629188287,1540.6614103341428,1559.664518406404,1530.9281548465674
Ligue 1,2025/26,2026-01-17 20:05:00,Angers,Olympique de Marseille,2.0,5.0,1491.5891031254148,1535.6100331884556,1482.849390539312,1544.3497457745584
Serie A,2025/26,2026-01-18 11:30:00,Parma,Genoa,0.0,0.0,1483.682710996702,1467.5550168543014,1483.2188517635761,1468.0188760874273
La Liga,2025/26,2026-01-18 13:00:00,Getafe,Valencia,0.0,1.0,1462.9515556200492,1462.149957039032,1452.928483799197,1472.1730288598842
Serie A,2025/26,2026-01-18 14:00:00,Bologna,Fiorentina,1.0,2.0,1525.6979881334973,1443.830588979474,1513.3843179853789,1456.1442591275925
Ligue 1,2025/26,2026-01-18 14:00:00,RC Strasbourg,Metz,2.0,1.0,1491.4844837763585,1438.639209600836,1499.9750963443876,1430.148597032807
Premier League,2025/26,2026-01-18 14:00:00,Wolverhampton,Newcastle United,0.0,0.0,1395.191056929927,1528.2674582590712,1398.8443703046667,1524.6141448843316
Bundesliga,2025/26,2026-01-18 14:30:00,VfB Stuttgart,1. FC Union Berlin,1.0,1.0,1558.7216847070256,1498.538697171873,1557.0065987917258,1500.253783087173
La Liga,2025/26,2026-01-18 15:15:00,Atlético Madrid,Deportivo Alavés,1.0,0.0,1579.5527562938885,1455.6343307577258,1586.130017352746,1449.0570696988682
Ligue 1,2025/26,2026-01-18 16:15:00,Nantes,Paris FC,1.0,2.0,1454.0605184760702,1457.5021299675104,1444.1595727776753,1467.4030756659054
Ligue 1,2025/26,2026-01-18 16:15:00,Stade Rennais,Le Havre,1.0,1.0,1545.5773663746643,1478.2120687809045,1543.6623750083,1480.1270601472688
Premier League,2025/26,2026-01-18 16:30:00,Aston Villa,Everton,0.0,1.0,1607.128738588578,1498.891933940227,1594.1104498931415,1511.9102226356636
Bundesliga,2025/26,2026-01-18 16:30:00,FC Augsburg,SC Freiburg,2.0,2.0,1454.2116081581928,1531.6034269924507,1456.4029987631445,1529.412036387499
Serie A,2025/26,2026-01-18 17:00:00,Torino,AS Roma,0.0,2.0,1475.0718965856006,1558.067336493998,1467.416273167727,1565.7229599118716
La Liga,2025/26,2026-01-18 17:30:00,Celta Vigo,Rayo Vallecano,3.0,0.0,1529.769762461427,1485.3178233541726,1538.4972685632888,1476.5903172523108
Ligue 1,2025/26,2026-01-18 19:45:00,Olympique Lyonnais,Stade Brestois,2.0,1.0,1554.9302971074214,1497.8391104808907,1563.3017124797461,1489.467695108566
Serie A,2025/26,2026-01-18 19:45:00,AC Milan,Lecce,1.0,0.0,1584.2432609515954,1448.268416488226,1590.5178793307507,1441.9937981090707
La Liga,2025/26,2026-01-18 20:00:00,Real Sociedad,FC Barcelona,2.0,1.0,1477.878521184207,1619.3070204653225,1491.738289852598,1605.4472517969316
Serie A,2025/26,2026-01-19 17:30:00,Cremonese,Hellas Verona,0.0,0.0,1468.605050596274,1432.4877422748584,1467.5692393540733,1433.523553517059
Serie A,2025/26,2026-01-19 19:45:00,Lazio,Como,0.0,3.0,1508.8706927158582,1540.809134186633,1499.7873742916242,1549.892452610867
La Liga,2025/26,2026-01-19 20:00:00,Elche,Sevilla,2.0,2.0,1486.3562596770291,1456.1363129749548,1485.4886465709099,1457.003926081074
Premier League,2025/26,2026-01-19 20:00:00,Brighton & Hove Albion,Bournemouth,1.0,1.0,1511.0936546849773,1491.4887104457791,1510.5299771665134,1492.052387964243
Champions League,2025/26,2026-01-20 15:30:00,FC Kairat Almaty,Club Brugge KV,1.0,4.0,1480.882465781291,1511.223892923467,1471.7535489502302,1520.352809754528
Champions League,2025/26,2026-01-20 17:45:00,Bodø/Glimt,Manchester City,3.0,1.0,1474.9072116282762,1583.6100110000457,1487.9376859105157,1570.5795367178061
Champions League,2025/26,2026-01-20 20:00:00,Villarreal,AFC Ajax,1.0,2.0,1530.9281548465674,1465.7111629737537,1519.072799001285,1477.5665188190362
Champions League,2025/26,2026-01-20 20:00:00,Olympiacos FC,Bayer 04 Leverkusen,2.0,0.0,1487.5272656554182,1530.7435580668239,1498.7647549679575,1519.5060687542846
Champions League,2025/26,2026-01-20 20:00:00,Tottenham Hotspur,Borussia Dortmund,2.0,0.0,1490.179490918062,1592.7213516662657,1503.0480713383206,1579.852771246007
Champions League,2025/26,2026-01-20 20:00:00,Sporting CP,Paris Saint-Germain,2.0,1.0,1515.5906880756954,1606.5033473788906,1528.1492350337883,1593.9448004207977
Champions League,2025/26,2026-01-20 20:00:00,Inter,Arsenal,1.0,3.0,1604.617970629493,1639.8125455086083,1595.6275012468727,1648.8030148912285
Champions League,2025/26,2026-01-20 20:00:00,Real Madrid,AS Monaco,6.0,1.0,1602.3126124013295,1488.0294208583277,1609.1369911632985,1481.2050420963587
Champions League,2025/26,2026-01-20 20:00:00,FC København,SSC Napoli,1.0,1.0,1529.768720443289,1557.837423037364,1530.57484961052,1557.0312938701331
Champions League,2025/26,2026-01-21 17:45:00,Qarabağ FK,Eintracht Frankfurt,3.0,2.0,1522.9499698809952,1491.4713256417494,1532.0464127116643,1482.3748828110804
Champions League,2025/26,2026-01-21 17:45:00,Galatasaray,Atlético Madrid,1.0,1.0,1499.442518420189,1586.130017352746,1501.887067188782,1583.6854685841529
Champions League,2025/26,2026-01-21 20:00:00,FC Bayern München,Royale Union Saint-Gilloise,2.0,0.0,1648.4290332457856,1484.273677695713,1654.0270473876565,1478.6756635538422
Champions League,2025/26,2026-01-21 20:00:00,Juventus,Benfica,2.0,0.0,1561.8482000303145,1509.1609753814823,1570.343258296022,1500.6659171157748
Champions League,2025/26,2026-01-21 20:00:00,SK Slavia Praha,FC Barcelona,2.0,4.0,1474.7001071250386,1605.4472517969316,1468.2951851576909,1611.8521737642793
Champions League,2025/26,2026-01-21 20:00:00,Olympique de Marseille,Liverpool FC,0.0,3.0,1544.3497457745584,1543.7668184524423,1534.3329677932743,1553.7835964337264
Champions League,2025/26,2026-01-21 20:00:00,Newcastle United,PSV Eindhoven,3.0,0.0,1524.6141448843316,1502.7791150385813,1533.9865083046323,1493.4067516182806
Champions League,2025/26,2026-01-21 20:00:00,Atalanta,Athletic Club,2.0,3.0,1550.5836781520766,1463.0654943046254,1538.1166622843261,1475.5325101723759
Champions League,2025/26,2026-01-21 20:00:00,Chelsea,Pafos FC,1.0,0.0,1531.397188329884,1526.8310452805629,1541.2657717345512,1516.9624618758958
Europa League,2025/26,2026-01-22 17:45:00,PAOK,Real Betis,2.0,0.0,1519.6849697454325,1559.664518406404,1530.8306215137063,1548.5188666381302
Europa League,2025/26,2026-01-22 17:45:00,SC Freiburg,Maccabi Tel Aviv,1.0,0.0,1529.412036387499,1463.4039647702682,1537.5347045498004,1455.2812966079669
Europa League,2025/26,2026-01-22 17:45:00,Fenerbahçe,Aston Villa,0.0,1.0,1515.0298461564344,1594.1104498931415,1507.267460089905,1601.872835959671
Europa League,2025/26,2026-01-22 17:45:00,Bologna,Celtic,2.0,2.0,1513.3843179853789,1487.594679738183,1512.6433928306692,1488.3356048928927
Europa League,2025/26,2026-01-22 17:45:00,FC Viktoria Plzeň,FC Porto,1.0,1.0,1522.906248131722,1526.1438664387508,1522.9994315801257,1526.050682990347
Europa League,2025/26,2026-01-22 17:45:00,SK Brann,FC Midtjylland,3.0,3.0,1511.5394134077744,1578.3275332141716,1513.4383963967387,1576.4285502252073
Europa League,2025/26,2026-01-22 17:45:00,BSC Young Boys,Olympique Lyonnais,0.0,1.0,1520.7279014494377,1563.3017124797461,1511.947177698561,1572.0824362306228
Europa League,2025/26,2026-01-22 17:45:00,Feyenoord,SK Sturm Graz,3.0,0.0,1463.0348071083997,1471.9366933600108,1473.2909679390896,1461.680532529321
Europa League,2025/26,2026-01-22 17:45:00,Malmö FF,FK Crvena Zvezda,0.0,1.0,1492.5039049658917,1530.039581101879,1483.580084819231,1538.9634012485399
Europa League,2025/26,2026-01-22 20:00:00,Nice,Go Ahead Eagles,3.0,1.0,1404.6848374766316,1482.7193798419587,1416.8938316345052,1470.5103856840851
Europa League,2025/26,2026-01-22 20:00:00,Ferencváros TC,Panathinaikos FC,1.0,1.0,1562.0335928472855,1520.5322569893608,1560.844737368745,1521.7211124679013
Europa League,2025/26,2026-01-22 20:00:00,AS Roma,VfB Stuttgart,2.0,0.0,1565.7229599118716,1557.0065987917258,1575.4721354922776,1547.2574232113197
Europa League,2025/26,2026-01-22 20:00:00,Sporting Braga,Nottingham Forest,1.0,0.0,1564.979635603027,1483.7906767562208,1572.6844555685543,1476.0858567906935
Europa League,2025/26,2026-01-22 20:00:00,Celta Vigo,Lille,2.0,1.0,1538.4972685632888,1526.8031081362747,1548.1608106173921,1517.1395660821713
Europa League,2025/26,2026-01-22 20:00:00,GNK Dinamo Zagreb,FCSB,4.0,1.0,1491.2892842138442,1490.262544017162,1501.2597323414807,1480.2920958895256
Europa League,2025/26,2026-01-22 20:00:00,Rangers,Ludogorets,1.0,0.0,1448.986746156059,1503.461178420257,1460.541923489991,1491.9060010863252
Europa League,2025/26,2026-01-22 20:00:00,Red Bull Salzburg,Basel,3.0,1.0,1458.3752053619712,1477.9852778831957,1468.9390300151495,1467.4214532300175
Europa League,2025/26,2026-01-22 20:00:00,FC Utrecht,KRC Genk,0.0,2.0,1494.0081135365492,1514.1851042468797,1484.588202024006,1523.605015759423
Ligue 1,2025/26,2026-01-23 19:00:00,Auxerre,Paris Saint-Germain,0.0,1.0,1428.6966909585528,1593.9448004207977,1423.1239990579836,1599.517492321367
Bundesliga,2025/26,2026-01-23 19:30:00,FC St. Pauli,Hamburger SV,0.0,0.0,1434.5648235789554,1471.8457240095988,1435.6337547557832,1470.776792832771
Serie A,2025/26,2026-01-23 19:45:00,Inter,Pisa,6.0,2.0,1595.6275012468727,1442.2853319848512,1601.4798378333587,1436.4329953983652
La Liga,2025/26,2026-01-23 20:00:00,Levante UD,Elche,3.0,2.0,1441.4171514403922,1485.4886465709099,1452.6788710914925,1474.2269269198096
Premier League,2025/26,2026-01-24 12:30:00,West Ham United,Sunderland,3.0,1.0,1436.0627367682685,1525.37291230527,1448.5781292150634,1512.857519858475
La Liga,2025/26,2026-01-24 13:00:00,Rayo Vallecano,Osasuna,1.0,3.0,1476.5903172523108,1468.5870562504113,1466.3600056185412,1478.8173678841808
Serie A,2025/26,2026-01-24 14:00:00,Como,Torino,6.0,0.0,1549.892452610867,1467.416273167727,1557.5622050655002,1459.7465207130938
Bundesliga,2025/26,2026-01-24 14:30:00,1. FSV Mainz 05,VfL Wolfsburg,3.0,1.0,1441.1601762280297,1472.853224030972,1452.0698537046894,1461.9435465543122
Bundesliga,2025/26,2026-01-24 14:30:00,FC Bayern München,FC Augsburg,1.0,2.0,1654.0270473876565,1456.4029987631445,1638.882216034917,1471.547830115884
Bundesliga,2025/26,2026-01-24 14:30:00,1. FC Heidenheim,RB Leipzig,0.0,3.0,1438.2355034877028,1539.1296213279657,1431.0605016466861,1546.3046231689823
Bundesliga,2025/26,2026-01-24 14:30:00,Eintracht Frankfurt,TSG Hoffenheim,1.0,3.0,1482.3748828110804,1553.0377565261774,1474.3811368320544,1561.0315025052034
Bundesliga,2025/26,2026-01-24 14:30:00,Bayer 04 Leverkusen,SV Werder Bremen,1.0,0.0,1519.5060687542846,1474.7225549655914,1528.2241870445905,1466.0044366752854
Premier League,2025/26,2026-01-24 15:00:00,Fulham,Brighton & Hove Albion,2.0,1.0,1505.7319578821327,1510.5299771665134,1515.870047199869,1500.391887848777
Premier League,2025/26,2026-01-24 15:00:00,Manchester City,Wolverhampton,2.0,0.0,1570.5795367178061,1398.8443703046667,1576.0033616192306,1393.4205454032422
Premier League,2025/26,2026-01-24 15:00:00,Burnley,Tottenham Hotspur,2.0,2.0,1419.3559644025693,1503.0480713383206,1421.719281683246,1500.6847540576439
La Liga,2025/26,2026-01-24 15:15:00,Valencia,Espanyol,3.0,2.0,1472.1730288598842,1528.0321407767995,1483.767072276375,1516.4380973603086
Ligue 1,2025/26,2026-01-24 16:00:00,Stade Rennais,Lorient,0.0,2.0,1543.6623750083,1497.0887296234496,1532.3298497218102,1508.4212549099393
Serie A,2025/26,2026-01-24 17:00:00,Fiorentina,Cagliari,1.0,2.0,1456.1442591275925,1472.493823308381,1446.6144903638221,1482.0235920721514
Bundesliga,2025/26,2026-01-24 17:30:00,1. FC Union Berlin,Borussia Dortmund,0.0,3.0,1500.253783087173,1579.852771246007,1492.5055655358246,1587.6009887973553
Premier League,2025/26,2026-01-24 17:30:00,Bournemouth,Liverpool FC,3.0,2.0,1492.052387964243,1553.7835964337264,1503.8106911627517,1542.0252932352178
La Liga,2025/26,2026-01-24 17:30:00,Sevilla,Athletic Club,2.0,1.0,1457.003926081074,1475.5325101723759,1467.5367166031363,1464.9997196503136
Ligue 1,2025/26,2026-01-24 18:00:00,Le Havre,AS Monaco,0.0,0.0,1480.1270601472688,1481.2050420963587,1480.158086862289,1481.1740153813384
Serie A,2025/26,2026-01-24 19:45:00,Lecce,Lazio,0.0,0.0,1441.9937981090707,1499.7873742916242,1443.6420564320324,1498.1391159686625
La Liga,2025/26,2026-01-24 20:00:00,Villarreal,Real Madrid,0.0,2.0,1519.072799001285,1609.1369911632985,1511.6085095171086,1616.6012806474748
Ligue 1,2025/26,2026-01-24 20:05:00,Olympique de Marseille,RC Lens,3.0,1.0,1534.3329677932743,1589.5932659476255,1545.9102093079327,1578.016024432967
Serie A,2025/26,2026-01-25 11:30:00,Sassuolo,Cremonese,1.0,0.0,1468.1388777783748,1467.5692393540733,1478.1224822812635,1457.5856348511845
La Liga,2025/26,2026-01-25 13:00:00,Atlético Madrid,Mallorca,3.0,0.0,1583.6854685841529,1468.9319879321595,1590.4976816226706,1462.1197748936418
Premier League,2025/26,2026-01-25 14:00:00,Brentford,Nottingham Forest,0.0,2.0,1513.8343645356379,1476.0858567906935,1502.7521302426585,1487.1680910836728
Serie A,2025/26,2026-01-25 14:00:00,Genoa,Bologna,3.0,2.0,1468.0188760874273,1512.6433928306692,1479.2962564292955,1501.366012488801
Serie A,2025/26,2026-01-25 14:00:00,Atalanta,Parma,4.0,0.0,1538.1166622843261,1483.2188517635761,1546.5495961266024,1474.7859179212999
Premier League,2025/26,2026-01-25 14:00:00,Crystal Palace,Chelsea,1.0,3.0,1487.5267752460989,1541.2657717345512,1479.061290219047,1549.7312567616032
Premier League,2025/26,2026-01-25 14:00:00,Newcastle United,Aston Villa,0.0,2.0,1533.9865083046323,1601.872835959671,1525.9159420146298,1609.9434022496735
Ligue 1,2025/26,2026-01-25 14:00:00,Nantes,Nice,1.0,4.0,1444.1595727776753,1416.8938316345052,1433.3764087503464,1427.676995661834
Bundesliga,2025/26,2026-01-25 14:30:00,Borussia M'gladbach,VfB Stuttgart,0.0,3.0,1479.8248719333897,1547.2574232113197,1471.7417279607985,1555.340567183911
La Liga,2025/26,2026-01-25 15:15:00,FC Barcelona,Real Oviedo,3.0,0.0,1611.8521737642793,1431.208249418189,1617.075675259115,1425.9847479233533
Ligue 1,2025/26,2026-01-25 16:15:00,Paris FC,Angers,0.0,0.0,1467.4030756659054,1482.849390539312,1467.8473636694039,1482.4051025358135
Ligue 1,2025/26,2026-01-25 16:15:00,Stade Brestois,Toulouse,0.0,2.0,1489.467695108566,1508.205112921123,1480.0064790932688,1517.66632893642
Ligue 1,2025/26,2026-01-25 16:15:00,Metz,Olympique Lyonnais,2.0,5.0,1430.148597032807,1572.0824362306228,1424.0207367343728,1578.210296529057
Bundesliga,2025/26,2026-01-25 16:30:00,SC Freiburg,1. FC Köln,2.0,1.0,1537.5347045498004,1471.9696600161387,1545.6696775903415,1463.8346869755976
Premier League,2025/26,2026-01-25 16:30:00,Arsenal,Manchester United,2.0,3.0,1648.8030148912285,1530.2679809561173,1635.5177884986194,1543.5532073487263
Serie A,2025/26,2026-01-25 17:00:00,Juventus,SSC Napoli,3.0,0.0,1570.343258296022,1557.0312938701331,1579.960296542228,1547.4142556239271
La Liga,2025/26,2026-01-25 17:30:00,Real Sociedad,Celta Vigo,3.0,1.0,1491.738289852598,1548.1608106173921,1503.3481333314553,1536.5509671385348
Ligue 1,2025/26,2026-01-25 19:45:00,Lille,RC Strasbourg,1.0,4.0,1517.1395660821713,1499.9750963443876,1506.6459344651798,1510.468727961379
Serie A,2025/26,2026-01-25 19:45:00,AS Roma,AC Milan,1.0,1.0,1575.4721354922776,1590.5178793307507,1575.9049163082811,1590.0850985147472
La Liga,2025/26,2026-01-25 20:00:00,Deportivo Alavés,Real Betis,2.0,1.0,1449.0570696988682,1548.5188666381302,1461.844088380943,1535.7318479560554
Serie A,2025/26,2026-01-26 19:45:00,Hellas Verona,Udinese,1.0,3.0,1433.523553517059,1482.4711216216947,1424.9231304694483,1491.0715446693055
La Liga,2025/26,2026-01-26 20:00:00,Girona FC,Getafe,1.0,1.0,1498.9574428468059,1452.928483799197,1497.6403197278541,1454.2456069181487
Premier League,2025/26,2026-01-26 20:00:00,Everton,Leeds United,1.0,1.0,1511.9102226356636,1485.802524554334,1511.160193858523,1486.5525533314747
Bundesliga,2025/26,2026-01-27 19:30:00,FC St. Pauli,RB Leipzig,1.0,1.0,1435.6337547557832,1546.3046231689823,1438.715583709947,1543.2227942148186
Bundesliga,2025/26,2026-01-27 19:30:00,SV Werder Bremen,TSG Hoffenheim,0.0,2.0,1466.0044366752854,1561.0315025052034,1458.673314220283,1568.362624960206
Champions League,2025/26,2026-01-28 20:00:00,Paris Saint-Germain,Newcastle United,1.0,1.0,1599.517492321367,1525.9159420146298,1597.4302003057464,1528.0032340302503
Champions League,2025/26,2026-01-28 20:00:00,Borussia Dortmund,Inter,0.0,2.0,1587.6009887973553,1601.4798378333587,1578.0002418400247,1611.0805847906893
Champions League,2025/26,2026-01-28 20:00:00,Arsenal,FC Kairat Almaty,3.0,2.0,1635.5177884986194,1471.7535489502302,1641.1248829936205,1466.146454455229
Champions League,2025/26,2026-01-28 20:00:00,SSC Napoli,Chelsea,2.0,3.0,1547.4142556239271,1549.7312567616032,1537.4809432888137,1559.6645690967166
Champions League,2025/26,2026-01-28 20:00:00,AFC Ajax,Olympiacos FC,1.0,2.0,1477.5665188190362,1498.7647549679575,1468.1758971235306,1508.1553766634631
Champions League,2025/26,2026-01-28 20:00:00,Pafos FC,SK Slavia Praha,4.0,1.0,1516.9624618758958,1468.2951851576909,1525.570795223372,1459.6868518102146
Champions League,2025/26,2026-01-28 20:00:00,Benfica,Real Madrid,4.0,2.0,1500.6659171157748,1616.6012806474748,1513.8842313439197,1603.38296641933
Champions League,2025/26,2026-01-28 20:00:00,FC Barcelona,FC København,4.0,1.0,1617.075675259115,1530.57484961052,1624.6361789685488,1523.0143459010862
Champions League,2025/26,2026-01-28 20:00:00,Manchester City,Galatasaray,2.0,0.0,1576.0033616192306,1501.887067188782,1583.9019039488728,1493.98852485914
Champions League,2025/26,2026-01-28 20:00:00,Royale Union Saint-Gilloise,Atalanta,1.0,0.0,1478.6756635538422,1546.5495961266024,1490.6047537834538,1534.6205058969908
Champions League,2025/26,2026-01-28 20:00:00,Liverpool FC,Qarabağ FK,6.0,0.0,1542.0252932352178,1532.0464127116643,1551.7381569170623,1522.3335490298198
Champions League,2025/26,2026-01-28 20:00:00,Athletic Club,Sporting CP,2.0,3.0,1464.9997196503136,1528.1492350337883,1456.7975543388654,1536.3514003452365
Champions League,2025/26,2026-01-28 20:00:00,Bayer 04 Leverkusen,Villarreal,3.0,0.0,1528.2241870445905,1511.6085095171086,1537.74631366346,1502.0863828982392
Champions League,2025/26,2026-01-28 20:00:00,Eintracht Frankfurt,Tottenham Hotspur,0.0,2.0,1474.3811368320544,1500.6847540576439,1465.1367726558735,1509.9291182338247
Champions League,2025/26,2026-01-28 20:00:00,AS Monaco,Juventus,0.0,0.0,1481.1740153813384,1579.960296542228,1483.9430916790109,1577.1912202445556
Champions League,2025/26,2026-01-28 20:00:00,Atlético Madrid,Bodø/Glimt,1.0,2.0,1590.4976816226706,1487.9376859105157,1577.6286221946782,1500.806745338508
Champions League,2025/26,2026-01-28 20:00:00,Club Brugge KV,Olympique de Marseille,3.0,0.0,1520.352809754528,1545.9102093079327,1531.0870869092232,1535.1759321532375
Champions League,2025/26,2026-01-28 20:00:00,PSV Eindhoven,FC Bayern München,1.0,2.0,1493.4067516182806,1638.882216034917,1487.3652000636257,1644.923767589572
Europa League,2025/26,2026-01-29 20:00:00,SK Sturm Graz,SK Brann,1.0,0.0,1461.680532529321,1513.4383963967387,1473.1593204721296,1501.95960845393
Europa League,2025/26,2026-01-29 20:00:00,KRC Genk,Malmö FF,2.0,1.0,1523.605015759423,1483.580084819231,1532.458074947653,1474.727025631001
Europa League,2025/26,2026-01-29 20:00:00,Basel,FC Viktoria Plzeň,0.0,1.0,1467.4214532300175,1522.9994315801257,1459.0076095637937,1531.4132752463495
Europa League,2025/26,2026-01-29 20:00:00,Go Ahead Eagles,Sporting Braga,0.0,0.0,1470.5103856840851,1572.6844555685543,1473.3692483703696,1569.8255928822698
Europa League,2025/26,2026-01-29 20:00:00,Lille,SC Freiburg,1.0,0.0,1506.6459344651798,1545.6696775903415,1517.764428525442,1534.5511835300792
Europa League,2025/26,2026-01-29 20:00:00,FK Crvena Zvezda,Celta Vigo,1.0,1.0,1538.9634012485399,1536.5509671385348,1538.8939669291665,1536.6204014579082
Europa League,2025/26,2026-01-29 20:00:00,Celtic,FC Utrecht,4.0,2.0,1488.3356048928927,1484.588202024006,1498.2277501505127,1474.696056766386
Europa League,2025/26,2026-01-29 20:00:00,Nottingham Forest,Ferencváros TC,4.0,0.0,1487.1680910836728,1560.844737368745,1499.2574502728191,1548.7553781795987
Europa League,2025/26,2026-01-29 20:00:00,FC Midtjylland,GNK Dinamo Zagreb,2.0,0.0,1576.4285502252073,1501.2597323414807,1584.2981548288124,1493.3901277378757
Europa League,2025/26,2026-01-29 20:00:00,Olympique Lyonnais,PAOK,4.0,2.0,1578.210296529057,1530.8306215137063,1586.8549908620562,1522.185927180707
Europa League,2025/26,2026-01-29 20:00:00,FCSB,Fenerbahçe,1.0,1.0,1480.2920958895256,1507.267460089905,1481.0669529165432,1506.4926030628874
Europa League,2025/26,2026-01-29 20:00:00,FC Porto,Rangers,3.0,1.0,1526.050682990347,1460.541923489991,1534.18721974226,1452.405386738078
Europa League,2025/26,2026-01-29 20:00:00,Real Betis,Feyenoord,2.0,1.0,1535.7318479560554,1473.2909679390896,1543.9537573986693,1465.0690584964757
Europa League,2025/26,2026-01-29 20:00:00,Aston Villa,Red Bull Salzburg,3.0,2.0,1609.9434022496735,1468.9390300151495,1616.0940272015655,1462.7884050632574
Europa League,2025/26,2026-01-29 20:00:00,Panathinaikos FC,AS Roma,1.0,1.0,1521.7211124679013,1575.9049163082811,1523.2681260961904,1574.357902679992
Europa League,2025/26,2026-01-29 20:00:00,Maccabi Tel Aviv,Bologna,0.0,3.0,1455.2812966079669,1501.366012488801,1446.5999966637667,1510.0473124330013
Europa League,2025/26,2026-01-29 20:00:00,VfB Stuttgart,BSC Young Boys,3.0,2.0,1555.340567183911,1511.947177698561,1564.0980589833212,1503.1896858991508
Europa League,2025/26,2026-01-29 20:00:00,Ludogorets,Nice,1.0,0.0,1491.9060010863252,1427.676995661834,1500.0781173133198,1419.5048794348395
Bundesliga,2025/26,2026-01-30 19:30:00,1. FC Köln,VfL Wolfsburg,1.0,0.0,1463.8346869755976,1461.9435465543122,1473.7802561163664,1451.9979774135434
Serie A,2025/26,2026-01-30 19:45:00,Lazio,Genoa,3.0,2.0,1498.1391159686625,1479.2962564292955,1507.5973059865082,1469.8380664114497
Ligue 1,2025/26,2026-01-30 19:45:00,RC Lens,Le Havre,1.0,0.0,1578.016024432967,1480.158086862289,1585.2716373980845,1472.9024738971716
La Liga,2025/26,2026-01-30 20:00:00,Espanyol,Deportivo Alavés,1.0,2.0,1516.4380973603086,1461.844088380943,1504.8795617517528,1473.4026239894988
La Liga,2025/26,2026-01-31 13:00:00,Real Oviedo,Girona FC,1.0,0.0,1425.9847479233533,1497.6403197278541,1438.0184082626906,1485.6066593885168
Serie A,2025/26,2026-01-31 14:00:00,Pisa,Sassuolo,1.0,3.0,1436.4329953983652,1478.1224822812635,1427.627189414152,1486.9282882654766
Bundesliga,2025/26,2026-01-31 14:30:00,RB Leipzig,1. FSV Mainz 05,1.0,2.0,1543.2227942148186,1452.0698537046894,1530.6577852748285,1464.6348626446795
Bundesliga,2025/26,2026-01-31 14:30:00,SV Werder Bremen,Borussia M'gladbach,1.0,1.0,1458.673314220283,1471.7417279607985,1459.0492761158653,1471.3657660652161
Bundesliga,2025/26,2026-01-31 14:30:00,Eintracht Frankfurt,Bayer 04 Leverkusen,1.0,3.0,1465.1367726558735,1537.74631366346,1457.1967401024715,1545.686346216862
Bundesliga,2025/26,2026-01-31 14:30:00,FC Augsburg,FC St. Pauli,2.0,1.0,1471.547830115884,1438.715583709947,1480.6056450117067,1429.6577688141242
Bundesliga,2025/26,2026-01-31 14:30:00,TSG Hoffenheim,1. FC Union Berlin,3.0,1.0,1568.362624960206,1492.5055655358246,1576.213327438156,1484.6548630578745
Premier League,2025/26,2026-01-31 15:00:00,Wolverhampton,Bournemouth,0.0,2.0,1393.4205454032422,1503.8106911627517,1386.4950600874472,1510.7361764785467
Premier League,2025/26,2026-01-31 15:00:00,Leeds United,Arsenal,0.0,4.0,1486.5525533314747,1641.1248829936205,1480.7294894144209,1646.9479469106743
Premier League,2025/26,2026-01-31 15:00:00,Brighton & Hove Albion,Everton,1.0,1.0,1500.391887848777,1511.160193858523,1500.701725405508,1510.850356301792
La Liga,2025/26,2026-01-31 15:15:00,Osasuna,Villarreal,2.0,2.0,1478.8173678841808,1502.0863828982392,1479.486104407197,1501.417646375223
Ligue 1,2025/26,2026-01-31 16:00:00,Paris FC,Olympique de Marseille,2.0,2.0,1467.8473636694039,1535.1759321532375,1469.761336634067,1533.2619591885743
Serie A,2025/26,2026-01-31 17:00:00,SSC Napoli,Fiorentina,2.0,1.0,1537.4809432888137,1446.6144903638221,1544.923639240328,1439.171794412308
Bundesliga,2025/26,2026-01-31 17:30:00,Hamburger SV,FC Bayern München,2.0,2.0,1470.776792832771,1644.923767589572,1475.407673729417,1640.292886692926
La Liga,2025/26,2026-01-31 17:30:00,Levante UD,Atlético Madrid,0.0,0.0,1452.6788710914925,1577.6286221946782,1456.1277897777768,1574.179703508394
Premier League,2025/26,2026-01-31 17:30:00,Chelsea,West Ham United,3.0,2.0,1559.6645690967166,1448.5781292150634,1566.5719190548027,1441.6707792569773
Ligue 1,2025/26,2026-01-31 18:00:00,Lorient,Nantes,2.0,1.0,1508.4212549099393,1433.3764087503464,1516.294266019942,1425.5033976403438
Serie A,2025/26,2026-01-31 19:45:00,Cagliari,Hellas Verona,4.0,0.0,1482.0235920721514,1424.9231304694483,1490.3947475707548,1416.5519749708449
La Liga,2025/26,2026-01-31 20:00:00,Elche,FC Barcelona,1.0,3.0,1474.2269269198096,1624.6361789685488,1468.304452486178,1630.5586534021804
Premier League,2025/26,2026-01-31 20:00:00,Liverpool FC,Newcastle United,4.0,1.0,1551.7381569170623,1528.0032340302503,1561.0560716628363,1518.6853192844762
Ligue 1,2025/26,2026-01-31 20:05:00,AS Monaco,Stade Rennais,4.0,0.0,1483.9430916790109,1532.3298497218102,1495.3268398386228,1520.9461015621982
Serie A,2025/26,2026-02-01 11:30:00,Torino,Lecce,1.0,0.0,1459.7465207130938,1443.6420564320324,1469.2833286525758,1434.1052484925503
La Liga,2025/26,2026-02-01 13:00:00,Real Madrid,Rayo Vallecano,2.0,1.0,1603.38296641933,1466.3600056185412,1609.6316335762456,1460.1113384616256
Premier League,2025/26,2026-02-01 14:00:00,Manchester United,Fulham,3.0,2.0,1543.5532073487263,1515.870047199869,1552.7581038549167,1506.6651506936787
Premier League,2025/26,2026-02-01 14:00:00,Nottingham Forest,Crystal Palace,1.0,1.0,1499.2574502728191,1479.061290219047,1498.6768119056803,1479.6419285861857
Ligue 1,2025/26,2026-02-01 14:00:00,Olympique Lyonnais,Lille,1.0,0.0,1586.8549908620562,1517.764428525442,1594.8922092442428,1509.7272101432554
Serie A,2025/26,2026-02-01 14:00:00,Como,Atalanta,0.0,0.0,1557.5622050655002,1534.6205058969908,1556.9028479068502,1535.2798630556408
Premier League,2025/26,2026-02-01 14:00:00,Aston Villa,Brentford,0.0,1.0,1616.0940272015655,1502.7521302426585,1602.942787340692,1515.903370103532
Bundesliga,2025/26,2026-02-01 14:30:00,VfB Stuttgart,SC Freiburg,1.0,0.0,1564.0980589833212,1534.5511835300792,1573.249675805751,1525.3995667076495
La Liga,2025/26,2026-02-01 15:15:00,Real Betis,Valencia,2.0,1.0,1543.9537573986693,1483.767072276375,1552.2385681889607,1475.4822614860836
Ligue 1,2025/26,2026-02-01 16:15:00,Nice,Stade Brestois,2.0,2.0,1419.5048794348395,1480.0064790932688,1421.2288645930917,1478.2824939350166
Ligue 1,2025/26,2026-02-01 16:15:00,Angers,Metz,1.0,0.0,1482.4051025358135,1424.0207367343728,1490.7403065368046,1415.6855327333817
Ligue 1,2025/26,2026-02-01 16:15:00,Toulouse,Auxerre,0.0,0.0,1517.66632893642,1423.1239990579836,1515.010414256656,1425.7799137377476
Bundesliga,2025/26,2026-02-01 16:30:00,Borussia Dortmund,1. FC Heidenheim,3.0,2.0,1578.0002418400247,1431.0605016466861,1584.0063114253232,1425.0544320613876
Premier League,2025/26,2026-02-01 16:30:00,Tottenham Hotspur,Manchester City,2.0,2.0,1509.9291182338247,1583.9019039488728,1512.026627457402,1581.8043947252957
Serie A,2025/26,2026-02-01 17:00:00,Cremonese,Inter,0.0,2.0,1457.5856348511845,1611.0805847906893,1451.7369384954734,1616.9292811464004
La Liga,2025/26,2026-02-01 17:30:00,Getafe,Celta Vigo,0.0,0.0,1454.2456069181487,1536.6204014579082,1456.5730946378046,1534.2929137382523
Ligue 1,2025/26,2026-02-01 19:45:00,RC Strasbourg,Paris Saint-Germain,1.0,2.0,1510.468727961379,1597.4302003057464,1502.9206896596597,1604.9782386074658
Serie A,2025/26,2026-02-01 19:45:00,Parma,Juventus,1.0,4.0,1474.7859179212999,1577.1912202445556,1467.6508908960702,1584.3262472697852
La Liga,2025/26,2026-02-01 20:00:00,Athletic Club,Real Sociedad,1.0,1.0,1456.7975543388654,1503.3481333314553,1458.1294275038886,1502.0162601664322
Serie A,2025/26,2026-02-02 19:45:00,Udinese,AS Roma,1.0,0.0,1491.0715446693055,1574.357902679992,1503.42383278775,1562.0056145615476
Premier League,2025/26,2026-02-02 20:00:00,Sunderland,Burnley,3.0,0.0,1512.857519858475,1421.719281683246,1520.2929062486728,1414.283895293048
La Liga,2025/26,2026-02-02 20:00:00,Mallorca,Sevilla,4.0,1.0,1462.1197748936418,1467.5367166031363,1472.2756743768994,1457.3808171198787
Serie A,2025/26,2026-02-03 19:45:00,Bologna,AC Milan,0.0,3.0,1510.0473124330013,1590.0850985147472,1502.3110806981567,1597.8213302495917
Bundesliga,2025/26,2026-02-06 19:30:00,1. FC Union Berlin,Eintracht Frankfurt,1.0,1.0,1484.6548630578745,1457.1967401024715,1483.8661960382344,1457.9854071221116
Ligue 1,2025/26,2026-02-06 19:45:00,Metz,Lille,0.0,0.0,1415.6855327333817,1509.7272101432554,1418.3280488182043,1507.084694058433
Serie A,2025/26,2026-02-06 19:45:00,Hellas Verona,Pisa,0.0,0.0,1416.5519749708449,1427.627189414152,1416.8706373384164,1427.3085270465806
La Liga,2025/26,2026-02-06 20:00:00,Celta Vigo,Osasuna,1.0,2.0,1534.2929137382523,1479.486104407197,1522.7284025899187,1491.0506155555306
Premier League,2025/26,2026-02-06 20:00:00,Leeds United,Nottingham Forest,3.0,1.0,1480.7294894144209,1498.6768119056803,1491.245595902097,1488.1607054180042
Premier League,2025/26,2026-02-07 12:30:00,Manchester United,Tottenham Hotspur,2.0,0.0,1552.7581038549167,1512.026627457402,1561.5910992523604,1503.1936320599582
La Liga,2025/26,2026-02-07 13:00:00,Rayo Vallecano,Real Oviedo,,,1460.1113384616256,1438.0184082626906,1459.476308500006,1438.65343822431
Bundesliga,2025/26,2026-02-07 14:30:00,FC St. Pauli,VfB Stuttgart,2.0,1.0,1429.6577688141242,1573.249675805751,1443.5704010734992,1559.337043546376
Bundesliga,2025/26,2026-02-07 14:30:00,SC Freiburg,SV Werder Bremen,1.0,0.0,1525.3995667076495,1459.0492761158653,1533.5127339217893,1450.9361089017254
Bundesliga,2025/26,2026-02-07 14:30:00,1. FSV Mainz 05,FC Augsburg,2.0,0.0,1464.6348626446795,1480.6056450117067,1475.0942152172447,1470.1462924391415
Bundesliga,2025/26,2026-02-07 14:30:00,1. FC Heidenheim,Hamburger SV,0.0,2.0,1425.0544320613876,1475.407673729417,1416.4936523787278,1483.9684534120768
Bundesliga,2025/26,2026-02-07 14:30:00,VfL Wolfsburg,Borussia Dortmund,1.0,2.0,1451.9979774135434,1584.0063114253232,1445.6246224415113,1590.3796663973553
Premier League,2025/26,2026-02-07 15:00:00,Fulham,Everton,1.0,2.0,1506.6651506936787,1510.850356301792,1496.7856047680916,1520.7299022273792
Premier League,2025/26,2026-02-07 15:00:00,Burnley,West Ham United,0.0,2.0,1414.283895293048,1441.6707792569773,1405.0705246103098,1450.8841499397156
Premier League,2025/26,2026-02-07 15:00:00,Bournemouth,Aston Villa,1.0,1.0,1510.7361764785467,1602.942787340692,1513.3294950803358,1600.3494687389027
Premier League,2025/26,2026-02-07 15:00:00,Wolverhampton,Chelsea,1.0,3.0,1386.4950600874472,1566.5719190548027,1381.258951050959,1571.808028091291
Premier League,2025/26,2026-02-07 15:00:00,Arsenal,Sunderland,3.0,0.0,1646.9479469106743,1520.2929062486728,1653.4558578160209,1513.7849953433263
La Liga,2025/26,2026-02-07 15:15:00,FC Barcelona,Mallorca,3.0,0.0,1630.5586534021804,1472.2756743768994,1636.2939445027055,1466.5403832763743
Ligue 1,2025/26,2026-02-07 16:00:00,RC Lens,Stade Rennais,3.0,1.0,1585.2716373980845,1520.9461015621982,1593.441068222663,1512.7766707376197
Serie A,2025/26,2026-02-07 17:00:00,Genoa,SSC Napoli,2.0,3.0,1469.8380664114497,1544.923639240328,1461.9661744496707,1552.795531202107
Premier League,2025/26,2026-02-07 17:30:00,Newcastle United,Brentford,2.0,3.0,1518.6853192844762,1515.903370103532,1508.605250061724,1525.9834393262843
Bundesliga,2025/26,2026-02-07 17:30:00,Borussia M'gladbach,Bayer 04 Leverkusen,1.0,1.0,1471.3657660652161,1545.686346216862,1473.4728431963072,1543.5792690857709
Ligue 1,2025/26,2026-02-07 18:00:00,Stade Brestois,Lorient,2.0,0.0,1478.2824939350166,1516.294266019942,1489.3722162209644,1505.2045437339941
Serie A,2025/26,2026-02-07 19:45:00,Fiorentina,Torino,2.0,2.0,1439.171794412308,1469.2833286525758,1440.0363105618032,1468.4188125030805
La Liga,2025/26,2026-02-07 20:00:00,Real Sociedad,Elche,3.0,1.0,1502.0162601664322,1468.304452486178,1511.0489900223545,1459.2717226302557
Ligue 1,2025/26,2026-02-07 20:05:00,Nantes,Olympique Lyonnais,0.0,1.0,1425.5033976403438,1594.8922092442428,1420.026016971562,1600.3695899130246
Serie A,2025/26,2026-02-08 11:30:00,Bologna,Parma,0.0,1.0,1502.3110806981567,1467.6508908960702,1491.3167765178098,1478.6451950764172
La Liga,2025/26,2026-02-08 13:00:00,Deportivo Alavés,Getafe,0.0,2.0,1473.4026239894988,1456.5730946378046,1462.9186096955737,1467.0571089317298
Ligue 1,2025/26,2026-02-08 14:00:00,Nice,AS Monaco,0.0,0.0,1421.2288645930917,1495.3268398386228,1423.329818274173,1493.2258861575415
Serie A,2025/26,2026-02-08 14:00:00,AC Milan,Como,,,1597.8213302495917,1556.9028479068502,1596.6490168210025,1558.0751613354394
Serie A,2025/26,2026-02-08 14:00:00,Lecce,Udinese,2.0,1.0,1434.1052484925503,1503.42383278775,1446.074339455915,1491.4547418243853
Premier League,2025/26,2026-02-08 14:00:00,Brighton & Hove Albion,Crystal Palace,0.0,1.0,1500.701725405508,1479.6419285861857,1490.0963170049,1490.2473369867937
Bundesliga,2025/26,2026-02-08 14:30:00,1. FC Köln,RB Leipzig,1.0,2.0,1473.7802561163664,1530.6577852748285,1465.4028536928627,1539.0351876983323
La Liga,2025/26,2026-02-08 15:15:00,Athletic Club,Levante UD,4.0,2.0,1458.1294275038886,1456.1277897777768,1468.0718163764088,1446.1854009052565
La Liga,2025/26,2026-02-08 15:15:00,Sevilla,Girona FC,1.0,1.0,1457.3808171198787,1485.6066593885168,1458.1914395749432,1484.7960369334523
Ligue 1,2025/26,2026-02-08 16:15:00,Le Havre,RC Strasbourg,2.0,1.0,1472.9024738971716,1502.9206896596597,1483.7643241373912,1492.0588394194401
Ligue 1,2025/26,2026-02-08 16:15:00,Auxerre,Paris FC,0.0,0.0,1425.7799137377476,1469.761336634067,1427.0390820889063,1468.5021682829083
Ligue 1,2025/26,2026-02-08 16:15:00,Angers,Toulouse,1.0,0.0,1490.7403065368046,1515.010414256656,1501.4377223609404,1504.3129984325203
Premier League,2025/26,2026-02-08 16:30:00,Liverpool FC,Manchester City,1.0,2.0,1561.0560716628363,1581.8043947252957,1551.652547503881,1591.207918884251
Bundesliga,2025/26,2026-02-08 16:30:00,FC Bayern München,TSG Hoffenheim,5.0,1.0,1640.292886692926,1576.213327438156,1648.4691609362844,1568.0370531947976
Serie A,2025/26,2026-02-08 17:00:00,Sassuolo,Inter,0.0,5.0,1486.9282882654766,1616.9292811464004,1480.5046515836495,1623.3529178282274
La Liga,2025/26,2026-02-08 17:30:00,Atlético Madrid,Real Betis,0.0,1.0,1574.179703508394,1552.2385681889607,1563.5490250564678,1562.8692466408868
Ligue 1,2025/26,2026-02-08 19:45:00,Paris Saint-Germain,Olympique de Marseille,5.0,0.0,1604.9782386074658,1533.2619591885743,1612.9429032866828,1525.2972945093572
Serie A,2025/26,2026-02-08 19:45:00,Juventus,Lazio,2.0,2.0,1584.3262472697852,1507.5973059865082,1582.1530271718982,1509.7705260843952
La Liga,2025/26,2026-02-08 20:00:00,Valencia,Real Madrid,0.0,2.0,1475.4822614860836,1609.6316335762456,1469.1623053934404,1615.9515896688888
Serie A,2025/26,2026-02-09 17:30:00,Atalanta,Cremonese,2.0,1.0,1535.2798630556408,1451.7369384954734,1542.9206001790287,1444.0962013720855
Serie A,2025/26,2026-02-09 19:45:00,AS Roma,Cagliari,2.0,0.0,1562.0056145615476,1490.3947475707548,1569.9731877471133,1482.4271743851891
La Liga,2025/26,2026-02-09 20:00:00,Villarreal,Espanyol,4.0,1.0,1501.417646375223,1504.8795617517528,1511.5172850119393,1494.7799231150366
Premier League,2025/26,2026-02-10 19:30:00,Tottenham Hotspur,Newcastle United,1.0,2.0,1503.1936320599582,1508.605250061724,1493.3493783517952,1518.449503769887
Premier League,2025/26,2026-02-10 19:30:00,Chelsea,Leeds United,2.0,2.0,1571.808028091291,1491.245595902097,1569.529938052725,1493.523685940663
Premier League,2025/26,2026-02-10 19:30:00,Everton,Bournemouth,1.0,2.0,1520.7299022273792,1513.3294950803358,1510.5169335941696,1523.5424637135454
Premier League,2025/26,2026-02-10 20:15:00,West Ham United,Manchester United,1.0,1.0,1450.8841499397156,1561.5910992523604,1453.9669187230445,1558.5083304690315
Premier League,2025/26,2026-02-11 19:30:00,Aston Villa,Brighton & Hove Albion,1.0,0.0,1600.3494687389027,1490.0963170049,1607.2785247743066,1483.167260969496
Premier League,2025/26,2026-02-11 19:30:00,Nottingham Forest,Wolverhampton,0.0,0.0,1488.1607054180042,1381.258951050959,1485.177382320353,1384.2422741486102
Premier League,2025/26,2026-02-11 19:30:00,Crystal Palace,Burnley,2.0,3.0,1490.2473369867937,1405.0705246103098,1477.8437141664497,1417.4741474306538
Premier League,2025/26,2026-02-11 19:30:00,Manchester City,Fulham,3.0,0.0,1591.207918884251,1496.7856047680916,1598.5552151657785,1489.4383084865642
Premier League,2025/26,2026-02-11 20:15:00,Sunderland,Liverpool FC,0.0,1.0,1513.7849953433263,1551.652547503881,1504.8706157535678,1560.5669270936394
Premier League,2025/26,2026-02-12 20:00:00,Brentford,Arsenal,1.0,1.0,1525.9834393262843,1653.4558578160209,1529.4961685260669,1649.9431286162383
Ligue 1,2025/26,2026-02-13 18:00:00,Stade Rennais,Paris Saint-Germain,3.0,1.0,1512.7766707376197,1612.9429032866828,1525.5823792421443,1600.1371947821583
Bundesliga,2025/26,2026-02-13 19:30:00,Borussia Dortmund,1. FSV Mainz 05,4.0,0.0,1590.3796663973553,1475.0942152172447,1597.1781307511014,1468.2957508634986
Serie A,2025/26,2026-02-13 19:45:00,Pisa,AC Milan,1.0,2.0,1427.3085270465806,1596.6490168210025,1421.830039972456,1602.1275038951271
La Liga,2025/26,2026-02-13 20:00:00,Elche,Osasuna,0.0,0.0,1459.2717226302557,1491.0506155555306,1460.1838504266586,1490.1384877591277
Ligue 1,2025/26,2026-02-13 20:05:00,AS Monaco,Nantes,3.0,1.0,1493.2258861575415,1420.026016971562,1501.1496544162007,1412.1022487129028
La Liga,2025/26,2026-02-14 13:00:00,Espanyol,Celta Vigo,2.0,2.0,1494.7799231150366,1522.7284025899187,1495.582614373537,1521.9257113314184
Serie A,2025/26,2026-02-14 14:00:00,Como,Fiorentina,1.0,2.0,1558.0751613354394,1440.0363105618032,1544.8026808740224,1453.3087910232202
Bundesliga,2025/26,2026-02-14 14:30:00,Bayer 04 Leverkusen,FC St. Pauli,4.0,0.0,1543.5792690857709,1443.5704010734992,1550.7777338790358,1436.3719362802342
Bundesliga,2025/26,2026-02-14 14:30:00,SV Werder Bremen,FC Bayern München,0.0,3.0,1450.9361089017254,1648.4691609362844,1446.079014157729,1653.3262556802808
Bundesliga,2025/26,2026-02-14 14:30:00,Eintracht Frankfurt,Borussia M'gladbach,3.0,0.0,1457.9854071221116,1473.4728431963072,1468.4308763464353,1463.0273739719835
Bundesliga,2025/26,2026-02-14 14:30:00,TSG Hoffenheim,SC Freiburg,3.0,0.0,1568.0370531947976,1533.5127339217893,1577.046621170542,1524.5031659460449
Bundesliga,2025/26,2026-02-14 14:30:00,Hamburger SV,1. FC Union Berlin,3.0,2.0,1483.9684534120768,1483.8661960382344,1493.9655102083536,1473.8691392419576
La Liga,2025/26,2026-02-14 15:15:00,Getafe,Villarreal,2.0,1.0,1467.0571089317298,1511.5172850119393,1478.3298360694216,1500.2445578742474
Ligue 1,2025/26,2026-02-14 16:00:00,Olympique de Marseille,RC Strasbourg,2.0,2.0,1525.2972945093572,1492.0588394194401,1524.3435228490969,1493.0126110797005
Serie A,2025/26,2026-02-14 17:00:00,Lazio,Atalanta,0.0,2.0,1509.7705260843952,1542.9206001790287,1500.7217770145598,1551.969349248864
La Liga,2025/26,2026-02-14 17:30:00,Sevilla,Deportivo Alavés,1.0,1.0,1458.1914395749432,1462.9186096955737,1458.3274900729616,1462.7825591975552
Bundesliga,2025/26,2026-02-14 17:30:00,VfB Stuttgart,1. FC Köln,3.0,1.0,1559.337043546376,1465.4028536928627,1566.6974054047637,1458.042491834475
Ligue 1,2025/26,2026-02-14 18:00:00,Lille,Stade Brestois,1.0,1.0,1507.084694058433,1489.3722162209644,1506.575329172738,1489.8815811066593
Serie A,2025/26,2026-02-14 19:45:00,Inter,Juventus,3.0,2.0,1623.3529178282274,1582.1530271718982,1632.172616891551,1573.3333281085747
La Liga,2025/26,2026-02-14 20:00:00,Real Madrid,Real Sociedad,4.0,1.0,1615.9515896688888,1511.0489900223545,1623.0207752157514,1503.9798044754918
Ligue 1,2025/26,2026-02-14 20:05:00,Paris FC,RC Lens,0.0,5.0,1468.5021682829083,1593.441068222663,1461.9508117954174,1599.992424710154
Serie A,2025/26,2026-02-15 11:30:00,Udinese,Sassuolo,1.0,2.0,1491.4547418243853,1480.5046515836495,1481.1396772049613,1490.8197162030735
La Liga,2025/26,2026-02-15 13:00:00,Real Oviedo,Athletic Club,1.0,2.0,1438.65343822431,1468.0718163764088,1429.4981494569465,1477.2271051437724
Serie A,2025/26,2026-02-15 14:00:00,Parma,Hellas Verona,2.0,1.0,1478.6451950764172,1416.8706373384164,1486.885682786226,1408.6301496286076
Ligue 1,2025/26,2026-02-15 14:00:00,Le Havre,Toulouse,2.0,1.0,1483.7643241373912,1504.3129984325203,1494.35507387393,1493.7222486959815
Serie A,2025/26,2026-02-15 14:00:00,Cremonese,Genoa,0.0,0.0,1444.0962013720855,1461.9661744496707,1444.610087469291,1461.452288352465
Bundesliga,2025/26,2026-02-15 14:30:00,FC Augsburg,1. FC Heidenheim,1.0,0.0,1470.1462924391415,1416.4936523787278,1478.6142045686556,1408.0257402492136
La Liga,2025/26,2026-02-15 15:15:00,Rayo Vallecano,Atlético Madrid,3.0,0.0,1459.476308500006,1563.5490250564678,1472.3852734690452,1550.6400600874288
Ligue 1,2025/26,2026-02-15 16:15:00,Metz,Auxerre,1.0,3.0,1418.3280488182043,1427.0390820889063,1408.578719986381,1436.7884109207296
Ligue 1,2025/26,2026-02-15 16:15:00,Lorient,Angers,2.0,0.0,1505.2045437339941,1501.4377223609404,1515.09613014749,1491.5461359474446
Bundesliga,2025/26,2026-02-15 16:30:00,RB Leipzig,VfL Wolfsburg,2.0,2.0,1539.0351876983323,1445.6246224415113,1536.4095761442225,1448.250233995621
Serie A,2025/26,2026-02-15 17:00:00,Torino,Bologna,1.0,2.0,1468.4188125030805,1491.3167765178098,1459.076916325072,1500.6586726958183
La Liga,2025/26,2026-02-15 17:30:00,Levante UD,Valencia,0.0,2.0,1446.1854009052565,1469.1623053934404,1436.8457669424163,1478.5019393562807
Ligue 1,2025/26,2026-02-15 19:45:00,Olympique Lyonnais,Nice,2.0,0.0,1600.3695899130246,1423.329818274173,1605.6735558009814,1418.0258523862162
Serie A,2025/26,2026-02-15 19:45:00,SSC Napoli,AS Roma,2.0,2.0,1552.795531202107,1569.9731877471133,1553.2895414403606,1569.4791775088597
La Liga,2025/26,2026-02-15 20:00:00,Mallorca,Real Betis,1.0,2.0,1466.5403832763743,1562.8692466408868,1459.2440257748824,1570.1656041423787
Serie A,2025/26,2026-02-16 19:45:00,Cagliari,Lecce,0.0,2.0,1482.4271743851891,1446.074339455915,1471.3846573464104,1457.1168564946936
La Liga,2025/26,2026-02-16 20:00:00,Girona FC,FC Barcelona,2.0,1.0,1484.7960369334523,1636.2939445027055,1498.8996534416988,1622.190327994459
Champions League,2025/26,2026-02-17 17:45:00,Galatasaray,Juventus,5.0,2.0,1493.98852485914,1573.3333281085747,1506.2333610959747,1561.08849187174
Champions League,2025/26,2026-02-17 20:00:00,Benfica,Real Madrid,0.0,1.0,1513.8842313439197,1623.0207752157514,1506.9260389847484,1629.9789675749228
Champions League,2025/26,2026-02-17 20:00:00,AS Monaco,Paris Saint-Germain,2.0,3.0,1501.1496544162007,1600.1371947821583,1493.9240783889277,1607.3627708094314
Champions League,2025/26,2026-02-17 20:15:00,Borussia Dortmund,Atalanta,2.0,0.0,1597.1781307511014,1551.969349248864,1605.8842118807015,1543.263268119264
Champions League,2025/26,2026-02-18 17:45:00,Qarabağ FK,Newcastle United,1.0,6.0,1522.3335490298198,1518.449503769887,1512.2217618776629,1528.561290922044
La Liga,2025/26,2026-02-18 19:00:00,Levante UD,Villarreal,0.0,1.0,1436.8457669424163,1500.2445578742474,1428.6505435591475,1508.4397812575162
Serie A,2025/26,2026-02-18 19:45:00,AC Milan,Como,1.0,1.0,1602.1275038951271,1544.8026808740224,1600.4923737449296,1546.4378110242199
Champions League,2025/26,2026-02-18 20:00:00,Club Brugge KV,Atlético Madrid,3.0,3.0,1531.0870869092232,1550.6400600874288,1531.6492733205375,1550.0778736761145
Champions League,2025/26,2026-02-18 20:00:00,Bodø/Glimt,Inter,3.0,1.0,1500.806745338508,1632.172616891551,1514.4173201636581,1618.5620420664009
Champions League,2025/26,2026-02-18 20:00:00,Olympiacos FC,Bayer 04 Leverkusen,0.0,2.0,1508.1553766634631,1550.7777338790358,1499.3760293883367,1559.5570811541622
Premier League,2025/26,2026-02-18 20:00:00,Wolverhampton,Arsenal,2.0,2.0,1384.2422741486102,1649.9431286162383,1390.6809284917615,1643.504474273087
Europa League,2025/26,2026-02-19 17:45:00,SK Brann,Bologna,0.0,1.0,1501.95960845393,1500.6586726958183,1491.9221646878786,1510.6961164618697
Europa League,2025/26,2026-02-19 17:45:00,GNK Dinamo Zagreb,KRC Genk,1.0,3.0,1493.3901277378757,1532.458074947653,1484.5098781592917,1541.3383245262369
Europa League,2025/26,2026-02-19 17:45:00,PAOK,Celta Vigo,1.0,2.0,1522.185927180707,1521.9257113314184,1512.1784375679133,1531.933200944212
Europa League,2025/26,2026-02-19 17:45:00,Fenerbahçe,Nottingham Forest,0.0,3.0,1506.4926030628874,1485.177382320353,1495.879870243488,1495.7901151397523
Europa League,2025/26,2026-02-19 20:00:00,Ludogorets,Ferencváros TC,2.0,1.0,1500.0781173133198,1548.7553781795987,1511.47006576606,1537.3634297268584
Europa League,2025/26,2026-02-19 20:00:00,Panathinaikos FC,FC Viktoria Plzeň,2.0,2.0,1523.2681260961904,1531.4132752463495,1523.5025193943054,1531.1788819482344
Europa League,2025/26,2026-02-19 20:00:00,Lille,FK Crvena Zvezda,0.0,1.0,1506.575329172738,1538.8939669291665,1497.5028606305593,1547.9664354713452
Europa League,2025/26,2026-02-19 20:00:00,Celtic,VfB Stuttgart,1.0,4.0,1498.2277501505127,1566.6974054047637,1490.1733431027794,1574.751812452497
Bundesliga,2025/26,2026-02-20 19:30:00,1. FSV Mainz 05,Hamburger SV,1.0,1.0,1468.2957508634986,1493.9655102083536,1469.0332444800697,1493.2280165917825
Serie A,2025/26,2026-02-20 19:45:00,Sassuolo,Hellas Verona,3.0,0.0,1490.8197162030735,1408.6301496286076,1498.49727159155,1400.952594240131
Ligue 1,2025/26,2026-02-20 19:45:00,Stade Brestois,Olympique de Marseille,2.0,0.0,1489.8815811066593,1524.3435228490969,1500.87023534145,1513.354868614306
La Liga,2025/26,2026-02-20 20:00:00,Athletic Club,Elche,2.0,1.0,1477.2271051437724,1460.1838504266586,1486.7369539339716,1450.6740016364595
La Liga,2025/26,2026-02-21 13:00:00,Real Sociedad,Real Oviedo,3.0,3.0,1503.9798044754918,1429.4981494569465,1501.868297502801,1431.6096564296374
Serie A,2025/26,2026-02-21 14:00:00,Juventus,Como,0.0,2.0,1561.08849187174,1546.4378110242199,1550.6670611388413,1556.8592417571185
Bundesliga,2025/26,2026-02-21 14:30:00,VfL Wolfsburg,FC Augsburg,2.0,3.0,1448.250233995621,1478.6142045686556,1439.1219610896196,1487.742477474657
Bundesliga,2025/26,2026-02-21 14:30:00,1. FC Köln,TSG Hoffenheim,2.0,2.0,1458.042491834475,1577.046621170542,1461.3397573363063,1573.7493556687107
Bundesliga,2025/26,2026-02-21 14:30:00,1. FC Union Berlin,Bayer 04 Leverkusen,1.0,0.0,1473.8691392419576,1559.5570811541622,1486.286618701045,1547.1396016950748
Bundesliga,2025/26,2026-02-21 14:30:00,FC Bayern München,Eintracht Frankfurt,3.0,2.0,1653.3262556802808,1468.4308763464353,1658.4558618433814,1463.3012701833347
Premier League,2025/26,2026-02-21 15:00:00,Brentford,Brighton & Hove Albion,0.0,2.0,1529.4961685260669,1483.167260969496,1518.1705629318096,1494.4928665637533
Premier League,2025/26,2026-02-21 15:00:00,Aston Villa,Leeds United,1.0,1.0,1607.2785247743066,1493.523685940663,1604.1165837635197,1496.6856269514499
Premier League,2025/26,2026-02-21 15:00:00,Chelsea,Burnley,1.0,1.0,1569.529938052725,1417.4741474306538,1565.4129771572275,1421.5911083261512
La Liga,2025/26,2026-02-21 15:15:00,Real Betis,Rayo Vallecano,1.0,1.0,1570.1656041423787,1472.3852734690452,1567.4232827049975,1475.1275949064263
Ligue 1,2025/26,2026-02-21 16:00:00,RC Lens,AS Monaco,2.0,3.0,1599.992424710154,1493.9240783889277,1587.0309696999975,1506.8855333990841
Serie A,2025/26,2026-02-21 17:00:00,Lecce,Inter,0.0,2.0,1457.1168564946936,1618.5620420664009,1451.4557373781413,1624.2231611829532
Premier League,2025/26,2026-02-21 17:30:00,West Ham United,Bournemouth,0.0,0.0,1453.9669187230445,1523.5424637135454,1455.9431178097138,1521.566264626876
Bundesliga,2025/26,2026-02-21 17:30:00,RB Leipzig,Borussia Dortmund,2.0,2.0,1536.4095761442225,1605.8842118807015,1538.3829840963958,1603.9108039285281
La Liga,2025/26,2026-02-21 17:30:00,Osasuna,Real Madrid,2.0,1.0,1490.1384877591277,1629.9789675749228,1503.95929040666,1616.1581649273903
Ligue 1,2025/26,2026-02-21 18:00:00,Toulouse,Paris FC,1.0,1.0,1493.7222486959815,1461.9508117954174,1492.8103337162006,1462.8627267751983
Serie A,2025/26,2026-02-21 19:45:00,Cagliari,Lazio,0.0,0.0,1471.3846573464104,1500.7217770145598,1472.2270464142955,1499.8793879466748
La Liga,2025/26,2026-02-21 20:00:00,Atlético Madrid,Espanyol,4.0,2.0,1550.0778736761145,1495.582614373537,1558.5221113954508,1487.1383766542006
Premier League,2025/26,2026-02-21 20:00:00,Manchester City,Newcastle United,2.0,1.0,1598.5552151657785,1528.561290922044,1606.5674471956602,1520.5490588921623
Ligue 1,2025/26,2026-02-21 20:05:00,Paris Saint-Germain,Metz,3.0,0.0,1607.3627708094314,1408.578719986381,1612.1934315452338,1403.7480592505785
Serie A,2025/26,2026-02-22 11:30:00,Genoa,Torino,3.0,0.0,1461.452288352465,1459.076916325072,1471.3839207149358,1449.1452839626013
La Liga,2025/26,2026-02-22 13:00:00,Getafe,Sevilla,0.0,1.0,1478.3298360694216,1458.3274900729616,1467.7547574916537,1468.9025686507296
Premier League,2025/26,2026-02-22 14:00:00,Crystal Palace,Wolverhampton,1.0,0.0,1477.8437141664497,1390.6809284917615,1485.3863073368152,1383.138335321396
Ligue 1,2025/26,2026-02-22 14:00:00,Auxerre,Stade Rennais,0.0,3.0,1436.7884109207296,1525.5823792421443,1429.2898806087987,1533.080909554075
Serie A,2025/26,2026-02-22 14:00:00,Atalanta,SSC Napoli,2.0,1.0,1543.263268119264,1553.2895414403606,1553.551767381795,1543.0010421778297
Premier League,2025/26,2026-02-22 14:00:00,Sunderland,Fulham,1.0,3.0,1504.8706157535678,1489.4383084865642,1494.4267301262837,1499.8821941138483
Premier League,2025/26,2026-02-22 14:00:00,Nottingham Forest,Liverpool FC,0.0,1.0,1495.7901151397523,1560.5669270936394,1487.6332348432068,1568.723807390185
Bundesliga,2025/26,2026-02-22 14:30:00,SC Freiburg,Borussia M'gladbach,2.0,1.0,1524.5031659460449,1463.0273739719835,1532.7519878644403,1454.778552053588
La Liga,2025/26,2026-02-22 15:15:00,FC Barcelona,Levante UD,3.0,0.0,1622.190327994459,1428.6505435591475,1627.132457285222,1423.7084142683846
Ligue 1,2025/26,2026-02-22 16:15:00,Nantes,Le Havre,2.0,0.0,1412.1022487129028,1494.35507387393,1424.4264157745292,1482.0309068123036
Ligue 1,2025/26,2026-02-22 16:15:00,Nice,Lorient,3.0,3.0,1418.0258523862162,1515.09613014749,1420.7492632125097,1512.3727193211964
Ligue 1,2025/26,2026-02-22 16:15:00,Angers,Lille,0.0,1.0,1491.5461359474446,1497.5028606305593,1481.7175674688428,1507.331429109161
Bundesliga,2025/26,2026-02-22 16:30:00,FC St. Pauli,SV Werder Bremen,2.0,1.0,1436.3719362802342,1446.079014157729,1446.6512557653211,1435.799694672642
Premier League,2025/26,2026-02-22 16:30:00,Tottenham Hotspur,Arsenal,1.0,4.0,1493.3493783517952,1643.504474273087,1487.4208031392272,1649.433049485655
Serie A,2025/26,2026-02-22 17:00:00,AC Milan,Parma,0.0,1.0,1600.4923737449296,1486.885682786226,1587.3342709769342,1500.0437855542214
La Liga,2025/26,2026-02-22 17:30:00,Celta Vigo,Mallorca,2.0,0.0,1531.933200944212,1459.2440257748824,1539.8710388084444,1451.3061879106501
Bundesliga,2025/26,2026-02-22 18:30:00,1. FC Heidenheim,VfB Stuttgart,3.0,3.0,1408.0257402492136,1574.751812452497,1412.4871849088172,1570.2903677928934
Serie A,2025/26,2026-02-22 19:45:00,AS Roma,Cremonese,3.0,0.0,1569.4791775088597,1444.610087469291,1576.0323044416834,1438.0569605364674
Ligue 1,2025/26,2026-02-22 19:45:00,RC Strasbourg,Olympique Lyonnais,3.0,1.0,1493.0126110797005,1605.6735558009814,1506.1461869524073,1592.5399799282745
La Liga,2025/26,2026-02-22 20:00:00,Villarreal,Valencia,2.0,1.0,1508.4397812575162,1478.5019393562807,1517.580227225517,1469.3614933882798
Serie A,2025/26,2026-02-23 17:30:00,Fiorentina,Pisa,1.0,0.0,1453.3087910232202,1421.830039972456,1462.4052308047058,1412.7336001909707
Serie A,2025/26,2026-02-23 19:45:00,Bologna,Udinese,1.0,0.0,1510.6961164618697,1481.1396772049613,1519.8474599977962,1471.9883336690348
Premier League,2025/26,2026-02-23 20:00:00,Everton,Manchester United,0.0,1.0,1510.5169335941696,1558.5083304690315,1501.8895184799162,1567.135745583285
La Liga,2025/26,2026-02-23 20:00:00,Deportivo Alavés,Girona FC,2.0,2.0,1462.7825591975552,1498.8996534416988,1463.8183643442248,1497.8638482950291
Champions League,2025/26,2026-02-24 17:45:00,Atlético Madrid,Club Brugge KV,4.0,1.0,1558.5221113954508,1531.6492733205375,1567.7501876569822,1522.421197059006
Champions League,2025/26,2026-02-24 20:00:00,Inter,Bodø/Glimt,1.0,2.0,1624.2231611829532,1514.4173201636581,1611.1638822932498,1527.4765990533615
Champions League,2025/26,2026-02-24 20:00:00,Bayer 04 Leverkusen,Olympiacos FC,0.0,0.0,1547.1396016950748,1499.3760293883367,1545.7734511665376,1500.742179916874
Champions League,2025/26,2026-02-24 20:00:00,Newcastle United,Qarabağ FK,3.0,2.0,1520.5490588921623,1512.2217618776629,1530.3094259022664,1502.4613948675587
Champions League,2025/26,2026-02-25 17:45:00,Atalanta,Borussia Dortmund,4.0,1.0,1553.551767381795,1603.9108039285281,1564.991151033946,1592.471420276377
Champions League,2025/26,2026-02-25 20:00:00,Real Madrid,Benfica,2.0,1.0,1616.1581649273903,1506.9260389847484,1623.1138609680008,1499.9703429441379
Champions League,2025/26,2026-02-25 20:00:00,Juventus,Galatasaray,3.0,2.0,1550.6670611388413,1506.2333610959747,1559.3950837062187,1497.5053385285973
Champions League,2025/26,2026-02-25 20:00:00,Paris Saint-Germain,AS Monaco,2.0,2.0,1612.1934315452338,1506.8855333990841,1609.2519573350828,1509.8270076092351
Europa League,2025/26,2026-02-26 17:45:00,Ferencváros TC,Ludogorets,2.0,0.0,1537.3634297268584,1511.47006576606,1546.6195355612033,1502.2139599317152
Europa League,2025/26,2026-02-26 17:45:00,FC Viktoria Plzeň,Panathinaikos FC,4.0,5.0,1531.1788819482344,1523.5025193943054,1520.9579744183384,1533.7234269242015
Europa League,2025/26,2026-02-26 17:45:00,VfB Stuttgart,Celtic,0.0,1.0,1570.2903677928934,1490.1733431027794,1558.0244358453099,1502.439275050363
Europa League,2025/26,2026-02-26 17:45:00,FK Crvena Zvezda,Lille,0.0,2.0,1547.9664354713452,1507.331429109161,1536.8021697733564,1518.49569480715
Europa League,2025/26,2026-02-26 20:00:00,Nottingham Forest,Fenerbahçe,1.0,2.0,1487.6332348432068,1495.879870243488,1477.8705475255256,1505.6425575611693
Europa League,2025/26,2026-02-26 20:00:00,Bologna,SK Brann,1.0,0.0,1519.8474599977962,1491.9221646878786,1529.0454317372912,1482.7241929483837
Europa League,2025/26,2026-02-26 20:00:00,KRC Genk,GNK Dinamo Zagreb,3.0,3.0,1541.3383245262369,1484.5098781592917,1539.7171025032455,1486.131100182283
Europa League,2025/26,2026-02-26 20:00:00,Celta Vigo,PAOK,1.0,0.0,1539.8710388084444,1512.1784375679133,1549.075665296646,1502.9738110797116
Bundesliga,2025/26,2026-02-27 19:30:00,FC Augsburg,1. FC Köln,2.0,0.0,1487.742477474657,1461.3397573363063,1496.984005587777,1452.0982292231865
Ligue 1,2025/26,2026-02-27 19:45:00,RC Strasbourg,RC Lens,1.0,1.0,1506.1461869524073,1587.0309696999975,1508.4330716249233,1584.7440850274816
Serie A,2025/26,2026-02-27 19:45:00,Parma,Cagliari,1.0,1.0,1500.0437855542214,1472.2270464142955,1499.2448617708353,1473.0259701976815
Premier League,2025/26,2026-02-27 20:00:00,Wolverhampton,Aston Villa,2.0,0.0,1383.138335321396,1604.1165837635197,1398.760215200558,1588.4947038843577
La Liga,2025/26,2026-02-27 20:00:00,Levante UD,Deportivo Alavés,2.0,0.0,1423.7084142683846,1463.8183643442248,1434.8577698695083,1452.6690087431011
Premier League,2025/26,2026-02-28 12:30:00,Bournemouth,Sunderland,1.0,1.0,1521.566264626876,1494.4267301262837,1520.7867109413633,1495.2062838117965
La Liga,2025/26,2026-02-28 13:00:00,Rayo Vallecano,Athletic Club,1.0,1.0,1475.1275949064263,1486.7369539339716,1475.4616148149312,1486.4029340254667
Serie A,2025/26,2026-02-28 14:00:00,Como,Lecce,3.0,1.0,1556.8592417571185,1451.4557373781413,1563.9152540723587,1444.399725062901
Bundesliga,2025/26,2026-02-28 14:30:00,SV Werder Bremen,1. FC Heidenheim,2.0,0.0,1435.799694672642,1412.4871849088172,1445.1297118790476,1403.1571677024117
Bundesliga,2025/26,2026-02-28 14:30:00,Bayer 04 Leverkusen,1. FSV Mainz 05,1.0,1.0,1545.7734511665376,1469.0332444800697,1543.59992214015,1471.2067735064572
Bundesliga,2025/26,2026-02-28 14:30:00,Borussia M'gladbach,1. FC Union Berlin,1.0,0.0,1454.778552053588,1486.286618701045,1465.6829491476979,1475.3822216069352
Bundesliga,2025/26,2026-02-28 14:30:00,TSG Hoffenheim,FC St. Pauli,0.0,1.0,1573.7493556687107,1446.6512557653211,1560.246074393499,1460.154537040533
Premier League,2025/26,2026-02-28 15:00:00,Liverpool FC,West Ham United,5.0,2.0,1568.723807390185,1455.9431178097138,1575.587123744588,1449.0798014553106
Premier League,2025/26,2026-02-28 15:00:00,Newcastle United,Everton,2.0,3.0,1530.3094259022664,1501.8895184799162,1519.4932547586473,1512.7056896235354
Premier League,2025/26,2026-02-28 15:00:00,Burnley,Brentford,3.0,4.0,1421.5911083261512,1518.1705629318096,1414.3014348979261,1525.4602363600347
La Liga,2025/26,2026-02-28 15:15:00,FC Barcelona,Villarreal,4.0,1.0,1627.132457285222,1517.580227225517,1634.0797962075374,1510.6328883032018
Ligue 1,2025/26,2026-02-28 16:00:00,Stade Rennais,Toulouse,1.0,0.0,1533.080909554075,1492.8103337162006,1541.9269920876818,1483.964251182594
Serie A,2025/26,2026-02-28 17:00:00,Hellas Verona,SSC Napoli,1.0,2.0,1400.952594240131,1543.0010421778297,1394.8275376980066,1549.1260987199541
La Liga,2025/26,2026-02-28 17:30:00,Mallorca,Real Sociedad,0.0,1.0,1451.3061879106501,1501.868297502801,1442.7512948963636,1510.4231905170875
Bundesliga,2025/26,2026-02-28 17:30:00,Borussia Dortmund,FC Bayern München,2.0,3.0,1592.471420276377,1658.4558618433814,1584.3480959484243,1666.5791861713342
Premier League,2025/26,2026-02-28 17:30:00,Leeds United,Manchester City,0.0,1.0,1496.6856269514499,1606.5674471956602,1489.7468878942757,1613.5061862528344
Ligue 1,2025/26,2026-02-28 18:00:00,AS Monaco,Angers,2.0,0.0,1509.8270076092351,1481.7175674688428,1519.0197135517433,1472.5248615263347
Serie A,2025/26,2026-02-28 19:45:00,Inter,Genoa,2.0,0.0,1611.1638822932498,1471.3839207149358,1617.3445673143453,1465.2032356938403
La Liga,2025/26,2026-02-28 20:00:00,Real Oviedo,Atlético Madrid,0.0,1.0,1431.6096564296374,1567.7501876569822,1425.3391443259582,1574.0206997606615
Ligue 1,2025/26,2026-02-28 20:05:00,Le Havre,Paris Saint-Germain,0.0,1.0,1482.0309068123036,1609.2519573350828,1475.53729218924,1615.7455719581465
Serie A,2025/26,2026-03-01 11:30:00,Cremonese,AC Milan,0.0,2.0,1438.0569605364674,1587.3342709769342,1432.1072869717423,1593.2839445416594
La Liga,2025/26,2026-03-01 13:00:00,Elche,Espanyol,2.0,2.0,1450.6740016364595,1487.1383766542006,1451.7196940588942,1486.0926842317658
Premier League,2025/26,2026-03-01 14:00:00,Fulham,Tottenham Hotspur,2.0,1.0,1499.8821941138483,1487.4208031392272,1509.523680170722,1477.7793170823536
Premier League,2025/26,2026-03-01 14:00:00,Brighton & Hove Albion,Nottingham Forest,2.0,1.0,1494.4928665637533,1477.8705475255256,1504.0148024612856,1468.3486116279933
Ligue 1,2025/26,2026-03-01 14:00:00,Paris FC,Nice,1.0,0.0,1462.8627267751983,1420.7492632125097,1471.6565055156307,1411.9554844720774
Serie A,2025/26,2026-03-01 14:00:00,Sassuolo,Atalanta,2.0,1.0,1498.49727159155,1564.991151033946,1510.3880897516729,1553.1003328738232
Premier League,2025/26,2026-03-01 14:00:00,Manchester United,Crystal Palace,2.0,1.0,1567.135745583285,1485.3863073368152,1574.8252891285642,1477.696763791536
Bundesliga,2025/26,2026-03-01 14:30:00,VfB Stuttgart,VfL Wolfsburg,4.0,0.0,1558.0244358453099,1439.1219610896196,1564.7297783513523,1432.4166185835772
La Liga,2025/26,2026-03-01 15:15:00,Valencia,Osasuna,1.0,0.0,1469.3614933882798,1503.95929040666,1480.354019482323,1492.9667643126168
Ligue 1,2025/26,2026-03-01 16:15:00,Lorient,Auxerre,2.0,2.0,1512.3727193211964,1429.2898806087987,1510.0259655961404,1431.6366343338548
Ligue 1,2025/26,2026-03-01 16:15:00,Lille,Nantes,1.0,0.0,1518.49569480715,1424.4264157745292,1525.8524397740593,1417.0696708076198
Ligue 1,2025/26,2026-03-01 16:15:00,Metz,Stade Brestois,0.0,1.0,1403.7480592505785,1500.87023534145,1396.4728529833703,1508.1454416086583
Bundesliga,2025/26,2026-03-01 16:30:00,Eintracht Frankfurt,SC Freiburg,2.0,0.0,1463.3012701833347,1532.7519878644403,1475.274016518839,1520.779241528936
Premier League,2025/26,2026-03-01 16:30:00,Arsenal,Chelsea,2.0,1.0,1649.433049485655,1565.4129771572275,1657.0608218197885,1557.7852048230939
Serie A,2025/26,2026-03-01 17:00:00,Torino,Lazio,2.0,0.0,1449.1452839626013,1499.8793879466748,1460.595237616908,1488.4294342923681
La Liga,2025/26,2026-03-01 17:30:00,Real Betis,Sevilla,2.0,2.0,1567.4232827049975,1468.9025686507296,1564.6612654383678,1471.6645859173593
Bundesliga,2025/26,2026-03-01 18:30:00,Hamburger SV,RB Leipzig,1.0,2.0,1493.2280165917825,1538.3829840963958,1484.5204124722552,1547.0905882159232
Ligue 1,2025/26,2026-03-01 19:45:00,Olympique de Marseille,Olympique Lyonnais,3.0,2.0,1513.354868614306,1592.5399799282745,1525.5953397187243,1580.2995088238563
Serie A,2025/26,2026-03-01 19:45:00,AS Roma,Juventus,3.0,3.0,1576.0323044416834,1559.3950837062187,1575.5538124150123,1559.8735757328898
La Liga,2025/26,2026-03-01 20:00:00,Girona FC,Celta Vigo,1.0,2.0,1497.8638482950291,1549.075665296646,1489.327259875073,1557.6122537166023
Serie A,2025/26,2026-03-02 17:30:00,Pisa,Bologna,0.0,1.0,1412.7336001909707,1529.0454317372912,1405.961624345282,1535.81740758298
Serie A,2025/26,2026-03-02 19:45:00,Udinese,Fiorentina,3.0,0.0,1471.9883336690348,1462.4052308047058,1481.7125797230935,1452.680984750647
La Liga,2025/26,2026-03-02 20:00:00,Real Madrid,Getafe,0.0,1.0,1623.1138609680008,1467.7547574916537,1608.9182482685283,1481.9503701911262
Premier League,2025/26,2026-03-03 19:30:00,Bournemouth,Brentford,0.0,0.0,1520.7867109413633,1525.4602363600347,1520.9212177033066,1525.3257295980914
Premier League,2025/26,2026-03-03 19:30:00,Leeds United,Sunderland,0.0,1.0,1489.7468878942757,1495.2062838117965,1479.904009008546,1505.0491626975263
Premier League,2025/26,2026-03-03 19:30:00,Everton,Burnley,2.0,0.0,1512.7056896235354,1414.3014348979261,1519.9467688994264,1407.060355622035
Premier League,2025/26,2026-03-03 20:15:00,Wolverhampton,Liverpool FC,2.0,1.0,1398.760215200558,1575.587123744588,1413.4514723497646,1560.8958665953814
La Liga,2025/26,2026-03-04 18:00:00,Rayo Vallecano,Real Oviedo,3.0,0.0,1475.4616148149312,1425.3391443259582,1484.0288996648867,1416.7718594760026
Premier League,2025/26,2026-03-04 19:30:00,Fulham,West Ham United,0.0,1.0,1509.523680170722,1449.0798014553106,1497.8013070237455,1460.802174602287
Premier League,2025/26,2026-03-04 19:30:00,Aston Villa,Chelsea,1.0,4.0,1588.4947038843577,1557.7852048230939,1577.6131081135363,1568.6668005939152
Bundesliga,2025/26,2026-03-04 19:30:00,Hamburger SV,Bayer 04 Leverkusen,0.0,1.0,1484.5204124722552,1543.59992214015,1476.2046552899044,1551.9156793225009
Premier League,2025/26,2026-03-04 19:30:00,Manchester City,Nottingham Forest,2.0,2.0,1613.5061862528344,1468.3486116279933,1609.555456524474,1472.2993413563536
Premier League,2025/26,2026-03-04 19:30:00,Brighton & Hove Albion,Arsenal,0.0,1.0,1504.0148024612856,1657.0608218197885,1498.1554058735942,1662.92021840748
Premier League,2025/26,2026-03-04 20:15:00,Newcastle United,Manchester United,2.0,1.0,1519.4932547586473,1574.8252891285642,1531.0725095777655,1563.246034309446
Premier League,2025/26,2026-03-05 20:00:00,Tottenham Hotspur,Crystal Palace,1.0,3.0,1477.7793170823536,1477.696763791536,1467.776941007688,1487.6991398662014
Bundesliga,2025/26,2026-03-06 19:30:00,FC Bayern München,Borussia M'gladbach,4.0,1.0,1666.5791861713342,1465.6829491476979,1671.3654387158242,1460.8966966032078
Serie A,2025/26,2026-03-06 19:45:00,SSC Napoli,Torino,2.0,1.0,1549.1260987199541,1460.595237616908,1556.6317293512384,1453.0896069856237
Ligue 1,2025/26,2026-03-06 19:45:00,Paris Saint-Germain,AS Monaco,1.0,3.0,1615.7455719581465,1519.0197135517433,1603.0313415355645,1531.7339439743253
La Liga,2025/26,2026-03-06 20:00:00,Celta Vigo,Real Madrid,1.0,2.0,1557.6122537166023,1608.9182482685283,1549.0783177886417,1617.4521841964888
La Liga,2025/26,2026-03-07 13:00:00,Osasuna,Mallorca,2.0,2.0,1492.9667643126168,1442.7512948963636,1491.5314274832695,1444.1866317257109
Serie A,2025/26,2026-03-07 14:00:00,Cagliari,Como,1.0,2.0,1473.0259701976815,1563.9152540723587,1465.5838883885467,1571.3573358814936
Bundesliga,2025/26,2026-03-07 14:30:00,RB Leipzig,FC Augsburg,2.0,1.0,1547.0905882159232,1496.984005587777,1555.658320971552,1488.416272832148
Bundesliga,2025/26,2026-03-07 14:30:00,1. FSV Mainz 05,VfB Stuttgart,2.0,2.0,1471.2067735064572,1564.7297783513523,1473.8353979726905,1562.101153885119
Bundesliga,2025/26,2026-03-07 14:30:00,VfL Wolfsburg,Hamburger SV,1.0,2.0,1432.4166185835772,1476.2046552899044,1423.670308700194,1484.9509651732876
Bundesliga,2025/26,2026-03-07 14:30:00,SC Freiburg,Bayer 04 Leverkusen,3.0,3.0,1520.779241528936,1551.9156793225009,1521.6730287514804,1551.0218920999564
Bundesliga,2025/26,2026-03-07 14:30:00,1. FC Heidenheim,TSG Hoffenheim,2.0,4.0,1403.1571677024117,1560.246074393499,1397.3937180693538,1566.0095240265568
La Liga,2025/26,2026-03-07 15:15:00,Levante UD,Girona FC,1.0,1.0,1434.8577698695083,1489.327259875073,1436.4128083939113,1487.77222135067
Ligue 1,2025/26,2026-03-07 16:00:00,Nantes,Angers,0.0,1.0,1417.0696708076198,1472.5248615263347,1408.6523817507232,1480.9421505832313
Serie A,2025/26,2026-03-07 17:00:00,Atalanta,Udinese,2.0,2.0,1553.1003328738232,1481.7125797230935,1551.0740633284192,1483.7388492684975
Bundesliga,2025/26,2026-03-07 17:30:00,1. FC Köln,Borussia Dortmund,1.0,2.0,1452.0982292231865,1584.3480959484243,1445.730910250198,1590.715414921413
La Liga,2025/26,2026-03-07 17:30:00,Atlético Madrid,Real Sociedad,3.0,2.0,1574.0206997606615,1510.4231905170875,1582.2103904418611,1502.2334998358879
Ligue 1,2025/26,2026-03-07 18:00:00,Auxerre,RC Strasbourg,0.0,0.0,1431.6366343338548,1508.4330716249233,1433.8117052937582,1506.2580006650198
Serie A,2025/26,2026-03-07 19:45:00,Juventus,Pisa,4.0,0.0,1559.8735757328898,1405.961624345282,1565.712343163207,1400.1228569149648
La Liga,2025/26,2026-03-07 20:00:00,Athletic Club,FC Barcelona,0.0,1.0,1486.4029340254667,1634.0797962075374,1480.41468111447,1640.068049118534
Ligue 1,2025/26,2026-03-07 20:05:00,Toulouse,Olympique de Marseille,0.0,1.0,1483.964251182594,1525.5953397187243,1475.1567882960458,1534.4028026052724
Serie A,2025/26,2026-03-08 11:30:00,Lecce,Cremonese,2.0,1.0,1444.399725062901,1432.1072869717423,1454.0460678086126,1422.4609442260307
La Liga,2025/26,2026-03-08 13:00:00,Villarreal,Elche,2.0,1.0,1510.6328883032018,1451.7196940588942,1518.9532970129571,1443.3992853491388
Serie A,2025/26,2026-03-08 14:00:00,Fiorentina,Parma,0.0,0.0,1452.680984750647,1499.2448617708353,1454.0132338722412,1497.912612649241
Serie A,2025/26,2026-03-08 14:00:00,Bologna,Hellas Verona,1.0,2.0,1535.81740758298,1394.8275376980066,1521.9683881010722,1408.6765571799144
Ligue 1,2025/26,2026-03-08 14:00:00,RC Lens,Metz,3.0,0.0,1584.7440850274816,1396.4728529833703,1589.799925958444,1391.417012052408
Bundesliga,2025/26,2026-03-08 14:30:00,FC St. Pauli,Eintracht Frankfurt,0.0,0.0,1460.154537040533,1475.274016518839,1460.5894361443436,1474.8391174150283
La Liga,2025/26,2026-03-08 15:15:00,Getafe,Real Betis,2.0,0.0,1481.9503701911262,1564.6612654383678,1494.28700555765,1552.324630071844
Ligue 1,2025/26,2026-03-08 16:15:00,Lille,Lorient,1.0,1.0,1525.8524397740593,1510.0259655961404,1525.3972320397659,1510.4811733304339
Ligue 1,2025/26,2026-03-08 16:15:00,Nice,Stade Rennais,0.0,4.0,1411.9554844720774,1541.9269920876818,1405.531107659679,1548.3513689000802
Ligue 1,2025/26,2026-03-08 16:15:00,Stade Brestois,Le Havre,2.0,0.0,1508.1454416086583,1475.53729218924,1517.2096496641334,1466.4730841337648
Bundesliga,2025/26,2026-03-08 16:30:00,1. FC Union Berlin,SV Werder Bremen,1.0,4.0,1475.3822216069352,1445.1297118790476,1464.5136783242515,1455.9982551617313
Serie A,2025/26,2026-03-08 17:00:00,Genoa,AS Roma,2.0,1.0,1465.2032356938403,1575.5538124150123,1478.2767191085002,1562.4803290003524
La Liga,2025/26,2026-03-08 17:30:00,Sevilla,Rayo Vallecano,1.0,1.0,1471.6645859173593,1484.0288996648867,1472.0203093167338,1483.6731762655122
Serie A,2025/26,2026-03-08 19:45:00,AC Milan,Inter,1.0,0.0,1593.2839445416594,1617.3445673143453,1603.9753599793737,1606.653151876631
Ligue 1,2025/26,2026-03-08 19:45:00,Olympique Lyonnais,Paris FC,1.0,1.0,1580.2995088238563,1471.6565055156307,1577.2705976330847,1474.6854167064023
La Liga,2025/26,2026-03-08 20:00:00,Valencia,Deportivo Alavés,3.0,2.0,1480.354019482323,1452.6690087431011,1489.5588630609948,1443.4641651644295
Serie A,2025/26,2026-03-09 19:45:00,Lazio,Sassuolo,2.0,1.0,1488.4294342923681,1510.3880897516729,1499.0606150070962,1499.7569090369448
La Liga,2025/26,2026-03-09 20:00:00,Espanyol,Real Oviedo,1.0,1.0,1486.0926842317658,1416.7718594760026,1484.1235312831552,1418.7410124246132
Champions League,2025/26,2026-03-10 17:45:00,Galatasaray,Liverpool FC,1.0,0.0,1497.5053385285973,1560.8958665953814,1509.3098850664273,1549.0913200575515
Champions League,2025/26,2026-03-10 20:00:00,Atalanta,FC Bayern München,1.0,6.0,1551.0740633284192,1671.3654387158242,1544.4043102553499,1678.0351917888936
Champions League,2025/26,2026-03-10 20:00:00,Atlético Madrid,Tottenham Hotspur,5.0,2.0,1582.2103904418611,1467.776941007688,1589.0308811027476,1460.9564503468016
Champions League,2025/26,2026-03-10 20:00:00,Newcastle United,FC Barcelona,1.0,1.0,1531.0725095777655,1640.068049118534,1534.1106338433217,1637.0299248529777
Champions League,2025/26,2026-03-11 17:45:00,Bayer 04 Leverkusen,Arsenal,1.0,1.0,1551.0218920999564,1662.92021840748,1554.135659785904,1659.8064507215324
Champions League,2025/26,2026-03-11 20:00:00,Bodø/Glimt,Sporting CP,3.0,0.0,1527.4765990533615,1536.3514003452365,1537.7319808262303,1526.0960185723677
Champions League,2025/26,2026-03-11 20:00:00,Paris Saint-Germain,Chelsea,5.0,2.0,1603.0313415355645,1568.6668005939152,1612.045463396369,1559.6526787331106
Champions League,2025/26,2026-03-11 20:00:00,Real Madrid,Manchester City,3.0,0.0,1617.4521841964888,1609.555456524474,1627.2249372335239,1599.782703487439
Europa League,2025/26,2026-03-12 17:45:00,Lille,Aston Villa,0.0,1.0,1525.3972320397659,1577.6131081135363,1516.888911832881,1586.1214283204213
Europa League,2025/26,2026-03-12 17:45:00,Bologna,AS Roma,1.0,1.0,1521.9683881010722,1562.4803290003524,1523.1291595601538,1561.3195575412708
Europa League,2025/26,2026-03-12 17:45:00,VfB Stuttgart,FC Porto,1.0,2.0,1562.101153885119,1534.18721974226,1551.29945052271,1544.9889231046689
Europa League,2025/26,2026-03-12 17:45:00,Panathinaikos FC,Real Betis,1.0,0.0,1533.7234269242015,1552.324630071844,1544.2583016342771,1541.7897553617684
Europa League,2025/26,2026-03-12 20:00:00,Celta Vigo,Olympique Lyonnais,1.0,1.0,1549.0783177886417,1577.2705976330847,1549.8879805796723,1576.460934842054
Europa League,2025/26,2026-03-12 20:00:00,Nottingham Forest,FC Midtjylland,0.0,1.0,1472.2993413563536,1584.2981548288124,1465.4157206403108,1591.181775544855
Europa League,2025/26,2026-03-12 20:00:00,Ferencváros TC,Sporting Braga,2.0,0.0,1546.6195355612033,1569.8255928822698,1557.2864680980347,1559.1586603454384
Europa League,2025/26,2026-03-12 20:00:00,KRC Genk,SC Freiburg,1.0,0.0,1539.7171025032455,1521.6730287514804,1549.1982187479878,1512.1919125067382
Bundesliga,2025/26,2026-03-13 19:30:00,Borussia M'gladbach,FC St. Pauli,2.0,0.0,1460.8966966032078,1460.5894361443436,1470.8878529386102,1450.5982798089412
Ligue 1,2025/26,2026-03-13 19:45:00,Olympique de Marseille,Auxerre,1.0,0.0,1534.4028026052724,1433.8117052937582,1541.585832014209,1426.6286758848216
Serie A,2025/26,2026-03-13 19:45:00,Torino,Parma,4.0,1.0,1453.0896069856237,1497.912612649241,1464.372606668598,1486.6296129662667
La Liga,2025/26,2026-03-13 20:00:00,Deportivo Alavés,Villarreal,1.0,1.0,1443.4641651644295,1518.9532970129571,1445.6033597778699,1516.8141023995167
La Liga,2025/26,2026-03-14 13:00:00,Girona FC,Athletic Club,3.0,0.0,1487.77222135067,1480.41468111447,1497.5604859699663,1470.6264164951738
Serie A,2025/26,2026-03-14 14:00:00,Inter,Atalanta,1.0,1.0,1606.653151876631,1544.4043102553499,1604.8804144023982,1546.1770477295827
Bundesliga,2025/26,2026-03-14 14:30:00,TSG Hoffenheim,VfL Wolfsburg,1.0,1.0,1566.0095240265568,1423.670308700194,1562.127470532593,1427.552362194158
Bundesliga,2025/26,2026-03-14 14:30:00,Bayer 04 Leverkusen,FC Bayern München,1.0,1.0,1554.135659785904,1678.0351917888936,1557.5579186254072,1674.6129329493904
Bundesliga,2025/26,2026-03-14 14:30:00,Borussia Dortmund,FC Augsburg,2.0,0.0,1590.715414921413,1488.416272832148,1597.8532469286247,1481.2784408249363
Bundesliga,2025/26,2026-03-14 14:30:00,Eintracht Frankfurt,1. FC Heidenheim,1.0,0.0,1474.8391174150283,1397.3937180693538,1482.6462587466442,1389.586576737738
Premier League,2025/26,2026-03-14 15:00:00,Sunderland,Brighton & Hove Albion,0.0,1.0,1505.0491626975263,1498.1554058735942,1494.8507704611732,1508.3537981099473
Premier League,2025/26,2026-03-14 15:00:00,Burnley,Bournemouth,0.0,0.0,1407.060355622035,1520.9212177033066,1410.2250428676552,1517.7565304576865
La Liga,2025/26,2026-03-14 15:15:00,Atlético Madrid,Getafe,1.0,0.0,1589.0308811027476,1494.28700555765,1596.3695754958196,1486.948311164578
Ligue 1,2025/26,2026-03-14 16:00:00,Lorient,RC Lens,2.0,1.0,1510.4811733304339,1589.799925958444,1522.7252975425797,1577.5558017462981
Serie A,2025/26,2026-03-14 17:00:00,SSC Napoli,Lecce,2.0,1.0,1556.6317293512384,1454.0460678086126,1563.7619920235466,1446.9158051363045
Premier League,2025/26,2026-03-14 17:30:00,Arsenal,Everton,2.0,0.0,1659.8064507215324,1519.9467688994264,1665.985176088703,1513.768043532256
Premier League,2025/26,2026-03-14 17:30:00,Chelsea,Newcastle United,0.0,1.0,1559.6526787331106,1534.1106338433217,1548.9188411397943,1544.844471436638
La Liga,2025/26,2026-03-14 17:30:00,Real Oviedo,Valencia,1.0,0.0,1418.7410124246132,1489.5588630609948,1430.7515471151964,1477.5483283704116
Bundesliga,2025/26,2026-03-14 17:30:00,Hamburger SV,1. FC Köln,1.0,1.0,1484.9509651732876,1445.730910250198,1483.8268918454623,1446.8549835780232
Ligue 1,2025/26,2026-03-14 18:00:00,Angers,Nice,0.0,2.0,1480.9421505832313,1405.531107659679,1468.805100800101,1417.6681574428094
Serie A,2025/26,2026-03-14 19:45:00,Udinese,Juventus,0.0,1.0,1483.7388492684975,1565.712343163207,1476.0554094003278,1573.3957830313766
La Liga,2025/26,2026-03-14 20:00:00,Real Madrid,Elche,4.0,1.0,1627.2249372335239,1443.3992853491388,1632.3780643921157,1438.246158190547
Premier League,2025/26,2026-03-14 20:00:00,West Ham United,Manchester City,1.0,1.0,1460.802174602287,1599.782703487439,1464.6018192444221,1595.983058845304
Ligue 1,2025/26,2026-03-14 20:05:00,AS Monaco,Stade Brestois,2.0,0.0,1531.7339439743253,1517.2096496641334,1541.316144533205,1507.6274491052536
Serie A,2025/26,2026-03-15 11:30:00,Hellas Verona,Genoa,0.0,2.0,1408.6765571799144,1478.2767191085002,1400.6534371187204,1486.2998391696942
La Liga,2025/26,2026-03-15 13:00:00,Mallorca,Espanyol,2.0,1.0,1444.1866317257109,1484.1235312831552,1455.3310720487602,1472.9790909601059
Ligue 1,2025/26,2026-03-15 14:00:00,RC Strasbourg,Paris FC,0.0,0.0,1506.2580006650198,1474.6854167064023,1505.351761833064,1475.591655538358
Serie A,2025/26,2026-03-15 14:00:00,Pisa,Cagliari,3.0,1.0,1400.1228569149648,1465.5838883885467,1411.9849941085452,1453.7217511949664
Serie A,2025/26,2026-03-15 14:00:00,Sassuolo,Bologna,0.0,1.0,1499.7569090369448,1523.1291595601538,1490.428603569741,1532.4574650273576
Premier League,2025/26,2026-03-15 14:00:00,Nottingham Forest,Fulham,0.0,0.0,1465.4157206403108,1497.8013070237455,1466.3451624226318,1496.8718652414245
Premier League,2025/26,2026-03-15 14:00:00,Manchester United,Aston Villa,3.0,1.0,1563.246034309446,1586.1214283204213,1573.9034913252408,1575.4639713046265
Premier League,2025/26,2026-03-15 14:00:00,Crystal Palace,Leeds United,0.0,0.0,1487.6991398662014,1479.904009008546,1487.4748156038659,1480.1283332708815
Bundesliga,2025/26,2026-03-15 14:30:00,SV Werder Bremen,1. FSV Mainz 05,0.0,2.0,1455.9982551617313,1473.8353979726905,1446.5111988186954,1483.3224543157264
La Liga,2025/26,2026-03-15 15:15:00,FC Barcelona,Sevilla,5.0,2.0,1637.0299248529777,1472.0203093167338,1642.6081373410914,1466.4420968286202
Ligue 1,2025/26,2026-03-15 16:15:00,Le Havre,Olympique Lyonnais,0.0,0.0,1466.4730841337648,1576.460934842054,1469.5371106261177,1573.396908349701
Ligue 1,2025/26,2026-03-15 16:15:00,Metz,Toulouse,3.0,4.0,1391.417012052408,1475.1567882960458,1383.7816246923192,1482.7921756561345
Bundesliga,2025/26,2026-03-15 16:30:00,SC Freiburg,1. FC Union Berlin,0.0,1.0,1512.1919125067382,1464.5136783242515,1500.8281724454496,1475.87741838554
Premier League,2025/26,2026-03-15 16:30:00,Liverpool FC,Tottenham Hotspur,1.0,1.0,1549.0913200575515,1460.9564503468016,1546.6076421305886,1463.4401282737645
Serie A,2025/26,2026-03-15 17:00:00,Como,AS Roma,2.0,1.0,1571.3573358814936,1561.3195575412708,1581.0685057538244,1551.60838766894
La Liga,2025/26,2026-03-15 17:30:00,Real Betis,Celta Vigo,1.0,1.0,1541.7897553617684,1549.8879805796723,1542.0227988182933,1549.6549371231474
Bundesliga,2025/26,2026-03-15 18:30:00,VfB Stuttgart,RB Leipzig,1.0,0.0,1551.29945052271,1555.658320971552,1561.4249023172958,1545.5328691769662
Ligue 1,2025/26,2026-03-15 19:45:00,Stade Rennais,Lille,1.0,2.0,1548.3513689000802,1516.888911832881,1537.4482738332424,1527.7920068997187
Serie A,2025/26,2026-03-15 19:45:00,Lazio,AC Milan,1.0,0.0,1499.0606150070962,1603.9753599793737,1511.9917490005644,1591.0442259859055
La Liga,2025/26,2026-03-15 20:00:00,Real Sociedad,Osasuna,3.0,1.0,1502.2334998358879,1491.5314274832695,1511.9255668181875,1481.8393605009699
Serie A,2025/26,2026-03-16 19:45:00,Cremonese,Fiorentina,1.0,4.0,1422.4609442260307,1454.0132338722412,1413.3666037348282,1463.1075743634437
Premier League,2025/26,2026-03-16 20:00:00,Brentford,Wolverhampton,2.0,2.0,1525.3257295980914,1413.4514723497646,1522.2125875216511,1416.5646144262048
La Liga,2025/26,2026-03-16 20:00:00,Rayo Vallecano,Levante UD,1.0,1.0,1483.6731762655122,1436.4128083939113,1482.3212416145357,1437.7647430448878
Champions League,2025/26,2026-03-17 17:45:00,Sporting CP,Bodø/Glimt,5.0,0.0,1526.0960185723677,1537.7319808262303,1536.4308033270304,1527.3971960715676
Champions League,2025/26,2026-03-17 20:00:00,Chelsea,Paris Saint-Germain,0.0,3.0,1548.9188411397943,1612.045463396369,1540.7160382012178,1620.2482663349456
Champions League,2025/26,2026-03-17 20:00:00,Manchester City,Real Madrid,1.0,2.0,1595.983058845304,1632.3780643921157,1587.0267764450894,1641.3343467923303
Champions League,2025/26,2026-03-17 20:00:00,Arsenal,Bayer 04 Leverkusen,2.0,0.0,1665.985176088703,1557.5579186254072,1672.961905929337,1550.581188784773
Europa League,2025/26,2026-03-18 15:30:00,Sporting Braga,Ferencváros TC,4.0,0.0,1559.1586603454384,1557.2864680980347,1569.1047748424946,1547.3403536009785
Champions League,2025/26,2026-03-18 17:45:00,FC Barcelona,Newcastle United,7.0,2.0,1642.6081373410914,1544.844471436638,1649.8662594888565,1537.586349288873
Champions League,2025/26,2026-03-18 20:00:00,FC Bayern München,Atalanta,4.0,1.0,1674.6129329493904,1546.1770477295827,1681.0759184442363,1539.7140622347367
Champions League,2025/26,2026-03-18 20:00:00,Tottenham Hotspur,Atlético Madrid,3.0,2.0,1463.4401282737645,1596.3695754958196,1477.089775925614,1582.71992784397
Champions League,2025/26,2026-03-18 20:00:00,Liverpool FC,Galatasaray,4.0,0.0,1546.6076421305886,1509.3098850664273,1555.5382313269884,1500.3792958700276
Europa League,2025/26,2026-03-19 17:45:00,FC Midtjylland,Nottingham Forest,1.0,5.0,1591.181775544855,1466.3451624226318,1577.735726206723,1479.7912117607639
Europa League,2025/26,2026-03-19 17:45:00,SC Freiburg,KRC Genk,5.0,1.0,1500.8281724454496,1549.1982187479878,1512.211448809411,1537.8149423840264
Europa League,2025/26,2026-03-19 17:45:00,Olympique Lyonnais,Celta Vigo,0.0,2.0,1573.396908349701,1549.6549371231474,1562.7146211720508,1560.3372243007977
Europa League,2025/26,2026-03-19 20:00:00,Real Betis,Panathinaikos FC,4.0,0.0,1542.0227988182933,1544.2583016342771,1552.0871408736152,1534.1939595789552
Europa League,2025/26,2026-03-19 20:00:00,FC Porto,VfB Stuttgart,2.0,0.0,1544.9889231046689,1561.4249023172958,1555.461636036687,1550.9521893852777
Europa League,2025/26,2026-03-19 20:00:00,AS Roma,Bologna,3.0,4.0,1551.60838766894,1532.4574650273576,1541.0577373740787,1543.0081153222188
Europa League,2025/26,2026-03-19 20:00:00,Aston Villa,Lille,2.0,0.0,1575.4639713046265,1527.7920068997187,1584.100408346331,1519.1555698580141
Serie A,2025/26,2026-03-20 17:30:00,Cagliari,SSC Napoli,0.0,1.0,1453.7217511949664,1563.7619920235466,1446.7871439666774,1570.6965992518356
Bundesliga,2025/26,2026-03-20 19:30:00,RB Leipzig,TSG Hoffenheim,5.0,0.0,1545.5328691769662,1562.127470532593,1556.0101373206517,1551.6502023889075
Serie A,2025/26,2026-03-20 19:45:00,Genoa,Udinese,0.0,2.0,1486.2998391696942,1476.0554094003278,1476.00506620048,1486.350182369542
Ligue 1,2025/26,2026-03-20 19:45:00,RC Lens,Angers,5.0,1.0,1577.5558017462981,1468.805100800101,1584.5240754166025,1461.8368271297966
Premier League,2025/26,2026-03-20 20:00:00,Bournemouth,Manchester United,2.0,2.0,1517.7565304576865,1573.9034913252408,1519.3586472462152,1572.301374536712
La Liga,2025/26,2026-03-20 20:00:00,Villarreal,Real Sociedad,3.0,1.0,1516.8141023995167,1511.9255668181875,1526.6734083195497,1502.0662608981545
Premier League,2025/26,2026-03-21 12:45:00,Brighton & Hove Albion,Liverpool FC,2.0,1.0,1508.3537981099473,1555.5382313269884,1519.7035870688644,1544.1884423680713
La Liga,2025/26,2026-03-21 13:00:00,Elche,Mallorca,2.0,1.0,1438.246158190547,1455.3310720487602,1448.7375055590906,1444.8397246802167
Serie A,2025/26,2026-03-21 14:00:00,Parma,Cremonese,0.0,2.0,1486.6296129662667,1413.3666037348282,1474.5516423137253,1425.4445743873696
Bundesliga,2025/26,2026-03-21 14:30:00,1. FC Köln,Borussia M'gladbach,3.0,3.0,1446.8549835780232,1470.8878529386102,1447.5456040226773,1470.197232493956
Bundesliga,2025/26,2026-03-21 14:30:00,VfL Wolfsburg,SV Werder Bremen,0.0,1.0,1427.552362194158,1446.5111988186954,1418.0975004056081,1455.9660606072453
Bundesliga,2025/26,2026-03-21 14:30:00,FC Bayern München,1. FC Union Berlin,4.0,0.0,1681.0759184442363,1475.87741838554,1685.7725855205915,1471.1807513091849
Bundesliga,2025/26,2026-03-21 14:30:00,1. FC Heidenheim,Bayer 04 Leverkusen,3.0,3.0,1389.586576737738,1550.581188784773,1393.9149245960796,1546.2528409264314
Premier League,2025/26,2026-03-21 15:00:00,Fulham,Burnley,3.0,1.0,1496.8718652414245,1410.2250428676552,1504.428417306984,1402.6684908020957
Premier League,2025/26,2026-03-21 15:00:00,Manchester City,Crystal Palace,,,1587.0267764450894,1487.4748156038659,1584.2373643861579,1490.2642276627973
La Liga,2025/26,2026-03-21 15:15:00,Espanyol,Getafe,1.0,2.0,1472.9790909601059,1486.948311164578,1463.3809409208475,1496.5464612038363
Ligue 1,2025/26,2026-03-21 16:00:00,Toulouse,Lorient,1.0,0.0,1482.7921756561345,1522.7252975425797,1493.9365086730245,1511.5809645256898
Serie A,2025/26,2026-03-21 17:00:00,AC Milan,Torino,3.0,2.0,1591.0442259859055,1464.372606668598,1597.5517179158119,1457.8651147386918
La Liga,2025/26,2026-03-21 17:30:00,Levante UD,Real Oviedo,4.0,2.0,1437.7647430448878,1430.7515471151964,1447.5629144513753,1420.953375708709
La Liga,2025/26,2026-03-21 17:30:00,Osasuna,Girona FC,1.0,0.0,1481.8393605009699,1497.5604859699663,1492.2915422971087,1487.1083041738275
Bundesliga,2025/26,2026-03-21 17:30:00,Borussia Dortmund,Hamburger SV,3.0,2.0,1597.8532469286247,1483.8268918454623,1604.6842741111845,1476.9958646629025
Premier League,2025/26,2026-03-21 17:30:00,Everton,Chelsea,3.0,0.0,1513.768043532256,1540.7160382012178,1524.542117525786,1529.9419642076878
Ligue 1,2025/26,2026-03-21 18:00:00,Auxerre,Stade Brestois,3.0,0.0,1426.6286758848216,1507.6274491052536,1438.9186696471238,1495.3374553429514
Serie A,2025/26,2026-03-21 19:45:00,Juventus,Sassuolo,1.0,1.0,1573.3957830313766,1490.428603569741,1571.0521751596027,1492.7722114415149
La Liga,2025/26,2026-03-21 20:00:00,Sevilla,Valencia,0.0,2.0,1466.4420968286202,1477.5483283704116,1456.7616510309667,1487.228774168065
Premier League,2025/26,2026-03-21 20:00:00,Leeds United,Brentford,0.0,0.0,1480.1283332708815,1522.2125875216511,1481.3337260425708,1521.0071947499619
Ligue 1,2025/26,2026-03-21 20:05:00,Nice,Paris Saint-Germain,0.0,4.0,1417.6681574428094,1620.2482663349456,1412.9171068820795,1624.9993168956755
Serie A,2025/26,2026-03-22 11:30:00,Como,Pisa,5.0,0.0,1581.0685057538244,1411.9849941085452,1586.5528790895328,1406.5006207728368
Premier League,2025/26,2026-03-22 12:00:00,Newcastle United,Sunderland,1.0,2.0,1537.586349288873,1494.8507704611732,1526.3624864674473,1506.0746332825988
La Liga,2025/26,2026-03-22 13:00:00,FC Barcelona,Rayo Vallecano,1.0,0.0,1649.8662594888565,1482.3212416145357,1655.3859552630493,1476.801545840343
Serie A,2025/26,2026-03-22 14:00:00,Bologna,Lazio,0.0,2.0,1543.0081153222188,1511.9917490005644,1532.1177565322757,1522.8821077905075
Serie A,2025/26,2026-03-22 14:00:00,Atalanta,Hellas Verona,1.0,0.0,1539.7140622347367,1400.6534371187204,1545.912445241546,1394.455054111911
Ligue 1,2025/26,2026-03-22 14:00:00,Olympique Lyonnais,AS Monaco,1.0,2.0,1562.7146211720508,1541.316144533205,1552.0995010871222,1551.9312646181336
Premier League,2025/26,2026-03-22 14:15:00,Aston Villa,West Ham United,2.0,0.0,1584.100408346331,1464.6018192444221,1590.79046437072,1457.9117632200332
Premier League,2025/26,2026-03-22 14:15:00,Tottenham Hotspur,Nottingham Forest,0.0,3.0,1477.089775925614,1479.7912117607639,1467.1675279323033,1489.7134597540746
Bundesliga,2025/26,2026-03-22 14:30:00,1. FSV Mainz 05,Eintracht Frankfurt,2.0,1.0,1483.3224543157264,1482.6462587466442,1493.3029918673337,1472.665721195037
La Liga,2025/26,2026-03-22 15:15:00,Celta Vigo,Deportivo Alavés,3.0,4.0,1560.3372243007977,1445.6033597778699,1547.1499445716984,1458.7906395069692
Ligue 1,2025/26,2026-03-22 16:15:00,Olympique de Marseille,Lille,1.0,2.0,1541.585832014209,1519.1555698580141,1530.9411326112006,1529.8002692610225
Ligue 1,2025/26,2026-03-22 16:15:00,Stade Rennais,Metz,0.0,0.0,1537.4482738332424,1383.7816246923192,1533.292880781555,1387.9370177440067
Ligue 1,2025/26,2026-03-22 16:15:00,Paris FC,Le Havre,3.0,2.0,1475.591655538358,1469.5371106261177,1485.4174093655406,1459.7113567989352
Bundesliga,2025/26,2026-03-22 16:30:00,FC St. Pauli,SC Freiburg,1.0,2.0,1450.5982798089412,1512.211448809411,1442.3532903984208,1520.4564382199314
Serie A,2025/26,2026-03-22 17:00:00,AS Roma,Lecce,1.0,0.0,1541.0577373740787,1446.9158051363045,1548.412537424006,1439.5610050863772
La Liga,2025/26,2026-03-22 17:30:00,Athletic Club,Real Betis,2.0,1.0,1470.6264164951738,1552.0871408736152,1482.9290051853504,1539.7845521834386
Bundesliga,2025/26,2026-03-22 18:30:00,FC Augsburg,VfB Stuttgart,2.0,5.0,1481.2784408249363,1550.9521893852777,1473.2573558996803,1558.9732743105337
Ligue 1,2025/26,2026-03-22 19:45:00,Nantes,RC Strasbourg,2.0,3.0,1408.6523817507232,1505.351761833064,1401.3659061960855,1512.6382373877018
Serie A,2025/26,2026-03-22 19:45:00,Fiorentina,Inter,1.0,1.0,1463.1075743634437,1604.8804144023982,1466.975774216523,1601.012214549319
La Liga,2025/26,2026-03-22 20:00:00,Real Madrid,Atlético Madrid,3.0,2.0,1641.3343467923303,1582.71992784397,1649.6631135588714,1574.391161077429
Ligue 1,2025/26,2026-04-03 18:45:00,Paris Saint-Germain,Toulouse,3.0,1.0,1624.9993168956755,1493.9365086730245,1631.3963301878932,1487.5394953808068
La Liga,2025/26,2026-04-03 19:00:00,Rayo Vallecano,Elche,1.0,0.0,1476.801545840343,1448.7375055590906,1485.9955499933662,1439.5435014060672
La Liga,2025/26,2026-04-04 12:00:00,Real Sociedad,Levante UD,2.0,0.0,1502.0662608981545,1447.5629144513753,1510.5102714854695,1439.1189038640603
Serie A,2025/26,2026-04-04 13:00:00,Sassuolo,Cagliari,2.0,1.0,1492.7722114415149,1446.7871439666774,1501.456329728313,1438.1030256798792
Bundesliga,2025/26,2026-04-04 13:30:00,SC Freiburg,FC Bayern München,2.0,3.0,1520.4564382199314,1685.7725855205915,1514.885320624422,1691.3437031161009
Bundesliga,2025/26,2026-04-04 13:30:00,Hamburger SV,FC Augsburg,1.0,1.0,1476.9958646629025,1473.2573558996803,1476.8882658837533,1473.3649546788295
Bundesliga,2025/26,2026-04-04 13:30:00,Bayer 04 Leverkusen,VfL Wolfsburg,6.0,3.0,1546.2528409264314,1418.0975004056081,1552.7228929772582,1411.6274483547813
Bundesliga,2025/26,2026-04-04 13:30:00,SV Werder Bremen,RB Leipzig,1.0,2.0,1455.9660606072453,1556.0101373206517,1448.768529638589,1563.207668289308
Bundesliga,2025/26,2026-04-04 13:30:00,TSG Hoffenheim,1. FSV Mainz 05,1.0,2.0,1551.6502023889075,1493.3029918673337,1539.9864461840027,1504.9667480722385
Bundesliga,2025/26,2026-04-04 13:30:00,Borussia M'gladbach,1. FC Heidenheim,2.0,2.0,1470.197232493956,1393.9149245960796,1468.0362638205395,1396.0758932694962
La Liga,2025/26,2026-04-04 14:15:00,Mallorca,Real Madrid,2.0,1.0,1444.8397246802167,1649.6631135588714,1460.1352931648582,1634.3675450742298
Ligue 1,2025/26,2026-04-04 15:00:00,RC Strasbourg,Nice,3.0,1.0,1512.6382373877018,1412.9171068820795,1519.8443357000083,1405.711008569773
Serie A,2025/26,2026-04-04 16:00:00,Hellas Verona,Fiorentina,0.0,1.0,1394.455054111911,1466.975774216523,1386.5125734415278,1474.9182548869062
La Liga,2025/26,2026-04-04 16:30:00,Real Betis,Espanyol,0.0,0.0,1539.7845521834386,1463.3809409208475,1537.620255410261,1465.545237694025
Bundesliga,2025/26,2026-04-04 16:30:00,VfB Stuttgart,Borussia Dortmund,0.0,2.0,1558.9732743105337,1604.6842741111845,1550.2814035083336,1613.3761449133847
Ligue 1,2025/26,2026-04-04 17:00:00,Stade Brestois,Stade Rennais,3.0,4.0,1495.3374553429514,1533.292880781555,1486.4255750723753,1542.204761052131
Serie A,2025/26,2026-04-04 18:45:00,Lazio,Parma,1.0,1.0,1522.8821077905075,1474.5516423137253,1521.4999488732994,1475.9338012309333
La Liga,2025/26,2026-04-04 19:00:00,Atlético Madrid,FC Barcelona,1.0,2.0,1574.391161077429,1655.3859552630493,1566.6810463194347,1663.0960700210435
Ligue 1,2025/26,2026-04-04 19:05:00,Lille,RC Lens,3.0,0.0,1529.8002692610225,1584.5240754166025,1541.3624497748683,1572.9618949027567
La Liga,2025/26,2026-04-05 12:00:00,Getafe,Athletic Club,2.0,0.0,1496.5464612038363,1482.9290051853504,1506.154719888527,1473.3207465006597
Serie A,2025/26,2026-04-05 13:00:00,Cremonese,Bologna,1.0,2.0,1425.4445743873696,1532.1177565322757,1418.4219030027532,1539.1404279168921
Ligue 1,2025/26,2026-04-05 13:00:00,Angers,Olympique Lyonnais,0.0,0.0,1461.8368271297966,1552.0995010871222,1464.3778823151315,1549.5584459017873
Bundesliga,2025/26,2026-04-05 13:30:00,1. FC Union Berlin,FC St. Pauli,1.0,1.0,1471.1807513091849,1442.3532903984208,1470.3529290939296,1443.181112613676
La Liga,2025/26,2026-04-05 14:15:00,Valencia,Celta Vigo,2.0,3.0,1487.228774168065,1547.1499445716984,1478.936545100714,1555.4421736390493
Ligue 1,2025/26,2026-04-05 15:15:00,Le Havre,Auxerre,1.0,1.0,1459.7113567989352,1438.9186696471238,1459.113608609456,1439.516417836603
Ligue 1,2025/26,2026-04-05 15:15:00,Lorient,Paris FC,1.0,1.0,1511.5809645256898,1485.4174093655406,1510.8293371158604,1486.16903677537
Ligue 1,2025/26,2026-04-05 15:15:00,Metz,Nantes,0.0,0.0,1387.9370177440067,1401.3659061960855,1388.3233398627583,1400.9795840773338
Bundesliga,2025/26,2026-04-05 15:30:00,Eintracht Frankfurt,1. FC Köln,2.0,2.0,1472.665721195037,1447.5456040226773,1471.9439633303252,1448.267361887389
Serie A,2025/26,2026-04-05 16:00:00,Pisa,Torino,0.0,1.0,1406.5006207728368,1457.8651147386918,1397.968332363128,1466.3974031484006
La Liga,2025/26,2026-04-05 16:30:00,Real Oviedo,Sevilla,1.0,0.0,1420.953375708709,1456.7616510309667,1431.9803868892589,1445.734639850417
Serie A,2025/26,2026-04-05 18:45:00,Inter,AS Roma,5.0,2.0,1601.012214549319,1548.412537424006,1609.509735658512,1539.9150163148129
Ligue 1,2025/26,2026-04-05 18:45:00,AS Monaco,Olympique de Marseille,2.0,1.0,1551.9312646181336,1530.9411326112006,1561.3278540070996,1521.5445432222346
La Liga,2025/26,2026-04-05 19:00:00,Deportivo Alavés,Osasuna,2.0,2.0,1458.7906395069692,1492.2915422971087,1459.751895762685,1491.3302860413928
Serie A,2025/26,2026-04-06 10:30:00,Udinese,Como,0.0,0.0,1486.350182369542,1586.5528790895328,1489.1568577503278,1583.7462037087469
Serie A,2025/26,2026-04-06 13:00:00,Lecce,Atalanta,0.0,3.0,1439.5610050863772,1545.912445241546,1432.52989179157,1552.9435585363533
Serie A,2025/26,2026-04-06 16:00:00,Juventus,Genoa,2.0,0.0,1571.0521751596027,1476.00506620048,1578.382761826395,1468.6744795336879
Serie A,2025/26,2026-04-06 18:45:00,SSC Napoli,AC Milan,1.0,0.0,1570.6965992518356,1597.5517179158119,1581.4680160216167,1586.7803011460308
La Liga,2025/26,2026-04-06 19:00:00,Girona FC,Villarreal,1.0,0.0,1487.1083041738275,1526.6734083195497,1498.2421822326091,1515.539530260768
Champions League,2025/26,2026-04-07 19:00:00,Sporting CP,Arsenal,0.0,1.0,1536.4308033270304,1672.961905929337,1530.1699651154213,1679.2227441409461
Champions League,2025/26,2026-04-07 19:00:00,Real Madrid,FC Bayern München,1.0,2.0,1634.3675450742298,1691.3437031161009,1625.9929065510805,1699.7183416392502
Europa League,2025/26,2026-04-08 16:45:00,Sporting Braga,Real Betis,1.0,1.0,1569.1047748424946,1537.620255410261,1568.2010499523446,1538.523980300411
Champions League,2025/26,2026-04-08 19:00:00,Paris Saint-Germain,Liverpool FC,2.0,0.0,1631.3963301878932,1544.1884423680713,1638.9377036460398,1536.6470689099247
Champions League,2025/26,2026-04-08 19:00:00,FC Barcelona,Atlético Madrid,0.0,2.0,1663.0960700210435,1566.6810463194347,1650.3901290552144,1579.3869872852638
Europa League,2025/26,2026-04-09 19:00:00,SC Freiburg,Celta Vigo,3.0,0.0,1514.885320624422,1555.4421736390493,1526.0473673215797,1544.2801269418917
Europa League,2025/26,2026-04-09 19:00:00,FC Porto,Nottingham Forest,1.0,1.0,1555.461636036687,1489.7134597540746,1553.591521963337,1491.5835738274245
Europa League,2025/26,2026-04-09 19:00:00,Bologna,Aston Villa,1.0,3.0,1539.1404279168921,1590.79046437072,1530.616180066289,1599.3147122213231
Ligue 1,2025/26,2026-04-10 17:00:00,Paris FC,AS Monaco,4.0,1.0,1486.16903677537,1561.3278540070996,1498.2991573921254,1549.1977333903442
Bundesliga,2025/26,2026-04-10 18:30:00,FC Augsburg,TSG Hoffenheim,2.0,2.0,1473.3649546788295,1539.9864461840027,1475.2593142474702,1538.092086615362
Serie A,2025/26,2026-04-10 18:45:00,AS Roma,Pisa,3.0,0.0,1539.9150163148129,1397.968332363128,1546.0425623471147,1391.8407863308262
La Liga,2025/26,2026-04-10 19:00:00,Real Madrid,Girona FC,1.0,1.0,1625.9929065510805,1498.2421822326091,1622.473157452888,1501.7619313308016
Premier League,2025/26,2026-04-10 19:00:00,West Ham United,Wolverhampton,4.0,0.0,1457.9117632200332,1416.5646144262048,1466.727283108776,1407.749094537462
Ligue 1,2025/26,2026-04-10 19:05:00,Olympique de Marseille,Metz,3.0,1.0,1521.5445432222346,1388.3233398627583,1527.8876189154075,1381.9802641695853
Premier League,2025/26,2026-04-11 11:30:00,Arsenal,Bournemouth,1.0,2.0,1679.2227441409461,1519.3586472462152,1664.9208763049028,1533.6605150822586
La Liga,2025/26,2026-04-11 12:00:00,Real Sociedad,Deportivo Alavés,3.0,3.0,1510.5102714854695,1459.751895762685,1509.0596339283534,1461.2025333198012
Serie A,2025/26,2026-04-11 13:00:00,Torino,Hellas Verona,2.0,1.0,1466.3974031484006,1386.5125734415278,1474.1378121282273,1378.772164461701
Serie A,2025/26,2026-04-11 13:00:00,Cagliari,Cremonese,1.0,0.0,1438.1030256798792,1418.4219030027532,1447.5371625633409,1408.9877661192916
Bundesliga,2025/26,2026-04-11 13:30:00,1. FC Heidenheim,1. FC Union Berlin,3.0,1.0,1396.0758932694962,1470.3529290939296,1408.1817727064565,1458.2470496569692
Bundesliga,2025/26,2026-04-11 13:30:00,VfL Wolfsburg,Eintracht Frankfurt,1.0,2.0,1411.6274483547813,1471.9439633303252,1403.3462642033837,1480.2251474817228
Bundesliga,2025/26,2026-04-11 13:30:00,RB Leipzig,Borussia M'gladbach,1.0,0.0,1563.207668289308,1468.0362638205395,1570.5349326863823,1460.7089994234652
Bundesliga,2025/26,2026-04-11 13:30:00,Borussia Dortmund,Bayer 04 Leverkusen,0.0,1.0,1613.3761449133847,1552.7228929772582,1601.6479249010295,1564.4511129896134
Premier League,2025/26,2026-04-11 14:00:00,Burnley,Brighton & Hove Albion,0.0,2.0,1402.6684908020957,1519.7035870688644,1395.9151504540416,1526.4569274169185
Premier League,2025/26,2026-04-11 14:00:00,Brentford,Everton,2.0,2.0,1521.0071947499619,1524.542117525786,1521.1089344954978,1524.44037778025
La Liga,2025/26,2026-04-11 14:15:00,Elche,Valencia,1.0,0.0,1439.5435014060672,1478.936545100714,1450.6724905635265,1467.8075559432548
Serie A,2025/26,2026-04-11 16:00:00,AC Milan,Udinese,0.0,3.0,1586.7803011460308,1489.1568577503278,1574.0421562180961,1501.8950026782625
Bundesliga,2025/26,2026-04-11 16:30:00,FC St. Pauli,FC Bayern München,0.0,5.0,1443.181112613676,1699.7183416392502,1439.4627272367652,1703.436727016161
Premier League,2025/26,2026-04-11 16:30:00,Liverpool FC,Fulham,2.0,0.0,1536.6470689099247,1504.428417306984,1545.7223906025988,1495.35309561431
La Liga,2025/26,2026-04-11 16:30:00,FC Barcelona,Espanyol,4.0,1.0,1650.3901290552144,1465.545237694025,1655.520843757022,1460.4145229922174
Ligue 1,2025/26,2026-04-11 17:00:00,Auxerre,Nantes,0.0,0.0,1439.516417836603,1400.9795840773338,1438.411764991055,1402.084236922882
Serie A,2025/26,2026-04-11 18:45:00,Atalanta,Juventus,0.0,1.0,1552.9435585363533,1578.382761826395,1543.6744519868469,1587.6518683759014
La Liga,2025/26,2026-04-11 19:00:00,Sevilla,Atlético Madrid,2.0,1.0,1445.734639850417,1579.3869872852638,1459.402309088957,1565.7193180467236
Ligue 1,2025/26,2026-04-11 19:05:00,Stade Rennais,Angers,2.0,1.0,1542.204761052131,1464.3778823151315,1550.0014530250937,1456.5811903421688
Serie A,2025/26,2026-04-12 10:30:00,Genoa,Sassuolo,2.0,1.0,1468.6744795336879,1501.456329728313,1479.6152269751135,1490.5155822868874
La Liga,2025/26,2026-04-12 12:00:00,Osasuna,Real Betis,1.0,1.0,1491.3302860413928,1538.523980300411,1492.6803366971515,1537.1739296446524
Premier League,2025/26,2026-04-12 13:00:00,Nottingham Forest,Aston Villa,1.0,1.0,1491.5835738274245,1599.3147122213231,1494.5886283752407,1596.309657673507
Premier League,2025/26,2026-04-12 13:00:00,Crystal Palace,Newcastle United,2.0,1.0,1490.2642276627973,1526.3624864674473,1501.2994964953728,1515.3272176348719
Premier League,2025/26,2026-04-12 13:00:00,Sunderland,Tottenham Hotspur,1.0,0.0,1506.0746332825988,1467.1675279323033,1514.9594544533606,1458.2827067615415
Serie A,2025/26,2026-04-12 13:00:00,Parma,SSC Napoli,1.0,1.0,1475.9338012309333,1581.4680160216167,1478.8812246153095,1578.5205926372405
Bundesliga,2025/26,2026-04-12 13:30:00,1. FC Köln,SV Werder Bremen,3.0,1.0,1448.267361887389,1448.768529638589,1458.2817866447967,1438.754104881181
La Liga,2025/26,2026-04-12 14:15:00,Mallorca,Rayo Vallecano,3.0,0.0,1460.1352931648582,1485.9955499933662,1470.878239697076,1475.2526034611485
Ligue 1,2025/26,2026-04-12 15:15:00,Toulouse,Lille,0.0,4.0,1487.5394953808068,1541.3624497748683,1479.0763698667226,1549.8255752889525
Ligue 1,2025/26,2026-04-12 15:15:00,Stade Brestois,RC Strasbourg,,,1486.4255750723753,1519.8443357000083,1487.3844888793258,1518.8854218930578
Ligue 1,2025/26,2026-04-12 15:15:00,Nice,Le Havre,1.0,1.0,1405.711008569773,1459.113608609456,1407.2360678645593,1457.5885493146695
Bundesliga,2025/26,2026-04-12 15:30:00,VfB Stuttgart,Hamburger SV,4.0,0.0,1550.2814035083336,1476.8882658837533,1558.1998494634083,1468.9698199286786
Premier League,2025/26,2026-04-12 15:30:00,Chelsea,Manchester City,0.0,3.0,1529.9419642076878,1584.2373643861579,1521.4921128096516,1592.687215784194
Serie A,2025/26,2026-04-12 16:00:00,Bologna,Lecce,2.0,0.0,1530.616180066289,1432.52989179157,1537.8657166821804,1425.2803551756786
La Liga,2025/26,2026-04-12 16:30:00,Celta Vigo,Real Oviedo,0.0,3.0,1544.2801269418917,1431.9803868892589,1531.1559295829234,1445.1045842482272
Bundesliga,2025/26,2026-04-12 17:30:00,1. FSV Mainz 05,SC Freiburg,0.0,1.0,1504.9667480722385,1526.0473673215797,1495.5727535917758,1535.4413618020424
Ligue 1,2025/26,2026-04-12 18:45:00,Olympique Lyonnais,Lorient,2.0,0.0,1549.5584459017873,1510.8293371158604,1558.4483268013767,1501.939456216271
Serie A,2025/26,2026-04-12 18:45:00,Como,Inter,3.0,4.0,1583.7462037087469,1609.509735658512,1574.4863815846156,1618.7695577826432
La Liga,2025/26,2026-04-12 19:00:00,Athletic Club,Villarreal,1.0,2.0,1473.3207465006597,1515.539530260768,1464.529954904513,1524.3303218569147
Serie A,2025/26,2026-04-13 18:45:00,Fiorentina,Lazio,1.0,0.0,1474.9182548869062,1521.4999488732994,1486.2510077167044,1510.1671960435012
La Liga,2025/26,2026-04-13 19:00:00,Levante UD,Getafe,1.0,0.0,1439.1189038640603,1506.154719888527,1451.0247581006388,1494.2488656519486
Premier League,2025/26,2026-04-13 19:00:00,Manchester United,Leeds United,1.0,2.0,1572.301374536712,1481.3337260425708,1559.7413485295542,1493.8937520497286
Champions League,2025/26,2026-04-14 19:00:00,Atlético Madrid,FC Barcelona,1.0,2.0,1565.7193180467236,1655.520843757022,1558.2479531638273,1662.9922086399183
Champions League,2025/26,2026-04-14 19:00:00,Liverpool FC,Paris Saint-Germain,0.0,2.0,1545.7223906025988,1638.9377036460398,1538.3427689951525,1646.3173252534862
Champions League,2025/26,2026-04-15 19:00:00,Arsenal,Sporting CP,0.0,0.0,1664.9208763049028,1530.1699651154213,1661.2258730015594,1533.8649684187646
Champions League,2025/26,2026-04-15 19:00:00,FC Bayern München,Real Madrid,4.0,3.0,1703.436727016161,1622.473157452888,1711.147693383665,1614.762191085384
Europa League,2025/26,2026-04-16 16:45:00,Celta Vigo,SC Freiburg,1.0,3.0,1531.1559295829234,1535.4413618020424,1521.2792679824347,1545.318023402531
Europa League,2025/26,2026-04-16 19:00:00,Nottingham Forest,FC Porto,1.0,0.0,1494.5886283752407,1553.591521963337,1506.2707284792953,1541.9094218592825
Europa League,2025/26,2026-04-16 19:00:00,Real Betis,Sporting Braga,2.0,4.0,1537.1739296446524,1568.2010499523446,1528.064595504627,1577.31038409237
Europa League,2025/26,2026-04-16 19:00:00,Aston Villa,Bologna,4.0,0.0,1596.309657673507,1537.8657166821804,1604.6431945343252,1529.5321798213622
Serie A,2025/26,2026-04-17 16:30:00,Sassuolo,Como,2.0,1.0,1490.5155822868874,1574.4863815846156,1502.8864715241452,1562.1154923473578
Bundesliga,2025/26,2026-04-17 18:30:00,FC St. Pauli,1. FC Köln,1.0,1.0,1439.4627272367652,1458.2817866447967,1440.00385420448,1457.740659677082
Ligue 1,2025/26,2026-04-17 18:45:00,RC Lens,Toulouse,3.0,2.0,1572.9618949027567,1479.0763698667226,1580.3235598999033,1471.714704869576
Serie A,2025/26,2026-04-17 18:45:00,Inter,Cagliari,3.0,0.0,1618.7695577826432,1447.5371625633409,1624.2048307656066,1442.1018895803775
Premier League,2025/26,2026-04-18 11:30:00,Brentford,Fulham,0.0,0.0,1521.1089344954978,1495.35309561431,1520.3689768312004,1496.0930532786074
Serie A,2025/26,2026-04-18 13:00:00,Udinese,Parma,0.0,1.0,1501.8950026782625,1478.8812246153095,1491.2335799698992,1489.5426473236728
Bundesliga,2025/26,2026-04-18 13:30:00,Bayer 04 Leverkusen,FC Augsburg,1.0,2.0,1564.4511129896134,1475.2593142474702,1551.9389123966125,1487.7715148404711
Bundesliga,2025/26,2026-04-18 13:30:00,TSG Hoffenheim,Borussia Dortmund,2.0,1.0,1538.092086615362,1601.6479249010295,1549.9012358289328,1589.8387756874586
Bundesliga,2025/26,2026-04-18 13:30:00,SV Werder Bremen,Hamburger SV,3.0,1.0,1438.754104881181,1468.9698199286786,1449.6215971071917,1458.102327702668
Bundesliga,2025/26,2026-04-18 13:30:00,1. FC Union Berlin,VfL Wolfsburg,1.0,2.0,1458.2470496569692,1403.3462642033837,1446.6798999766088,1414.9134138837442
Premier League,2025/26,2026-04-18 14:00:00,Newcastle United,Bournemouth,1.0,2.0,1515.3272176348719,1533.6605150822586,1505.854403143761,1543.1333295733696
Premier League,2025/26,2026-04-18 14:00:00,Leeds United,Wolverhampton,3.0,0.0,1493.8937520497286,1407.749094537462,1501.4638994385075,1400.1789471486832
Ligue 1,2025/26,2026-04-18 15:00:00,Lorient,Olympique de Marseille,2.0,0.0,1501.939456216271,1527.8876189154075,1512.6849188699082,1517.1421562617704
Serie A,2025/26,2026-04-18 16:00:00,SSC Napoli,Lazio,0.0,2.0,1578.5205926372405,1510.1671960435012,1566.578219423181,1522.1095692575607
Premier League,2025/26,2026-04-18 16:30:00,Tottenham Hotspur,Brighton & Hove Albion,2.0,2.0,1458.2827067615415,1526.4569274169185,1460.2201169485377,1524.5195172299223
Bundesliga,2025/26,2026-04-18 16:30:00,Eintracht Frankfurt,RB Leipzig,1.0,3.0,1480.2251474817228,1570.5349326863823,1472.7674710395395,1577.9926091285656
Ligue 1,2025/26,2026-04-18 17:00:00,Angers,Le Havre,1.0,1.0,1456.5811903421688,1457.5885493146695,1456.610184382839,1457.5595552739994
Serie A,2025/26,2026-04-18 18:45:00,AS Roma,Atalanta,1.0,1.0,1546.0425623471147,1543.6744519868469,1545.974403707427,1543.7426106265345
Premier League,2025/26,2026-04-18 19:00:00,Chelsea,Manchester United,0.0,1.0,1521.4921128096516,1559.7413485295542,1512.5885881820798,1568.644873157126
Ligue 1,2025/26,2026-04-18 19:05:00,Lille,Nice,0.0,0.0,1549.8255752889525,1407.2360678645593,1545.9374051860468,1411.124237967465
Serie A,2025/26,2026-04-19 10:30:00,Cremonese,Torino,0.0,0.0,1408.9877661192916,1474.1378121282273,1410.8412613702947,1472.2843168772242
Premier League,2025/26,2026-04-19 13:00:00,Nottingham Forest,Burnley,4.0,1.0,1506.2707284792953,1395.9151504540416,1513.1971147139736,1388.9887642193632
Ligue 1,2025/26,2026-04-19 13:00:00,AS Monaco,Auxerre,2.0,2.0,1549.1977333903442,1438.411764991055,1546.1129065414332,1441.496591839966
Serie A,2025/26,2026-04-19 13:00:00,Hellas Verona,AC Milan,0.0,1.0,1378.772164461701,1574.0421562180961,1373.8670014222998,1578.9473192574974
Premier League,2025/26,2026-04-19 13:00:00,Aston Villa,Sunderland,4.0,3.0,1604.6431945343252,1514.9594544533606,1612.117733066499,1507.4849159211867
Premier League,2025/26,2026-04-19 13:00:00,Everton,Liverpool FC,1.0,2.0,1524.44037778025,1538.3427689951525,1514.8403073393536,1547.9428394360489
Bundesliga,2025/26,2026-04-19 13:30:00,SC Freiburg,1. FC Heidenheim,2.0,1.0,1545.318023402531,1408.1817727064565,1551.5638890252533,1401.9359070837343
Ligue 1,2025/26,2026-04-19 15:15:00,Metz,Paris FC,1.0,3.0,1381.9802641695853,1498.2991573921254,1375.2084703950038,1505.070951166707
Ligue 1,2025/26,2026-04-19 15:15:00,Nantes,Stade Brestois,1.0,1.0,1402.084236922882,1487.3844888793258,1404.4912070699463,1484.9775187322614
Ligue 1,2025/26,2026-04-19 15:15:00,RC Strasbourg,Stade Rennais,0.0,3.0,1518.8854218930578,1550.0014530250937,1509.7786264536971,1559.1082484644544
Premier League,2025/26,2026-04-19 15:30:00,Manchester City,Arsenal,2.0,1.0,1592.687215784194,1661.2258730015594,1604.6347195206877,1649.2783692650657
Bundesliga,2025/26,2026-04-19 15:30:00,FC Bayern München,VfB Stuttgart,4.0,2.0,1711.147693383665,1558.1998494634083,1717.0094315038612,1552.3381113432122
Serie A,2025/26,2026-04-19 16:00:00,Pisa,Genoa,1.0,2.0,1391.8407863308262,1479.6152269751135,1384.3147277054488,1487.1412856004908
Bundesliga,2025/26,2026-04-19 17:30:00,Borussia M'gladbach,1. FSV Mainz 05,1.0,1.0,1460.7089994234652,1495.5727535917758,1461.7091043936591,1494.572648621582
Serie A,2025/26,2026-04-19 18:45:00,Juventus,Bologna,2.0,0.0,1587.6518683759014,1529.5321798213622,1595.994480201488,1521.1895679957756
Ligue 1,2025/26,2026-04-19 18:45:00,Paris Saint-Germain,Olympique Lyonnais,1.0,2.0,1646.3173252534862,1558.4483268013767,1633.8408290304253,1570.9248230244375
Serie A,2025/26,2026-04-20 18:45:00,Lecce,Fiorentina,1.0,1.0,1425.2803551756786,1486.2510077167044,1427.0174364555558,1484.5139264368272
Premier League,2025/26,2026-04-20 19:00:00,Crystal Palace,West Ham United,0.0,0.0,1501.2994964953728,1466.727283108776,1500.3076995088682,1467.7190800952806
La Liga,2025/26,2026-04-21 17:00:00,Athletic Club,Osasuna,1.0,0.0,1464.529954904513,1492.6803366971515,1475.3384196664567,1481.8718719352078
La Liga,2025/26,2026-04-21 17:00:00,Mallorca,Valencia,1.0,1.0,1470.878239697076,1467.8075559432548,1470.7898606152794,1467.8959350250514
Premier League,2025/26,2026-04-21 19:00:00,Brighton & Hove Albion,Chelsea,3.0,0.0,1524.5195172299223,1512.5885881820798,1534.1762524070073,1502.9318530049948
La Liga,2025/26,2026-04-21 19:30:00,Real Madrid,Deportivo Alavés,2.0,1.0,1614.762191085384,1461.2025333198012,1620.6093460797822,1455.355378325403
La Liga,2025/26,2026-04-21 19:30:00,Girona FC,Real Betis,2.0,3.0,1501.7619313308016,1528.064595504627,1492.5175398802076,1537.3089869552211
La Liga,2025/26,2026-04-22 17:00:00,Elche,Atlético Madrid,3.0,2.0,1450.6724905635265,1558.2479531638273,1463.673468477064,1545.2469752502898
Ligue 1,2025/26,2026-04-22 17:00:00,Paris Saint-Germain,Nantes,3.0,0.0,1633.8408290304253,1404.4912070699463,1638.05638787153,1400.2756482288416
La Liga,2025/26,2026-04-22 18:00:00,Real Sociedad,Getafe,0.0,1.0,1509.0596339283534,1494.2488656519486,1498.6336037819303,1504.6748957983716
Premier League,2025/26,2026-04-22 19:00:00,Bournemouth,Leeds United,2.0,2.0,1543.1333295733696,1501.4638994385075,1541.9397046085373,1502.6575244033397
Premier League,2025/26,2026-04-22 19:00:00,Burnley,Manchester City,0.0,1.0,1388.9887642193632,1604.6347195206877,1384.5047699965396,1609.1187137435113
La Liga,2025/26,2026-04-22 19:30:00,FC Barcelona,Celta Vigo,1.0,0.0,1662.9922086399183,1521.2792679824347,1669.125474959382,1515.146001662971
La Liga,2025/26,2026-04-23 17:00:00,Levante UD,Sevilla,2.0,0.0,1451.0247581006388,1459.402309088957,1461.2658366805563,1449.1612305090396
La Liga,2025/26,2026-04-23 18:00:00,Rayo Vallecano,Espanyol,1.0,0.0,1475.2526034611485,1460.4145229922174,1484.8257886360623,1450.8413378173036
La Liga,2025/26,2026-04-23 19:30:00,Real Oviedo,Villarreal,1.0,1.0,1445.1045842482272,1524.3303218569147,1447.3461659458826,1522.0887401592593
Bundesliga,2025/26,2026-04-24 18:30:00,RB Leipzig,1. FC Union Berlin,3.0,1.0,1577.9926091285656,1446.6798999766088,1584.3833650413467,1440.2891440638277
Ligue 1,2025/26,2026-04-24 18:45:00,Stade Brestois,RC Lens,3.0,3.0,1484.9775187322614,1580.3235598999033,1487.6549210909743,1577.6461575411904
Serie A,2025/26,2026-04-24 18:45:00,SSC Napoli,Cremonese,4.0,0.0,1566.578219423181,1410.8412613702947,1572.3736497227392,1405.0458310707365
Premier League,2025/26,2026-04-24 19:00:00,Sunderland,Nottingham Forest,0.0,5.0,1507.4849159211867,1513.1971147139736,1497.6493114063678,1523.0327192287925
La Liga,2025/26,2026-04-24 19:00:00,Real Betis,Real Madrid,1.0,1.0,1537.3089869552211,1620.6093460797822,1539.661655756333,1618.2566772786704
Premier League,2025/26,2026-04-25 11:30:00,Fulham,Aston Villa,1.0,0.0,1496.0930532786074,1612.117733066499,1509.3136717801613,1598.8971145649452
La Liga,2025/26,2026-04-25 12:00:00,Deportivo Alavés,Mallorca,2.0,1.0,1455.355378325403,1470.7898606152794,1465.7993264315126,1460.34591250917
Ligue 1,2025/26,2026-04-25 13:00:00,Olympique Lyonnais,Auxerre,3.0,2.0,1570.9248230244375,1441.496591839966,1577.362845036027,1435.0585698283764
Serie A,2025/26,2026-04-25 13:00:00,Parma,Pisa,1.0,0.0,1489.5426473236728,1384.3147277054488,1496.6032760505364,1377.2540989785853
Bundesliga,2025/26,2026-04-25 13:30:00,FC Augsburg,Eintracht Frankfurt,1.0,1.0,1487.7715148404711,1472.7674710395395,1487.3399320062354,1473.1990538737753
Bundesliga,2025/26,2026-04-25 13:30:00,1. FSV Mainz 05,FC Bayern München,3.0,4.0,1494.572648621582,1717.0094315038612,1490.2231727244264,1721.3589074010167
Bundesliga,2025/26,2026-04-25 13:30:00,1. FC Köln,Bayer 04 Leverkusen,1.0,2.0,1457.740659677082,1551.9389123966125,1450.3873671711956,1559.292204902499
Bundesliga,2025/26,2026-04-25 13:30:00,VfL Wolfsburg,Borussia M'gladbach,0.0,0.0,1414.9134138837442,1461.7091043936591,1416.2522161276447,1460.3703021497586
Bundesliga,2025/26,2026-04-25 13:30:00,1. FC Heidenheim,FC St. Pauli,2.0,0.0,1401.9359070837343,1440.00385420448,1413.0272269890427,1428.9125342991715
Premier League,2025/26,2026-04-25 14:00:00,West Ham United,Everton,2.0,1.0,1467.7190800952806,1514.8403073393536,1479.0670829410315,1503.4923044936027
Premier League,2025/26,2026-04-25 14:00:00,Wolverhampton,Tottenham Hotspur,0.0,1.0,1400.1789471486832,1460.2201169485377,1391.8900710124933,1468.5089930847275
Premier League,2025/26,2026-04-25 14:00:00,Liverpool FC,Crystal Palace,3.0,1.0,1547.9428394360489,1500.3076995088682,1556.5803166798066,1491.6702222651104
La Liga,2025/26,2026-04-25 14:15:00,Getafe,FC Barcelona,0.0,2.0,1504.6748957983716,1669.125474959382,1499.083729765127,1674.7166409926267
Serie A,2025/26,2026-04-25 16:00:00,Bologna,AS Roma,0.0,2.0,1521.1895679957756,1545.974403707427,1511.9017252897006,1555.262246413502
Premier League,2025/26,2026-04-25 16:30:00,Arsenal,Newcastle United,1.0,0.0,1649.2783692650657,1505.854403143761,1655.3698315262482,1499.7629408825785
La Liga,2025/26,2026-04-25 16:30:00,Valencia,Girona FC,2.0,1.0,1467.8959350250514,1492.5175398802076,1478.603417828782,1481.8100570764768
Bundesliga,2025/26,2026-04-25 16:30:00,Hamburger SV,TSG Hoffenheim,1.0,2.0,1458.102327702668,1549.9012358289328,1450.684697538669,1557.3188659929317
Ligue 1,2025/26,2026-04-25 17:00:00,Angers,Paris Saint-Germain,0.0,3.0,1456.610184382839,1638.05638787153,1451.404486369732,1643.262085884637
Serie A,2025/26,2026-04-25 18:45:00,Hellas Verona,Lecce,0.0,0.0,1373.8670014222998,1427.0174364555558,1375.3849708457478,1425.4994670321078
La Liga,2025/26,2026-04-25 19:00:00,Atlético Madrid,Athletic Club,3.0,2.0,1545.2469752502898,1475.3384196664567,1553.2615674171814,1467.3238274995651
Ligue 1,2025/26,2026-04-25 19:05:00,Toulouse,AS Monaco,2.0,2.0,1471.714704869576,1546.1129065414332,1473.8239168368884,1544.0036945741208
Serie A,2025/26,2026-04-26 10:30:00,Fiorentina,Sassuolo,0.0,0.0,1484.5139264368272,1502.8864715241452,1485.0422384373448,1502.3581595236276
La Liga,2025/26,2026-04-26 12:00:00,Rayo Vallecano,Real Sociedad,3.0,3.0,1484.8257886360623,1498.6336037819303,1485.2230004014166,1498.236392016576
Ligue 1,2025/26,2026-04-26 13:00:00,Lorient,RC Strasbourg,2.0,3.0,1512.6849188699082,1509.7786264536971,1502.6012710010095,1519.8622743225958
Serie A,2025/26,2026-04-26 13:00:00,Genoa,Como,0.0,2.0,1487.1412856004908,1562.1154923473578,1479.2663332229101,1569.9904447249385
Bundesliga,2025/26,2026-04-26 13:30:00,VfB Stuttgart,SV Werder Bremen,1.0,1.0,1552.3381113432122,1449.6215971071917,1549.464918310825,1452.494790139579
La Liga,2025/26,2026-04-26 14:15:00,Real Oviedo,Elche,1.0,2.0,1447.3461659458826,1463.673468477064,1437.8157578551968,1473.2038765677498
Ligue 1,2025/26,2026-04-26 15:15:00,Stade Rennais,Nantes,2.0,1.0,1559.1082484644544,1400.2756482288416,1564.8306061174624,1394.5532905758337
Ligue 1,2025/26,2026-04-26 15:15:00,Le Havre,Metz,4.0,4.0,1457.5595552739994,1375.2084703950038,1455.2327130154974,1377.5353126535058
Ligue 1,2025/26,2026-04-26 15:15:00,Paris FC,Lille,0.0,1.0,1505.070951166707,1545.9374051860468,1496.2417876542174,1554.7665686985363
Bundesliga,2025/26,2026-04-26 15:30:00,Borussia Dortmund,SC Freiburg,4.0,0.0,1589.8387756874586,1551.5638890252533,1598.7415709036636,1542.6610938090482
Serie A,2025/26,2026-04-26 16:00:00,Torino,Inter,2.0,2.0,1472.2843168772242,1624.2048307656066,1476.3980436137988,1620.091104029032
La Liga,2025/26,2026-04-26 16:30:00,Osasuna,Sevilla,2.0,1.0,1481.8718719352078,1449.1612305090396,1490.933155947369,1440.0999464968784
Ligue 1,2025/26,2026-04-26 18:45:00,Olympique de Marseille,Nice,1.0,1.0,1517.1421562617704,1411.124237967465,1514.182025449805,1414.0843687794304
Serie A,2025/26,2026-04-26 18:45:00,AC Milan,Juventus,0.0,0.0,1578.9473192574974,1595.994480201488,1579.437582627372,1595.5042168316133
La Liga,2025/26,2026-04-26 19:00:00,Villarreal,Celta Vigo,2.0,1.0,1522.0887401592593,1515.146001662971,1531.8889386758917,1505.3458031463385
Serie A,2025/26,2026-04-27 16:30:00,Cagliari,Atalanta,3.0,2.0,1442.1018895803775,1543.7426106265345,1454.946649728135,1530.897850478777
Serie A,2025/26,2026-04-27 18:45:00,Lazio,Udinese,3.0,3.0,1522.1095692575607,1491.2335799698992,1521.2232189577978,1492.119930269662
Premier League,2025/26,2026-04-27 19:00:00,Manchester United,Brentford,2.0,1.0,1568.644873157126,1520.3689768312004,1577.2642548950969,1511.7495950932296
La Liga,2025/26,2026-04-27 19:00:00,Espanyol,Levante UD,0.0,0.0,1450.8413378173036,1461.2658366805563,1451.1412890086883,1460.9658854891716
Champions League,2025/26,2026-04-28 19:00:00,Paris Saint-Germain,FC Bayern München,5.0,4.0,1643.262085884637,1721.3589074010167,1655.4727850433628,1709.1482082422908
Champions League,2025/26,2026-04-29 19:00:00,Atlético Madrid,Arsenal,1.0,1.0,1553.2615674171814,1655.3698315262482,1556.1186907687431,1652.5127081746864
Europa League,2025/26,2026-04-30 19:00:00,Nottingham Forest,Aston Villa,1.0,0.0,1523.0327192287925,1598.8971145649452,1535.182218140664,1586.7476156530738
Europa League,2025/26,2026-04-30 19:00:00,Sporting Braga,SC Freiburg,2.0,1.0,1577.31038409237,1542.6610938090482,1586.3163905248614,1533.6550873765568
Serie A,2025/26,2026-05-01 18:45:00,Pisa,Lecce,1.0,2.0,1377.2540989785853,1425.4994670321078,1368.6338553043192,1434.1197107063738
La Liga,2025/26,2026-05-01 19:00:00,Girona FC,Mallorca,0.0,1.0,1481.8100570764768,1460.34591250917,1471.193054090075,1470.9629154955717
Premier League,2025/26,2026-05-01 19:00:00,Leeds United,Burnley,3.0,1.0,1502.6575244033397,1384.5047699965396,1509.3821169351013,1377.780177464778
La Liga,2025/26,2026-05-02 12:00:00,Villarreal,Levante UD,5.0,1.0,1531.8889386758917,1460.9658854891716,1539.8754985876942,1452.979325577369
Ligue 1,2025/26,2026-05-02 13:00:00,Nantes,Olympique de Marseille,3.0,0.0,1394.5532905758337,1514.182025449805,1407.8665696439473,1500.8687463816914
Serie A,2025/26,2026-05-02 13:00:00,Udinese,Torino,2.0,0.0,1492.119930269662,1476.3980436137988,1501.6677266096026,1466.8502472738583
Bundesliga,2025/26,2026-05-02 13:30:00,SV Werder Bremen,FC Augsburg,1.0,3.0,1452.494790139579,1487.3399320062354,1443.4943647600035,1496.3403573858109
Bundesliga,2025/26,2026-05-02 13:30:00,TSG Hoffenheim,VfB Stuttgart,3.0,3.0,1557.3188659929317,1549.464918310825,1557.0928497046305,1549.6909345991262
Bundesliga,2025/26,2026-05-02 13:30:00,1. FC Union Berlin,1. FC Köln,2.0,2.0,1440.2891440638277,1450.3873671711956,1440.579712471651,1450.0967987633724
Bundesliga,2025/26,2026-05-02 13:30:00,Eintracht Frankfurt,Hamburger SV,1.0,2.0,1473.1990538737753,1450.684697538669,1462.5519441435808,1461.3318072688635
Bundesliga,2025/26,2026-05-02 13:30:00,FC Bayern München,1. FC Heidenheim,3.0,3.0,1709.1482082422908,1413.0272269890427,1702.225492447278,1419.9499427840556
Premier League,2025/26,2026-05-02 14:00:00,Newcastle United,Brighton & Hove Albion,3.0,1.0,1499.7629408825785,1534.1762524070073,1510.7502090891028,1523.188984200483
Premier League,2025/26,2026-05-02 14:00:00,Brentford,West Ham United,3.0,0.0,1511.7495950932296,1479.0670829410315,1520.8116816027534,1470.0049964315076
Premier League,2025/26,2026-05-02 14:00:00,Wolverhampton,Sunderland,1.0,1.0,1391.8900710124933,1497.6493114063678,1394.8434073691124,1494.6959750497488
La Liga,2025/26,2026-05-02 14:15:00,Valencia,Atlético Madrid,0.0,2.0,1478.603417828782,1556.1186907687431,1470.798190828943,1563.9239177685822
Ligue 1,2025/26,2026-05-02 15:00:00,Paris Saint-Germain,Lorient,2.0,2.0,1655.4727850433628,1502.6012710010095,1651.336344047149,1506.7377119972234
Serie A,2025/26,2026-05-02 16:00:00,Como,SSC Napoli,0.0,0.0,1569.9904447249385,1572.3736497227392,1570.0590378029062,1572.3050566447714
La Liga,2025/26,2026-05-02 16:30:00,Deportivo Alavés,Athletic Club,2.0,4.0,1465.7993264315126,1467.3238274995651,1455.84320481783,1477.2799491132478
Bundesliga,2025/26,2026-05-02 16:30:00,Bayer 04 Leverkusen,RB Leipzig,4.0,1.0,1559.292204902499,1584.3833650413467,1570.013133653534,1573.6624362903117
Premier League,2025/26,2026-05-02 16:30:00,Arsenal,Fulham,3.0,0.0,1652.5127081746864,1509.3136717801613,1658.6096568101905,1503.2167231446572
Ligue 1,2025/26,2026-05-02 17:00:00,Metz,AS Monaco,1.0,2.0,1377.5353126535058,1544.0036945741208,1371.9908147257333,1549.5481925018933
Serie A,2025/26,2026-05-02 18:45:00,Atalanta,Genoa,0.0,0.0,1530.897850478777,1479.2663332229101,1529.4226197503826,1480.7415639513044
La Liga,2025/26,2026-05-02 19:00:00,Osasuna,FC Barcelona,1.0,2.0,1490.933155947369,1674.7166409926267,1485.7791001899245,1679.8706967500711
Ligue 1,2025/26,2026-05-02 19:05:00,Nice,RC Lens,1.0,1.0,1414.0843687794304,1577.6461575411904,1418.4725705515232,1573.2579557690976
Serie A,2025/26,2026-05-03 10:30:00,Bologna,Cagliari,0.0,0.0,1511.9017252897006,1454.946649728135,1510.2769545907272,1456.5714204271085
La Liga,2025/26,2026-05-03 12:00:00,Celta Vigo,Elche,3.0,1.0,1505.3458031463385,1473.2038765677498,1514.423314325573,1464.1263653885153
Premier League,2025/26,2026-05-03 13:00:00,Bournemouth,Crystal Palace,3.0,0.0,1541.9397046085373,1491.6702222651104,1550.5028452242573,1483.1070816493905
Serie A,2025/26,2026-05-03 13:00:00,Sassuolo,AC Milan,2.0,0.0,1502.3581595236276,1579.437582627372,1514.5409887598817,1567.254753391118
Ligue 1,2025/26,2026-05-03 13:00:00,Lille,Le Havre,1.0,1.0,1554.7665686985363,1455.2327130154974,1551.9776372084316,1458.0216445056021
Bundesliga,2025/26,2026-05-03 13:30:00,FC St. Pauli,1. FSV Mainz 05,1.0,2.0,1428.9125342991715,1490.2231727244264,1420.6591042683312,1498.4766027552666
La Liga,2025/26,2026-05-03 14:15:00,Getafe,Rayo Vallecano,0.0,2.0,1499.083729765127,1485.2230004014166,1488.6849974183044,1495.621732748239
Premier League,2025/26,2026-05-03 14:30:00,Manchester United,Liverpool FC,3.0,2.0,1577.2642548950969,1556.5803166798066,1586.6696256261264,1547.1749459487771
Ligue 1,2025/26,2026-05-03 15:15:00,RC Strasbourg,Toulouse,1.0,2.0,1519.8622743225958,1473.8239168368884,1508.5448853886205,1485.1413057708637
Ligue 1,2025/26,2026-05-03 15:15:00,Paris FC,Stade Brestois,4.0,0.0,1496.2417876542174,1487.6549210909743,1505.9946880773678,1477.902020667824
Ligue 1,2025/26,2026-05-03 15:15:00,Auxerre,Angers,3.0,1.0,1435.0585698283764,1451.404486369732,1445.5286963091976,1440.9343598889109
Bundesliga,2025/26,2026-05-03 15:30:00,Borussia M'gladbach,Borussia Dortmund,1.0,0.0,1460.3703021497586,1598.7415709036636,1474.1549325998158,1584.9569404536064
Serie A,2025/26,2026-05-03 16:00:00,Juventus,Hellas Verona,1.0,1.0,1595.5042168316133,1375.3849708457478,1589.899270356034,1380.989917321327
La Liga,2025/26,2026-05-03 16:30:00,Real Betis,Real Oviedo,3.0,0.0,1539.661655756333,1437.8157578551968,1546.8114689654549,1430.6659446460749
Bundesliga,2025/26,2026-05-03 17:30:00,SC Freiburg,VfL Wolfsburg,1.0,1.0,1533.6550873765568,1416.2522161276447,1530.39896135388,1419.5083421503216
Premier League,2025/26,2026-05-03 18:00:00,Aston Villa,Tottenham Hotspur,1.0,2.0,1586.7476156530738,1468.5089930847275,1573.4700020272226,1481.7866067105788
Ligue 1,2025/26,2026-05-03 18:45:00,Olympique Lyonnais,Stade Rennais,4.0,2.0,1577.362845036027,1564.8306061174624,1587.0022945610604,1555.191156592429
Serie A,2025/26,2026-05-03 18:45:00,Inter,Parma,2.0,0.0,1620.091104029032,1496.6032760505364,1626.679311392564,1490.0150686870045
La Liga,2025/26,2026-05-03 19:00:00,Espanyol,Real Madrid,0.0,2.0,1451.1412890086883,1618.2566772786704,1445.6117042161338,1623.7862620712249
Premier League,2025/26,2026-05-04 14:00:00,Chelsea,Nottingham Forest,1.0,3.0,1502.9318530049948,1535.182218140664,1493.857436288908,1544.2566348567507
Serie A,2025/26,2026-05-04 16:30:00,Cremonese,Lazio,1.0,2.0,1405.0458310707365,1521.2232189577978,1398.2703884102953,1527.998661618239
Serie A,2025/26,2026-05-04 18:45:00,AS Roma,Fiorentina,4.0,0.0,1555.262246413502,1485.0422384373448,1563.2682291540955,1477.0362556967514
Premier League,2025/26,2026-05-04 19:00:00,Everton,Manchester City,3.0,3.0,1503.4923044936027,1609.1187137435113,1506.442150734574,1606.16886750254
La Liga,2025/26,2026-05-04 19:00:00,Sevilla,Real Sociedad,1.0,0.0,1440.0999464968784,1498.236392016576,1451.7578037231829,1486.5785347902715
Champions League,2025/26,2026-05-05 19:00:00,Arsenal,Atlético Madrid,1.0,0.0,1658.6096568101905,1563.9239177685822,1665.9499060630812,1556.5836685156914
Champions League,2025/26,2026-05-06 19:00:00,FC Bayern München,Paris Saint-Germain,1.0,1.0,1702.225492447278,1651.336344047149,1700.7711703577481,1652.7906661366787
Europa League,2025/26,2026-05-07 19:00:00,Aston Villa,Nottingham Forest,4.0,0.0,1573.4700020272226,1544.2566348567507,1582.6311496726994,1535.0954872112738
Europa League,2025/26,2026-05-07 19:00:00,SC Freiburg,Sporting Braga,3.0,1.0,1530.39896135388,1586.3163905248614,1541.9946405816906,1574.7207112970507
Bundesliga,2025/26,2026-05-08 18:30:00,Borussia Dortmund,Eintracht Frankfurt,3.0,2.0,1584.9569404536064,1462.5519441435808,1591.5727155707257,1455.9361690264616
Ligue 1,2025/26,2026-05-08 18:45:00,RC Lens,Nantes,1.0,0.0,1573.2579557690976,1407.8665696439473,1578.8273327562465,1402.2971926567984
Serie A,2025/26,2026-05-08 18:45:00,Torino,Sassuolo,2.0,1.0,1466.8502472738583,1514.5409887598817,1478.2143406275147,1503.1768954062252
La Liga,2025/26,2026-05-08 19:00:00,Levante UD,Osasuna,3.0,2.0,1452.979325577369,1485.7791001899245,1463.9205843567318,1474.8378414105619
Premier League,2025/26,2026-05-09 11:30:00,Liverpool FC,Chelsea,1.0,1.0,1547.1749459487771,1493.857436288908,1545.6522788800298,1495.3801033576553
La Liga,2025/26,2026-05-09 12:00:00,Elche,Deportivo Alavés,1.0,1.0,1464.1263653885153,1455.84320481783,1463.8880020219626,1456.0815681843826
Serie A,2025/26,2026-05-09 13:00:00,Cagliari,Udinese,0.0,2.0,1456.5714204271085,1501.6677266096026,1447.8621560640665,1510.3769909726445
Bundesliga,2025/26,2026-05-09 13:30:00,FC Augsburg,Borussia M'gladbach,3.0,1.0,1496.3403573858109,1474.1549325998158,1505.7026759965638,1464.7926139890628
Bundesliga,2025/26,2026-05-09 13:30:00,VfB Stuttgart,Bayer 04 Leverkusen,3.0,1.0,1549.6909345991262,1570.013133653534,1560.2751883535618,1559.4288798990983
Bundesliga,2025/26,2026-05-09 13:30:00,RB Leipzig,FC St. Pauli,2.0,1.0,1573.6624362903117,1420.6591042683312,1579.5228509246735,1414.7986896339694
Bundesliga,2025/26,2026-05-09 13:30:00,TSG Hoffenheim,SV Werder Bremen,1.0,0.0,1557.0928497046305,1443.4943647600035,1563.9349595698077,1436.6522548948262
Premier League,2025/26,2026-05-09 14:00:00,Fulham,Bournemouth,0.0,1.0,1503.2167231446572,1550.5028452242573,1494.569385505717,1559.1501828631974
Premier League,2025/26,2026-05-09 14:00:00,Brighton & Hove Albion,Wolverhampton,3.0,0.0,1523.188984200483,1394.8434073691124,1529.6542440060014,1388.378147563594
Premier League,2025/26,2026-05-09 14:00:00,Sunderland,Manchester United,0.0,0.0,1494.6959750497488,1586.6696256261264,1497.2830383693606,1584.0825623065145
La Liga,2025/26,2026-05-09 14:15:00,Sevilla,Espanyol,2.0,1.0,1451.7578037231829,1445.6117042161338,1461.5809232095355,1435.7885847297812
Serie A,2025/26,2026-05-09 16:00:00,Lazio,Inter,0.0,3.0,1527.998661618239,1626.679311392564,1520.7649304887707,1633.9130425220324
La Liga,2025/26,2026-05-09 16:30:00,Atlético Madrid,Celta Vigo,0.0,1.0,1556.5836685156914,1514.423314325573,1545.3761172936097,1525.6308655476548
Premier League,2025/26,2026-05-09 16:30:00,Manchester City,Brentford,3.0,0.0,1606.16886750254,1520.8116816027534,1613.7603536633892,1513.2201954419043
Bundesliga,2025/26,2026-05-09 16:30:00,VfL Wolfsburg,FC Bayern München,0.0,1.0,1419.5083421503216,1700.7711703577481,1416.2017035885926,1704.077808919477
Serie A,2025/26,2026-05-09 18:45:00,Lecce,Juventus,0.0,1.0,1434.1197107063738,1589.899270356034,1428.325289759533,1595.6936913028749
La Liga,2025/26,2026-05-09 19:00:00,Real Sociedad,Real Betis,2.0,2.0,1486.5785347902715,1546.8114689654549,1488.2950159643258,1545.0949877914006
Serie A,2025/26,2026-05-10 10:30:00,Hellas Verona,Como,0.0,1.0,1380.989917321327,1570.0590378029062,1375.9514080105323,1575.097547113701
La Liga,2025/26,2026-05-10 12:00:00,Mallorca,Villarreal,1.0,1.0,1470.9629154955717,1539.8754985876942,1472.9207713149642,1537.9176427683017
Serie A,2025/26,2026-05-10 13:00:00,Cremonese,Pisa,3.0,0.0,1398.2703884102953,1368.6338553043192,1407.4194433078328,1359.4848004067817
Premier League,2025/26,2026-05-10 13:00:00,Nottingham Forest,Newcastle United,1.0,1.0,1535.0954872112738,1510.7502090891028,1534.3959183649636,1511.449777935413
Premier League,2025/26,2026-05-10 13:00:00,Burnley,Aston Villa,2.0,2.0,1377.780177464778,1582.6311496726994,1383.0763172003228,1577.3350099371546
Premier League,2025/26,2026-05-10 13:00:00,Crystal Palace,Everton,2.0,2.0,1483.1070816493905,1506.442150734574,1483.7777108350351,1505.7715215489293
Serie A,2025/26,2026-05-10 13:00:00,Fiorentina,Genoa,0.0,0.0,1477.0362556967514,1480.7415639513044,1477.1428989980998,1480.634920649956
Bundesliga,2025/26,2026-05-10 13:30:00,Hamburger SV,SC Freiburg,3.0,2.0,1461.3318072688635,1541.9946405816906,1473.6126369330605,1529.7138109174937
La Liga,2025/26,2026-05-10 14:15:00,Athletic Club,Valencia,0.0,1.0,1477.2799491132478,1470.798190828943,1467.0934107540536,1480.9847291881372
Premier League,2025/26,2026-05-10 15:30:00,West Ham United,Arsenal,0.0,1.0,1470.0049964315076,1665.9499060630812,1465.1142024517767,1670.8407000428122
Bundesliga,2025/26,2026-05-10 15:30:00,1. FC Köln,1. FC Heidenheim,1.0,3.0,1450.0967987633724,1419.9499427840556,1439.2312735796338,1430.8154679677941
Serie A,2025/26,2026-05-10 16:00:00,Parma,AS Roma,2.0,3.0,1490.0150686870045,1563.2682291540955,1482.0927681078601,1571.1905297332398
La Liga,2025/26,2026-05-10 16:30:00,Real Oviedo,Getafe,0.0,0.0,1430.6659446460749,1488.6849974183044,1432.3205157205057,1487.0304263438736
Bundesliga,2025/26,2026-05-10 17:30:00,1. FSV Mainz 05,1. FC Union Berlin,1.0,3.0,1498.4766027552666,1440.579712471651,1486.8254517412608,1452.2308634856568
Serie A,2025/26,2026-05-10 18:45:00,AC Milan,Atalanta,2.0,3.0,1567.254753391118,1529.4226197503826,1556.170140404292,1540.5072327372086
Ligue 1,2025/26,2026-05-10 19:00:00,Angers,RC Strasbourg,1.0,1.0,1440.9343598889109,1508.5448853886205,1442.85614972303,1506.6230955545013
Ligue 1,2025/26,2026-05-10 19:00:00,Stade Rennais,Paris FC,2.0,1.0,1555.191156592429,1505.9946880773678,1563.7845567438817,1497.401287925915
Ligue 1,2025/26,2026-05-10 19:00:00,Auxerre,Nice,2.0,1.0,1445.5286963091976,1418.4725705515232,1454.7515287757678,1409.249738084953
Ligue 1,2025/26,2026-05-10 19:00:00,Metz,Lorient,0.0,4.0,1371.9908147257333,1506.7377119972234,1365.6857182721512,1513.0428084508055
La Liga,2025/26,2026-05-10 19:00:00,FC Barcelona,Real Madrid,2.0,0.0,1679.8706967500711,1623.7862620712249,1688.2703334674745,1615.3866253538215
Ligue 1,2025/26,2026-05-10 19:00:00,AS Monaco,Lille,0.0,1.0,1549.5481925018933,1551.9776372084316,1539.6181164018205,1561.9077133085043
Ligue 1,2025/26,2026-05-10 19:00:00,Le Havre,Olympique de Marseille,0.0,1.0,1458.0216445056021,1500.8687463816914,1449.2486690150292,1509.6417218722643
Ligue 1,2025/26,2026-05-10 19:00:00,Paris Saint-Germain,Stade Brestois,1.0,0.0,1652.7906661366787,1477.902020667824,1658.1430327035055,1472.5496541009973
Ligue 1,2025/26,2026-05-10 19:00:00,Toulouse,Olympique Lyonnais,2.0,1.0,1485.1413057708637,1587.0022945610604,1497.9918916227432,1574.1517087091809
Serie A,2025/26,2026-05-11 18:45:00,SSC Napoli,Bologna,2.0,3.0,1572.3050566447714,1510.2769545907272,1560.5384735966509,1522.0435376388477
La Liga,2025/26,2026-05-11 19:00:00,Rayo Vallecano,Girona FC,1.0,1.0,1495.621732748239,1471.193054090075,1494.9197752294715,1471.8950116088427
Premier League,2025/26,2026-05-11 19:00:00,Tottenham Hotspur,Leeds United,1.0,1.0,1481.7866067105788,1509.3821169351013,1482.579203335216,1508.589520310464
La Liga,2025/26,2026-05-12 17:00:00,Celta Vigo,Levante UD,2.0,3.0,1525.6308655476548,1463.9205843567318,1513.8731460688375,1475.678303835549
La Liga,2025/26,2026-05-12 18:00:00,Real Betis,Elche,2.0,1.0,1545.0949877914006,1463.8880020219626,1552.7993162388318,1456.1836735745314
Ligue 1,2025/26,2026-05-12 18:30:00,Red Star FC,Rodez AF,2.0,3.0,1500,1500,1490.0,1510.0
La Liga,2025/26,2026-05-12 19:30:00,Osasuna,Atlético Madrid,1.0,2.0,1474.8378414105619,1545.3761172936097,1466.8406533172329,1553.3733053869387
La Liga,2025/26,2026-05-13 17:00:00,Villarreal,Sevilla,2.0,3.0,1537.9176427683017,1461.5809232095355,1525.7551811851395,1473.7433847926977
La Liga,2025/26,2026-05-13 17:00:00,Espanyol,Athletic Club,2.0,0.0,1435.7885847297812,1467.0934107540536,1446.6871796292037,1456.194815854631
Ligue 1,2025/26,2026-05-13 17:00:00,Stade Brestois,RC Strasbourg,1.0,2.0,1472.5496541009973,1506.6230955545013,1463.5272344754198,1515.6455151800787
Ligue 1,2025/26,2026-05-13 19:00:00,RC Lens,Paris Saint-Germain,0.0,2.0,1578.8273327562465,1658.1430327035055,1571.0713735298864,1665.8989919298656
Premier League,2025/26,2026-05-13 19:00:00,Manchester City,Crystal Palace,3.0,0.0,1613.7603536633892,1483.7777108350351,1620.1844509576304,1477.353613540794
La Liga,2025/26,2026-05-13 19:30:00,Deportivo Alavés,FC Barcelona,1.0,0.0,1456.0815681843826,1688.2703334674745,1471.920127094583,1672.4317745572741
La Liga,2025/26,2026-05-13 19:30:00,Getafe,Mallorca,3.0,1.0,1487.0304263438736,1472.9207713149642,1496.624540936955,1463.3266567218827
La Liga,2025/26,2026-05-14 17:00:00,Valencia,Rayo Vallecano,1.0,1.0,1480.9847291881372,1494.9197752294715,1481.385597121887,1494.5189072957216
La Liga,2025/26,2026-05-14 18:00:00,Girona FC,Real Sociedad,1.0,1.0,1471.8950116088427,1488.2950159643258,1472.366691409953,1487.8233361632153
La Liga,2025/26,2026-05-14 19:30:00,Real Madrid,Real Oviedo,2.0,0.0,1615.3866253538215,1432.3205157205057,1620.5564958955113,1427.150645178816
Ligue 1,2025/26,2026-05-15 18:30:00,Saint-Étienne,Rodez AF,7.0,6.0,1500,1510.0,1510.28774368332,1499.71225631668
Premier League,2025/26,2026-05-15 19:00:00,Aston Villa,Liverpool FC,4.0,2.0,1577.3350099371546,1545.6522788800298,1586.4256269438886,1536.5616618732959
Bundesliga,2025/26,2026-05-16 13:30:00,FC St. Pauli,VfL Wolfsburg,1.0,3.0,1414.7986896339694,1416.2017035885926,1404.8390714021818,1426.1613218203802
Bundesliga,2025/26,2026-05-16 13:30:00,Borussia M'gladbach,TSG Hoffenheim,4.0,0.0,1464.7926139890628,1563.9349595698077,1477.5711501347841,1551.1564234240864
Bundesliga,2025/26,2026-05-16 13:30:00,Eintracht Frankfurt,VfB Stuttgart,2.0,2.0,1455.9361690264616,1560.2751883535618,1458.8521486378415,1557.3592087421819
Bundesliga,2025/26,2026-05-16 13:30:00,SC Freiburg,RB Leipzig,4.0,1.0,1529.7138109174937,1579.5228509246735,1541.137688850124,1568.0989729920434
Bundesliga,2025/26,2026-05-16 13:30:00,Bayer 04 Leverkusen,Hamburger SV,1.0,1.0,1559.4288798990983,1473.6126369330605,1557.0079237643088,1476.03359306785
Bundesliga,2025/26,2026-05-16 13:30:00,SV Werder Bremen,Borussia Dortmund,0.0,2.0,1436.6522548948262,1591.5727155707257,1430.8374593588155,1597.3875111067364
Bundesliga,2025/26,2026-05-16 13:30:00,FC Bayern München,1. FC Köln,5.0,1.0,1704.077808919477,1439.2312735796338,1707.6535728569593,1435.6555096421516
Bundesliga,2025/26,2026-05-16 13:30:00,1. FC Union Berlin,FC Augsburg,4.0,0.0,1452.2308634856568,1505.7026759965638,1463.7578684840983,1494.1756709981223
Bundesliga,2025/26,2026-05-16 13:30:00,1. FC Heidenheim,1. FSV Mainz 05,0.0,2.0,1430.8154679677941,1486.8254517412608,1422.4137431918725,1495.2271765171824
Serie A,2025/26,2026-05-17 10:00:00,Pisa,SSC Napoli,0.0,3.0,1359.4848004067817,1560.5384735966509,1354.7018466882146,1565.321427315218
Serie A,2025/26,2026-05-17 10:00:00,Juventus,Fiorentina,0.0,2.0,1595.6936913028749,1477.1428989980998,1582.4080603056354,1490.4285299953392
Serie A,2025/26,2026-05-17 10:00:00,Genoa,AC Milan,1.0,2.0,1480.634920649956,1556.170140404292,1472.7753810405961,1564.0296800136518
Serie A,2025/26,2026-05-17 10:00:00,Como,Parma,1.0,0.0,1575.097547113701,1482.0927681078601,1582.482813194193,1474.707502027368
Serie A,2025/26,2026-05-17 10:00:00,AS Roma,Lazio,2.0,0.0,1571.1905297332398,1520.7649304887707,1579.7492699970207,1512.2061902249898
Premier League,2025/26,2026-05-17 11:30:00,Manchester United,Nottingham Forest,3.0,2.0,1584.0825623065145,1534.3959183649636,1592.6621359657315,1525.8163447057466
Serie A,2025/26,2026-05-17 13:00:00,Inter,Hellas Verona,1.0,1.0,1633.9130425220324,1375.9514080105323,1627.6066712548177,1382.257779277747
Premier League,2025/26,2026-05-17 14:00:00,Brentford,Crystal Palace,2.0,2.0,1513.2201954419043,1477.353613540794,1512.1915237925766,1478.3822851901216
Premier League,2025/26,2026-05-17 14:00:00,Leeds United,Brighton & Hove Albion,1.0,0.0,1508.589520310464,1529.6542440060014,1519.1950699980976,1519.0486943183678
Premier League,2025/26,2026-05-17 14:00:00,Everton,Sunderland,1.0,3.0,1505.7715215489293,1497.2830383693606,1495.5272519642278,1507.527307954062
Premier League,2025/26,2026-05-17 14:00:00,Wolverhampton,Fulham,1.0,1.0,1388.378147563594,1494.569385505717,1391.3428291290577,1491.6047039402533
Serie A,2025/26,2026-05-17 16:00:00,Atalanta,Bologna,0.0,1.0,1540.5072327372086,1522.0435376388477,1529.976304587371,1532.5744657886853
Premier League,2025/26,2026-05-17 16:30:00,Newcastle United,West Ham United,3.0,1.0,1511.449777935413,1465.1142024517767,1520.1239837957146,1456.439996591475
La Liga,2025/26,2026-05-17 17:00:00,Real Sociedad,Valencia,3.0,4.0,1487.8233361632153,1481.385597121887,1477.6380643418022,1491.5708689433002
La Liga,2025/26,2026-05-17 17:00:00,Osasuna,Espanyol,1.0,2.0,1466.8406533172329,1446.6871796292037,1456.261239429036,1457.2665935174005
La Liga,2025/26,2026-05-17 17:00:00,Atlético Madrid,Girona FC,1.0,0.0,1553.3733053869387,1472.366691409953,1561.0830977851915,1464.6568990117003
La Liga,2025/26,2026-05-17 17:00:00,Elche,Getafe,1.0,0.0,1456.1836735745314,1496.624540936955,1467.3424268879257,1485.4657876235608
La Liga,2025/26,2026-05-17 17:00:00,Real Oviedo,Deportivo Alavés,0.0,1.0,1427.150645178816,1471.920127094583,1418.4321296531575,1480.6386426202414
La Liga,2025/26,2026-05-17 17:00:00,Sevilla,Real Madrid,0.0,1.0,1473.7433847926977,1620.5564958955113,1467.734251463476,1626.565629224733
La Liga,2025/26,2026-05-17 17:00:00,Levante UD,Mallorca,2.0,0.0,1475.678303835549,1463.3266567218827,1485.3229445503453,1453.6820160070865
La Liga,2025/26,2026-05-17 17:00:00,Rayo Vallecano,Villarreal,2.0,0.0,1494.5189072957216,1525.7551811851395,1505.415545003578,1514.858543477283
La Liga,2025/26,2026-05-17 17:00:00,Athletic Club,Celta Vigo,1.0,1.0,1456.194815854631,1513.8731460688375,1457.8398470716838,1512.2281148517848
Serie A,2025/26,2026-05-17 18:45:00,Sassuolo,Lecce,2.0,3.0,1503.1768954062252,1428.325289759533,1491.05521742771,1440.4469677380482
Serie A,2025/26,2026-05-17 18:45:00,Udinese,Cremonese,0.0,1.0,1510.3769909726445,1407.4194433078328,1497.497434417084,1420.2989998633934
Serie A,2025/26,2026-05-17 18:45:00,Cagliari,Torino,2.0,1.0,1447.8621560640665,1478.2143406275147,1458.7335465062708,1467.3429501853104
Ligue 1,2025/26,2026-05-17 19:00:00,Nice,Metz,0.0,0.0,1409.249738084953,1365.6857182721512,1408.002394863605,1366.933061493499
Ligue 1,2025/26,2026-05-17 19:00:00,Nantes,Toulouse,0.0,0.0,1402.2971926567984,1497.9918916227432,1404.983908318103,1495.3051759614386
Ligue 1,2025/26,2026-05-17 19:00:00,Stade Brestois,Angers,1.0,1.0,1463.5272344754198,1442.85614972303,1462.9329738515687,1443.4504103468812
Ligue 1,2025/26,2026-05-17 19:00:00,Lorient,Le Havre,0.0,2.0,1513.0428084508055,1449.2486690150292,1501.2270256948316,1461.0644517710032
Ligue 1,2025/26,2026-05-17 19:00:00,RC Strasbourg,AS Monaco,5.0,4.0,1515.6455151800787,1539.6181164018205,1526.3344092211505,1528.9292223607488
Ligue 1,2025/26,2026-05-17 19:00:00,Lille,Auxerre,0.0,2.0,1561.9077133085043,1454.7515287757678,1548.9177203511606,1467.7415217331115
Ligue 1,2025/26,2026-05-17 19:00:00,Olympique Lyonnais,RC Lens,0.0,4.0,1574.1517087091809,1571.0713735298864,1564.063051858795,1581.1600303802722
Ligue 1,2025/26,2026-05-17 19:00:00,Olympique de Marseille,Stade Rennais,3.0,1.0,1509.6417218722643,1563.7845567438817,1521.187584518633,1552.238694097513
Ligue 1,2025/26,2026-05-17 19:00:00,Paris FC,Paris Saint-Germain,2.0,1.0,1497.401287925915,1665.8989919298656,1511.9034815625248,1651.3967982932559
La Liga,2025/26,2026-05-17 19:15:00,FC Barcelona,Real Betis,3.0,1.0,1672.4317745572741,1552.7993162388318,1679.1184000850087,1546.1126907110972
Premier League,2025/26,2026-05-18 19:00:00,Arsenal,Burnley,1.0,0.0,1670.8407000428122,1383.0763172003228,1674.0453345330689,1379.8716827100661
Premier League,2025/26,2026-05-19 18:30:00,Bournemouth,Manchester City,1.0,1.0,1559.1501828631974,1620.1844509576304,1560.8890398397693,1618.4455939810584
Premier League,2025/26,2026-05-19 19:15:00,Chelsea,Tottenham Hotspur,2.0,1.0,1495.3801033576553,1482.579203335216,1505.0118304636055,1472.947476229266
Europa League,2025/26,2026-05-20 19:00:00,SC Freiburg,Aston Villa,0.0,3.0,1541.137688850124,1586.4256269438886,1532.4338478202371,1595.1294679737755
Bundesliga,2025/26,2026-05-21 18:30:00,VfL Wolfsburg,SC Paderborn 07,0.0,0.0,1426.1613218203802,1500,1428.2551406393495,1497.9061811810307
Serie A,2025/26,2026-05-22 18:45:00,Fiorentina,Atalanta,1.0,1.0,1490.4285299953392,1529.976304587371,1491.5619156794585,1528.8429189032518
Serie A,2025/26,2026-05-23 16:00:00,Bologna,Inter,3.0,3.0,1532.5744657886853,1627.6066712548177,1535.243480726801,1624.937656316702
Serie A,2025/26,2026-05-23 18:45:00,Lazio,Pisa,2.0,1.0,1512.2061902249898,1354.7018466882146,1517.9598337238708,1348.9482031893335
La Liga,2025/26,2026-05-23 19:00:00,Getafe,Osasuna,1.0,0.0,1485.4657876235608,1456.261239429036,1494.6271873139685,1447.0998397386284
La Liga,2025/26,2026-05-23 19:00:00,Mallorca,Real Oviedo,3.0,0.0,1453.6820160070865,1418.4321296531575,1462.6709096476493,1409.4432360125948
La Liga,2025/26,2026-05-23 19:00:00,Deportivo Alavés,Rayo Vallecano,1.0,2.0,1480.6386426202414,1505.415545003578,1471.3505727323181,1514.7036148915013
La Liga,2025/26,2026-05-23 19:00:00,Girona FC,Elche,1.0,1.0,1464.6568990117003,1467.3424268879257,1464.7341931780434,1467.2651327215826
La Liga,2025/26,2026-05-23 19:00:00,Real Madrid,Athletic Club,4.0,2.0,1626.565629224733,1457.8398470716838,1632.0582031497622,1452.3472731466545
La Liga,2025/26,2026-05-23 19:00:00,Celta Vigo,Sevilla,1.0,0.0,1512.2281148517848,1467.734251463476,1520.9544338330913,1459.0079324821695
La Liga,2025/26,2026-05-23 19:00:00,Real Betis,Levante UD,2.0,1.0,1546.1126907110972,1485.3229445503453,1554.380659675928,1477.0549755855145
La Liga,2025/26,2026-05-23 19:00:00,Valencia,FC Barcelona,3.0,1.0,1491.5708689433002,1679.1184000850087,1506.4992738048015,1664.1899952235074
La Liga,2025/26,2026-05-23 19:00:00,Espanyol,Real Sociedad,1.0,1.0,1457.2665935174005,1477.6380643418022,1457.8522605747464,1477.0523972844562
Serie A,2025/26,2026-05-24 13:00:00,Parma,Sassuolo,1.0,0.0,1474.707502027368,1491.05521742771,1485.1776801690671,1480.585039286011
Premier League,2025/26,2026-05-24 15:00:00,West Ham United,Leeds United,3.0,0.0,1456.439996591475,1519.1950699980976,1468.2268430404915,1507.408223549081
Premier League,2025/26,2026-05-24 15:00:00,Nottingham Forest,Bournemouth,1.0,1.0,1525.8163447057466,1560.8890398397693,1526.8224029709074,1559.8829815746085
Premier League,2025/26,2026-05-24 15:00:00,Burnley,Wolverhampton,1.0,1.0,1379.8716827100661,1391.3428291290577,1380.2017289256428,1391.012782913481
Premier League,2025/26,2026-05-24 15:00:00,Brighton & Hove Albion,Manchester United,0.0,3.0,1519.0486943183678,1592.6621359657315,1511.13631368039,1600.5745166037093
Premier League,2025/26,2026-05-24 15:00:00,Crystal Palace,Arsenal,1.0,2.0,1478.3822851901216,1674.0453345330689,1473.4854938443211,1678.9421258788693
Premier League,2025/26,2026-05-24 15:00:00,Liverpool FC,Brentford,1.0,1.0,1536.5616618732959,1512.1915237925766,1535.8613810051916,1512.891804660681
Premier League,2025/26,2026-05-24 15:00:00,Manchester City,Aston Villa,1.0,2.0,1618.4455939810584,1595.1294679737755,1607.775507570891,1605.799554383943
Premier League,2025/26,2026-05-24 15:00:00,Sunderland,Chelsea,2.0,1.0,1507.527307954062,1505.0118304636055,1517.454907956972,1495.0842304606956
Premier League,2025/26,2026-05-24 15:00:00,Fulham,Newcastle United,2.0,0.0,1491.6047039402533,1520.1239837957146,1502.4237161334197,1509.3049716025482
Premier League,2025/26,2026-05-24 15:00:00,Tottenham Hotspur,Everton,1.0,0.0,1472.947476229266,1495.5272519642278,1483.5964609735247,1484.878267219969
Serie A,2025/26,2026-05-24 16:00:00,SSC Napoli,Udinese,1.0,0.0,1565.321427315218,1497.497434417084,1573.3937210128704,1489.4251407194315
Serie A,2025/26,2026-05-24 18:45:00,Cremonese,Como,1.0,4.0,1420.2989998633934,1582.482813194193,1414.6551219593853,1588.1266910982013
Serie A,2025/26,2026-05-24 18:45:00,Hellas Verona,AS Roma,0.0,2.0,1382.257779277747,1579.7492699970207,1377.3998046455738,1584.607244629194
Serie A,2025/26,2026-05-24 18:45:00,AC Milan,Cagliari,1.0,2.0,1564.0296800136518,1458.7335465062708,1551.0885151223467,1471.674711397576
Serie A,2025/26,2026-05-24 18:45:00,Lecce,Genoa,1.0,0.0,1440.4469677380482,1472.7753810405961,1451.3747781373704,1461.847570641274
La Liga,2025/26,2026-05-24 19:00:00,Villarreal,Atlético Madrid,5.0,1.0,1514.858543477283,1561.0830977851915,1526.1811982051056,1549.760443057369
Serie A,2025/26,2026-05-24 19:45:00,Torino,Juventus,2.0,2.0,1467.3429501853104,1582.4080603056354,1470.5387927875354,1579.2122177034105
Bundesliga,2025/26,2026-05-25 18:30:00,SC Paderborn 07,VfL Wolfsburg,2.0,1.0,1497.9061811810307,1428.2551406393495,1505.927894108481,1420.2334277118991
Ligue 1,2025/26,2026-05-26 18:45:00,Saint-Étienne,Nice,0.0,0.0,1510.28774368332,1408.002394863605,1507.4259401744403,1410.864198372485
Ligue 1,2025/26,2026-05-29 18:45:00,Nice,Saint-Étienne,4.0,1.0,1410.864198372485,1507.4259401744403,1423.5740525726437,1494.7160859742814
Champions League,2025/26,2026-05-30 16:00:00,Paris Saint-Germain,Arsenal,5.0,4.0,1651.3967982932559,1678.9421258788693,1662.1879596027018,1668.1509645694234
Champions League,2026/27,2026-07-07 16:00:00,Sabah FK,The New Saints,2.0,0.0,1490.5750112778453,1490.0,1500.5584611379977,1480.0165501398476
Champions League,2026/27,2026-07-07 16:00:00,FK Kauno Žalgiris,FC Drita,1.0,1.0,1500,1478.466739914264,1499.3810153065544,1479.0857246077096
Champions League,2026/27,2026-07-07 16:00:00,Lincoln Red Imps,Inter Club d'Escaldes,3.0,1.0,1490.1920451161152,1500.5750112778453,1500.4908019714971,1490.2762544224634
Champions League,2026/27,2026-07-07 16:00:00,FC Ararat-Armenia,Riga FC,2.0,0.0,1500,1500,1510.0,1490.0
Champions League,2026/27,2026-07-07 17:00:00,FK Vardar Skopje,Kuopion Palloseura,0.0,2.0,1500,1508.4456451932497,1490.2430373403251,1518.2026078529245
Champions League,2026/27,2026-07-07 17:30:00,Floriana FC,Shamrock Rovers,2.0,0.0,1500,1500,1510.0,1490.0
Champions League,2026/27,2026-07-07 18:30:00,SP Tre Fiori,Larne FC,0.0,1.0,1500,1500,1490.0,1510.0
Champions League,2026/27,2026-07-07 18:30:00,FK Borac Banja Luka,Levski Sofia,1.0,1.0,1500,1499.4410635506772,1499.9839125296767,1499.4571510210005
Champions League,2026/27,2026-07-07 18:45:00,Klaksvíkar Ítróttarfelag,Atert Bissen,2.0,1.0,1500,1500,1510.0,1490.0
Champions League,2026/27,2026-07-07 19:00:00,Víkingur Reykjavík,ETO FC Győr,1.0,0.0,1500,1500,1510.0,1490.0
Champions League,2026/27,2026-07-08 15:00:00,FC Kairat Almaty,FK Sutjeska Nikšić,2.0,1.0,1466.146454455229,1500,1477.117765814609,1489.0286886406202
Champions League,2026/27,2026-07-08 16:00:00,Flora Tallinn,FC Iberia 1999,2.0,3.0,1500,1480.5750112778453,1489.4414857108948,1491.1335255669505
Champions League,2026/27,2026-07-08 17:00:00,ML Vitebsk,Universitatea Craiova,1.0,4.0,1500,1500,1490.0,1510.0
Champions League,2026/27,2026-07-08 17:00:00,FC Petrocub Hîncesti,KF Egnatia,1.0,1.0,1500,1499.4249887221547,1499.9834498601524,1499.4415388620023
Europa League,2026/27,2026-07-09 16:00:00,Qarabağ FK,IF Vestri,3.0,0.0,1502.4613948675587,1500,1512.3905514136318,1490.070843453927
Europa League,2026/27,2026-07-09 17:00:00,Sheriff Tiraspol,NK Aluminij Kidričevo,0.0,0.0,1480.0320946143293,1500,1480.6061851843224,1499.4259094300069
Europa League,2026/27,2026-07-09 17:00:00,Dynamo Kyiv,FC Universitatea Cluj,0.0,0.0,1500.6046051535511,1500,1500.5872032359457,1500.0174019176054
Europa League,2026/27,2026-07-09 18:00:00,FK Vojvodina,Ferencváros TC,1.0,2.0,1500,1547.3403536009785,1491.354194677478,1555.9861589235004
Europa League,2026/27,2026-07-09 18:00:00,HNK Hajduk Split,MŠK Žilina,2.0,0.0,1500,1500,1510.0,1490.0
Europa League,2026/27,2026-07-09 18:00:00,CSKA Sofia,Derry City,3.0,2.0,1500,1500,1510.0,1490.0
Champions League,2026/27,2026-07-14 15:00:00,Kuopion Palloseura,FK Vardar Skopje,2.0,3.0,1518.2026078529245,1490.2430373403251,1507.3995994263244,1501.0460457669253
Champions League,2026/27,2026-07-14 16:00:00,FC Iberia 1999,Flora Tallinn,2.0,2.0,1491.1335255669505,1489.4414857108948,1491.0848251301045,1489.4901861477408
Champions League,2026/27,2026-07-14 16:00:00,Inter Club d'Escaldes,Lincoln Red Imps,1.0,1.0,1490.2762544224634,1500.4908019714971,1490.5701680573948,1500.1968883365657
Champions League,2026/27,2026-07-14 17:00:00,Riga FC,FC Ararat-Armenia,3.0,2.0,1490.0,1510.0,1500.5750112778453,1499.4249887221547
Champions League,2026/27,2026-07-14 17:00:00,ETO FC Győr,Víkingur Reykjavík,2.0,2.0,1490.0,1510.0,1490.5750112778453,1509.4249887221547
Champions League,2026/27,2026-07-14 17:30:00,The New Saints,Sabah FK,1.0,2.0,1480.0165501398476,1500.5584611379977,1470.6071058921746,1509.9679053856707
Champions League,2026/27,2026-07-14 17:30:00,Levski Sofia,FK Borac Banja Luka,4.0,0.0,1499.4571510210005,1499.9839125296767,1509.4723124243515,1489.9687511263257
Champions League,2026/27,2026-07-14 18:00:00,FC Drita,FK Kauno Žalgiris,2.0,3.0,1479.0857246077096,1499.3810153065544,1469.669206517647,1508.7975333966172
Champions League,2026/27,2026-07-14 19:00:00,Larne FC,SP Tre Fiori,2.0,1.0,1510.0,1490.0,1519.4249887221547,1480.5750112778453
Champions League,2026/27,2026-07-14 19:00:00,Shamrock Rovers,Floriana FC,5.0,1.0,1490.0,1510.0,1500.5750112778453,1499.4249887221547
Champions League,2026/27,2026-07-15 17:30:00,Universitatea Craiova,ML Vitebsk,1.0,0.0,1510.0,1490.0,1519.4249887221547,1480.5750112778453
Champions League,2026/27,2026-07-15 18:15:00,Atert Bissen,Klaksvíkar Ítróttarfelag,1.0,2.0,1490.0,1510.0,1480.5750112778453,1519.4249887221547
Champions League,2026/27,2026-07-15 19:00:00,KF Egnatia,FC Petrocub Hîncesti,6.0,1.0,1499.4415388620023,1499.9834498601524,1509.4571363016796,1489.967852420475
Champions League,2026/27,2026-07-15 19:00:00,FK Sutjeska Nikšić,FC Kairat Almaty,0.0,2.0,1489.0286886406202,1477.117765814609,1478.6859989656941,1487.460455489535
Europa League,2026/27,2026-07-16 17:30:00,Derry City,CSKA Sofia,1.0,2.0,1490.0,1510.0,1480.5750112778453,1519.4249887221547
Europa League,2026/27,2026-07-16 17:30:00,FC Universitatea Cluj,Dynamo Kyiv,2.0,4.0,1500.0174019176054,1500.5872032359457,1490.0338021031714,1510.5708030503797
Europa League,2026/27,2026-07-16 18:00:00,NK Aluminij Kidričevo,Sheriff Tiraspol,0.0,1.0,1499.4259094300069,1480.6061851843224,1488.8847633827606,1491.1473312315686
Europa League,2026/27,2026-07-16 18:15:00,Ferencváros TC,FK Vojvodina,3.0,0.0,1555.9861589235004,1491.354194677478,1564.147066955003,1483.1932866459754
Europa League,2026/27,2026-07-16 18:30:00,MŠK Žilina,HNK Hajduk Split,2.0,1.0,1490.0,1510.0,1500.5750112778453,1499.4249887221547
Europa League,2026/27,2026-07-16 20:00:00,IF Vestri,Qarabağ FK,0.0,3.0,1490.070843453927,1512.3905514136318,1480.712374012078,1521.7490208554807
Champions League,2026/27,2026-07-21 16:00:00,Sabah FK,Kuopion Palloseura,1.0,0.0,1509.9679053856707,1507.3995994263244,1519.8939849444066,1497.4735198675885
Champions League,2026/27,2026-07-21 16:00:00,FC Iberia 1999,ŠK Slovan Bratislava,0.0,2.0,1491.0848251301045,1481.6010231819,1480.8119271433952,1491.8739211686093
Champions League,2026/27,2026-07-21 16:00:00,FC Ararat-Armenia,Shamrock Rovers,2.0,0.0,1499.4249887221547,1500.5750112778453,1509.4580889111862,1490.5419110888138
Champions League,2026/27,2026-07-21 16:00:00,Mjällby AIF,Lincoln Red Imps,3.0,0.0,1500,1500.1968883365657,1510.0056669012529,1490.1912214353129
Champions League,2026/27,2026-07-21 17:00:00,AGF,Lech Poznań,1.0,4.0,1500,1510.102328050458,1490.2906864577885,1519.8116415926695
Champions League,2026/27,2026-07-21 18:00:00,Fenerbahçe,Górnik Zabrze,1.0,0.0,1505.6425575611693,1500,1515.4801659766206,1490.1623915845487
Champions League,2026/27,2026-07-21 18:00:00,FC Thun,GNK Dinamo Zagreb,1.0,1.0,1500,1486.131100182283,1499.6010328627099,1486.5300673195732
Champions League,2026/27,2026-07-21 18:30:00,SK Sturm Graz,Heart of Midlothian,4.0,0.0,1473.1593204721296,1500,1483.9303241219616,1489.228996350168
Champions League,2026/27,2026-07-21 18:45:00,Klaksvíkar Ítróttarfelag,FK Kauno Žalgiris,0.0,0.0,1519.4249887221547,1508.7975333966172,1519.1192013328277,1509.103320785944
Champions League,2026/27,2026-07-21 19:00:00,Víkingur Reykjavík,Hapoel Be'er Sheva,2.0,1.0,1509.4249887221547,1490.0,1518.8664744330495,1480.5585142891052
Champions League,2026/27,2026-07-21 19:00:00,Larne FC,FK Crvena Zvezda,0.0,4.0,1519.4249887221547,1536.8021697733564,1509.9247275591554,1546.3024309363557
Champions League,2026/27,2026-07-22 17:00:00,Omonia Nicosia,FC Kairat Almaty,1.0,0.0,1500,1487.460455489535,1509.6392395267014,1477.8212159628335
Champions League,2026/27,2026-07-22 17:30:00,Levski Sofia,Universitatea Craiova,1.0,0.0,1509.4723124243515,1519.4249887221547,1519.7586951444637,1509.1386060020425
Champions League,2026/27,2026-07-22 19:00:00,KF Egnatia,NK Celje,3.0,3.0,1509.4571363016796,1499.4249887221547,1509.1684681052066,1499.7136569186277
Europa League,2026/27,2026-07-23 16:00:00,Qarabağ FK,CSKA Sofia,0.0,0.0,1521.7490208554807,1519.4249887221547,1521.6821308312992,1519.4918787463362
Europa League,2026/27,2026-07-23 17:00:00,Sheriff Tiraspol,Maccabi Tel Aviv,0.0,5.0,1491.1473312315686,1446.5999966637667,1479.8721361853318,1457.8751917100035
Europa League,2026/27,2026-07-23 17:00:00,Tromsø IL,FC Hradec Králové,0.0,1.0,1500,1500,1490.0,1510.0
Europa League,2026/27,2026-07-23 17:00:00,Hammarby IF,RSC Anderlecht,1.0,1.0,1500,1499.9513304353381,1499.9985991773333,1499.9527312580049
Europa League,2026/27,2026-07-23 17:00:00,Dynamo Kyiv,PAOK,2.0,3.0,1510.5708030503797,1502.9738110797116,1500.352178886166,1513.1924352439253
Europa League,2026/27,2026-07-23 18:00:00,FC Twente,Ferencváros TC,1.0,2.0,1500,1564.147066955003,1491.8256040932297,1572.3214628617734
Europa League,2026/27,2026-07-23 18:00:00,Beşiktaş JK,FC Midtjylland,1.0,0.0,1481.1006041165886,1577.735726206723,1493.812415164489,1565.0239151588225
Europa League,2026/27,2026-07-23 18:00:00,FC St. Gallen 1879,Benfica,2.0,1.0,1500,1499.9703429441379,1509.999146401318,1489.9711965428198
Champions League,2026/27,2026-07-28 15:00:00,Kuopion Palloseura,Sabah FK,0.0,2.0,1497.4735198675885,1519.8939849444066,1488.1179384595,1529.249566352495
Champions League,2026/27,2026-07-28 16:00:00,Lincoln Red Imps,Mjällby AIF,0.0,0.0,1490.1912214353129,1510.0056669012529,1490.7609095197356,1509.4359788168301
Champions League,2026/27,2026-07-28 18:00:00,GNK Dinamo Zagreb,FC Thun,3.0,2.0,1486.5300673195732,1499.6010328627099,1496.9061025581036,1489.2249976241794
Champions League,2026/27,2026-07-28 18:15:00,NK Celje,KF Egnatia,6.0,3.0,1499.7136569186277,1509.1684681052066,1509.985721103667,1498.8964039201674
Champions League,2026/27,2026-07-28 18:45:00,Heart of Midlothian,SK Sturm Graz,0.0,2.0,1489.228996350168,1483.9303241219616,1479.0765001267998,1494.0828203453298
Champions League,2026/27,2026-07-28 19:00:00,Shamrock Rovers,FC Ararat-Armenia,2.0,1.0,1490.5419110888138,1509.4580889111862,1501.0858251218315,1498.9141748781685
Champions League,2026/27,2026-07-29 15:00:00,FC Kairat Almaty,Omonia Nicosia,7.0,5.0,1477.8212159628335,1509.6392395267014,1488.7344606477604,1498.7259948417745
Champions League,2026/27,2026-07-29 16:00:00,FK Kauno Žalgiris,Klaksvíkar Ítróttarfelag,1.0,0.0,1509.103320785944,1519.1192013328277,1519.3915211690996,1508.8310009496722
Champions League,2026/27,2026-07-29 17:00:00,Lech Poznań,AGF,4.0,8.0,1519.8116415926695,1490.2906864577885,1508.9639990968178,1501.1383289536402
Champions League,2026/27,2026-07-29 17:30:00,Hapoel Be'er Sheva,Víkingur Reykjavík,2.0,0.0,1480.5585142891052,1518.8664744330495,1491.6566595344955,1507.7683291876592
Champions League,2026/27,2026-07-29 17:30:00,Universitatea Craiova,Levski Sofia,2.0,2.0,1509.1386060020425,1519.7586951444637,1509.4441815736866,1519.4531195728196
Champions League,2026/27,2026-07-29 18:00:00,FK Crvena Zvezda,Larne FC,5.0,0.0,1546.3024309363557,1509.9247275591554,1555.2592059106962,1500.9679525848148
Champions League,2026/27,2026-07-29 18:00:00,Górnik Zabrze,Fenerbahçe,1.0,1.0,1490.1623915845487,1515.4801659766206,1490.889808612248,1514.7527489489212
Champions League,2026/27,2026-07-29 18:15:00,ŠK Slovan Bratislava,FC Iberia 1999,1.0,1.0,1491.8739211686093,1480.8119271433952,1491.5556389293229,1481.1302093826816
Europa League,2026/27,2026-07-30 19:00:00,Benfica,FC St. Gallen 1879,5.0,0.0,1489.9711965428198,1509.999146401318,1500.5470096186932,1499.4233333254447
Champions League,2026/27,2026-08-04 16:00:00,Mjällby AIF,ŠK Slovan Bratislava,1.0,2.0,1509.4359788168301,1491.5556389293229,1498.921795127267,1502.069822618886
Champions League,2026/27,2026-08-04 16:00:00,FC Ararat-Armenia,NK Celje,2.0,1.0,1498.9141748781685,1509.985721103667,1509.2327317731208,1499.6671642087147
Champions League,2026/27,2026-08-04 17:30:00,Hapoel Be'er Sheva,FK Crvena Zvezda,1.0,0.0,1491.6566595344955,1555.2592059106962,1503.467109081935,1543.4487563632567
Champions League,2026/27,2026-08-04 17:30:00,Levski Sofia,FC Kairat Almaty,1.0,0.0,1519.4531195728196,1488.7344606477604,1528.571262209589,1479.616318010991
Champions League,2026/27,2026-08-04 18:00:00,GNK Dinamo Zagreb,FK Kauno Žalgiris,5.0,0.0,1496.9061025581036,1519.3915211690996,1507.5523828769324,1508.7452408502709
Champions League,2026/27,2026-08-04 18:00:00,AC Sparta Praha,Olympique Lyonnais,2.0,1.0,1500,1564.063051858795,1511.8232664340235,1552.2397854247715
Champions League,2026/27,2026-08-04 18:00:00,Royale Union Saint-Gilloise,Bodø/Glimt,3.0,3.0,1490.6047537834538,1527.3971960715676,1491.6597845645854,1526.342165290436
Champions League,2026/27,2026-08-04 18:00:00,Olympiacos FC,NEC Nijmegen,0.0,0.0,1500.742179916874,1500,1500.720818294205,1500.021361622669
Europa League,2026/27,2026-08-04 19:00:00,Shamrock Rovers,KF Egnatia,3.0,1.0,1501.0858251218315,1498.8964039201674,1511.0228093482021,1488.9594196937967
Europa League,2026/27,2026-08-04 19:00:00,Larne FC,FC Iberia 1999,0.0,0.0,1500.9679525848148,1481.1302093826816,1500.3975961164704,1481.700565851026
Champions League,2026/27,2026-08-05 17:10:00,AGF,Sabah FK,2.0,1.0,1501.1383289536402,1529.249566352495,1511.9456744032357,1518.4422209028996
Champions League,2026/27,2026-08-05 18:00:00,Fenerbahçe,SK Sturm Graz,2.0,0.0,1514.7527489489212,1494.0828203453298,1524.158521484199,1484.677047810052
Europa League,2026/27,2026-08-05 18:15:00,Ferencváros TC,Górnik Zabrze,1.0,0.0,1572.3214628617734,1490.889808612248,1580.0196665310136,1483.1916049430079
Europa League,2026/27,2026-08-06 15:00:00,Kuopion Palloseura,Universitatea Craiova,1.0,1.0,1488.1179384595,1509.4441815736866,1488.730987336557,1508.8311326966295
Europa League,2026/27,2026-08-06 16:00:00,Jagiellonia Białystok,Rangers,2.0,1.0,1500,1452.405386738078,1508.6386220583422,1443.7667646797358
Europa League,2026/27,2026-08-06 16:00:00,Maccabi Tel Aviv,CSKA Sofia,0.0,3.0,1457.8751917100035,1519.4918787463362,1449.6303004377353,1527.7367700186044
Europa League,2026/27,2026-08-06 17:00:00,Red Bull Salzburg,Pafos FC,1.0,0.0,1462.7884050632574,1525.570795223372,1474.576012637737,1513.7831876488924
Europa League,2026/27,2026-08-06 17:00:00,Lincoln Red Imps,Omonia Nicosia,1.0,1.0,1490.7609095197356,1498.7259948417745,1490.9901229491716,1498.4967814123386
Europa League,2026/27,2026-08-06 17:00:00,Lech Poznań,Klaksvíkar Ítróttarfelag,1.0,0.0,1508.9639990968178,1508.8310009496722,1518.960171102617,1498.834828943873
Europa League,2026/27,2026-08-06 17:00:00,FC Hradec Králové,Beşiktaş JK,0.0,1.0,1510.0,1493.812415164489,1499.5344206969353,1504.2779944675538
Europa League,2026/27,2026-08-06 17:45:00,PAOK,RSC Anderlecht,0.0,1.0,1513.1924352439253,1499.9527312580049,1502.8115502790297,1510.3336162229004
Europa League,2026/27,2026-08-06 18:00:00,FC Thun,Víkingur Reykjavík,3.0,0.0,1489.2249976241794,1507.7683291876592,1499.7582114067395,1497.2351154050991
Europa League,2026/27,2026-08-06 19:00:00,Benfica,Heart of Midlothian,6.0,1.0,1500.5470096186932,1479.0765001267998,1509.9298241326603,1469.6936856128327
Champions League,2026/27,2026-08-11 15:00:00,FC Kairat Almaty,Levski Sofia,0.0,1.0,1479.616318010991,1528.571262209589,1471.0161031052257,1537.1714771153543
Europa League,2026/27,2026-08-11 16:00:00,FC Iberia 1999,Larne FC,2.0,1.0,1481.700565851026,1500.3975961164704,1492.2381907558722,1489.8599712116243
Champions League,2026/27,2026-08-11 16:00:00,Sabah FK,AGF,4.0,0.0,1518.4422209028996,1511.9456744032357,1528.2552570530984,1502.132638253037
Champions League,2026/27,2026-08-11 16:00:00,Bodø/Glimt,Royale Union Saint-Gilloise,3.0,2.0,1526.342165290436,1491.6597845645854,1535.3472287224872,1482.6547211325342
Champions League,2026/27,2026-08-11 17:00:00,FK Kauno Žalgiris,GNK Dinamo Zagreb,1.0,2.0,1508.7452408502709,1507.5523828769324,1498.71090777283,1517.5867159543732
Champions League,2026/27,2026-08-11 17:30:00,NEC Nijmegen,Olympiacos FC,2.0,1.0,1500.021361622669,1500.720818294205,1510.0414935767844,1490.7006863400895
Champions League,2026/27,2026-08-11 18:00:00,FK Crvena Zvezda,Hapoel Be'er Sheva,0.0,2.0,1543.4487563632567,1503.467109081935,1532.3030449846772,1514.6128204605145
Champions League,2026/27,2026-08-11 18:15:00,NK Celje,FC Ararat-Armenia,2.0,0.0,1499.6671642087147,1509.2327317731208,1509.942413831232,1498.9574821506035
Champions League,2026/27,2026-08-11 18:15:00,ŠK Slovan Bratislava,Mjällby AIF,2.0,0.0,1502.069822618886,1498.921795127267,1511.9792175836644,1489.0124001624886
Champions League,2026/27,2026-08-11 18:30:00,SK Sturm Graz,Fenerbahçe,0.0,1.0,1484.677047810052,1524.158521484199,1475.808549672874,1533.027019621377
Champions League,2026/27,2026-08-11 19:00:00,Olympique Lyonnais,AC Sparta Praha,3.0,0.0,1552.2397854247715,1511.8232664340235,1561.0817235097218,1502.9813283490732
Europa League,2026/27,2026-08-13 17:00:00,Universitatea Craiova,Kuopion Palloseura,2.0,1.0,1508.8311326966295,1488.730987336557,1518.2532485816723,1479.3088714515143
Europa League,2026/27,2026-08-13 17:00:00,Górnik Zabrze,Ferencváros TC,1.0,1.0,1483.1916049430079,1580.0196665310136,1485.9085600797,1577.3027113943215
Europa League,2026/27,2026-08-13 17:00:00,Pafos FC,Red Bull Salzburg,3.0,3.0,1513.7831876488924,1474.576012637737,1512.659480352139,1475.6997199344903
Europa League,2026/27,2026-08-13 17:00:00,Beşiktaş JK,FC Hradec Králové,1.0,0.0,1504.2779944675538,1499.5344206969353,1514.1414719222307,1489.6709432422583
Europa League,2026/27,2026-08-13 17:00:00,Omonia Nicosia,Lincoln Red Imps,1.0,0.0,1498.4967814123386,1490.9901229491716,1508.2807560274723,1481.2061483340378
Europa League,2026/27,2026-08-13 17:30:00,Víkingur Reykjavík,FC Thun,3.0,2.0,1497.2351154050991,1499.7582114067395,1507.3077346690388,1489.6855921427998
Europa League,2026/27,2026-08-13 18:00:00,CSKA Sofia,Maccabi Tel Aviv,1.0,3.0,1527.7367700186044,1449.6303004377353,1515.5258067392983,1461.8412637170413
Europa League,2026/27,2026-08-13 18:30:00,RSC Anderlecht,PAOK,3.0,2.0,1510.3336162229004,1502.8115502790297,1520.1171475824674,1493.0280189194627
Europa League,2026/27,2026-08-13 18:30:00,Rangers,Jagiellonia Białystok,1.0,1.0,1443.7667646797358,1508.6386220583422,1445.612526945385,1506.792859792693
Europa League,2026/27,2026-08-13 18:45:00,Heart of Midlothian,Benfica,1.0,1.0,1469.6936856128327,1509.9298241326603,1470.846625080244,1508.776884665249
Europa League,2026/27,2026-08-13 19:00:00,KF Egnatia,Shamrock Rovers,5.0,1.0,1488.9594196937967,1511.0228093482021,1499.5936028343524,1500.3886262076464
Europa League,2026/27,2026-08-14 18:00:00,Klaksvíkar Ítróttarfelag,Lech Poznań,0.0,5.0,1498.834828943873,1518.960171102617,1489.4134358560825,1528.3815641904075
La Liga,2026/27,2026-08-15 17:30:00,Deportivo Alavés,Getafe,3.0,0.0,1471.3505727323181,1494.6271873139685,1482.0195270099607,1483.958233036326
La Liga,2026/27,2026-08-15 19:30:00,Sevilla,Rayo Vallecano,2.0,1.0,1459.0079324821695,1514.7036148915013,1470.597391200251,1503.1141561734198
La Liga,2026/27,2026-08-16 15:00:00,Real Racing Club,Villarreal,2.0,2.0,1500,1526.1811982051056,1500.7521323467279,1525.4290658583777
La Liga,2026/27,2026-08-16 17:00:00,Espanyol,Levante UD,3.0,0.0,1457.8522605747464,1477.0549755855145,1468.4043970415626,1466.5028391186984
La Liga,2026/27,2026-08-17 19:00:00,Deportivo de A Coruña,Elche,1.0,1.0,1500,1467.2651327215826,1499.0605928849188,1468.2045398366638
Champions League,2026/27,2026-08-18 19:00:00,Fenerbahçe,Olympique Lyonnais,1.0,1.0,1533.027019621377,1561.0817235097218,1533.8327484904894,1560.2759946406093
Champions League,2026/27,2026-08-18 19:00:00,Levski Sofia,AEK Athens,0.0,0.0,1537.1714771153543,1500,1536.1056595133034,1501.0658176020509
Champions League,2026/27,2026-08-18 19:00:00,GNK Dinamo Zagreb,Viking FK,2.0,2.0,1517.5867159543732,1500,1517.0809614616016,1500.5057544927715
La Liga,2026/27,2026-08-19 19:00:00,Atlético Madrid,Málaga CF,2.0,0.0,1549.760443057369,1500,1558.337935526373,1491.422507530996
Champions League,2026/27,2026-08-19 19:00:00,Hapoel Be'er Sheva,Sabah FK,2.0,1.0,1514.6128204605145,1528.2552570530984,1525.0052796691352,1517.8627978444777
Champions League,2026/27,2026-08-19 19:00:00,ŠK Slovan Bratislava,NK Celje,1.0,1.0,1511.9792175836644,1509.942413831232,1511.9205943307727,1510.0010370841237
Champions League,2026/27,2026-08-19 19:00:00,NEC Nijmegen,Bodø/Glimt,1.0,3.0,1510.0414935767844,1535.3472287224872,1500.7685659197964,1544.6201563794752
Champions League,2026/27,2026-08-19 19:00:00,Celtic,LASK,3.0,0.0,1502.439275050363,1500,1512.3690682242864,1490.0702068260766
Europa League,2026/27,2026-08-20 15:00:00,FC Kairat Almaty,RSC Anderlecht,0.0,3.0,1471.0161031052257,1520.1171475824674,1462.4200106658675,1528.7132400218256
Europa League,2026/27,2026-08-20 16:00:00,Mjällby AIF,Red Bull Salzburg,0.0,1.0,1489.0124001624886,1475.6997199344903,1478.629417836471,1486.0827022605079
Europa League,2026/27,2026-08-20 16:00:00,Jagiellonia Białystok,FC Iberia 1999,4.0,0.0,1506.792859792693,1492.2381907558722,1516.3741876259212,1482.656862922644
Europa League,2026/27,2026-08-20 17:00:00,Beşiktaş JK,FK Kauno Žalgiris,3.0,0.0,1514.1414719222307,1498.71090777283,1523.6976363670612,1489.1547433279995
Europa League,2026/27,2026-08-20 17:00:00,Trabzonspor,Ferencváros TC,0.0,1.0,1500,1577.3027113943215,1492.1889489122054,1585.113762482116
Europa League,2026/27,2026-08-20 17:00:00,Lech Poznań,FC Thun,7.0,0.0,1528.3815641904075,1489.6855921427998,1537.2723870982636,1480.7947692349437
Europa League,2026/27,2026-08-20 17:00:00,Universitatea Craiova,FC Ararat-Armenia,1.0,1.0,1518.2532485816723,1498.9574821506035,1517.6984420839624,1499.5122886483134
Europa League,2026/27,2026-08-20 17:00:00,KF Egnatia,Lillestrøm SK,0.0,0.0,1499.5936028343524,1500,1499.6052998797109,1499.9883029546415
Europa League,2026/27,2026-08-20 18:00:00,OFI Crete,CSKA Sofia,3.0,0.0,1500,1515.5258067392983,1510.4465714238195,1505.0792353154789
Europa League,2026/27,2026-08-20 18:00:00,Sint-Truidense VV,Omonia Nicosia,1.0,0.0,1500,1508.2807560274723,1510.2382941975466,1498.0424618299257
Europa League,2026/27,2026-08-20 18:00:00,FK Crvena Zvezda,FC Viktoria Plzeň,3.0,0.0,1532.3030449846772,1520.9579744183384,1541.9766236142702,1511.2843957887453
La Liga,2026/27,2026-08-20 19:00:00,Rayo Vallecano,Deportivo Alavés,1.0,1.0,1503.1141561734198,1482.0195270099607,1502.507748897983,1482.6259342853975
Europa League,2026/27,2026-08-20 19:00:00,Benfica,AGF,3.0,1.0,1508.776884665249,1502.132638253037,1518.5856711902777,1492.3238517280083
Ligue 1,2026/27,2026-08-21 18:45:00,Olympique de Marseille,RC Strasbourg,4.0,0.0,1521.187584518633,1526.3344092211505,1531.3357112064132,1516.1862825333703
La Liga,2026/27,2026-08-21 19:00:00,Real Betis,Real Sociedad,1.0,0.0,1554.380659675928,1477.0523972844562,1562.1910105956579,1469.2420463647263
Premier League,2026/27,2026-08-21 19:00:00,Arsenal,Coventry City,3.0,0.0,1668.1509645694234,1500,1673.6567315568423,1494.4942330125812
Premier League,2026/27,2026-08-22 11:30:00,Hull City,Manchester United,2.0,0.0,1500,1600.5745166037093,1512.8165312238575,1587.7579853798518
Premier League,2026/27,2026-08-22 14:00:00,Everton,Crystal Palace,2.0,0.0,1484.878267219969,1473.4854938443211,1494.5504743214385,1463.8132867428517
Premier League,2026/27,2026-08-22 14:00:00,Ipswich Town,Sunderland,2.0,1.0,1500,1517.454907956972,1510.5019703851374,1506.9529375718346
Premier League,2026/27,2026-08-22 14:00:00,Nottingham Forest,Leeds United,0.0,1.0,1526.8224029709074,1507.408223549081,1516.2641988285218,1517.9664276914666
La Liga,2026/27,2026-08-22 15:00:00,Athletic Club,Sevilla,1.0,3.0,1452.3472731466545,1470.597391200251,1442.872071183833,1480.0725931630725
Ligue 1,2026/27,2026-08-22 15:15:00,RC Lens,Auxerre,5.0,2.0,1581.1600303802722,1467.7415217331115,1588.0068045653022,1460.8947475480816
Premier League,2026/27,2026-08-22 16:30:00,Brentford,Tottenham Hotspur,3.0,0.0,1512.891804660681,1483.5964609735247,1522.050609481742,1474.4376561524637
Serie A,2026/27,2026-08-22 16:30:00,Udinese,Como,1.0,1.0,1489.4251407194315,1588.1266910982013,1492.1919651150417,1585.359866702591
Serie A,2026/27,2026-08-22 16:30:00,Inter,Monza,4.0,1.0,1624.937656316702,1500,1631.489044341508,1493.4486119751941
La Liga,2026/27,2026-08-22 17:30:00,Valencia,Celta Vigo,0.0,0.0,1506.4992738048015,1520.9544338330913,1506.9150868582478,1520.538620779645
Ligue 1,2026/27,2026-08-22 18:45:00,Toulouse,Olympique Lyonnais,0.0,2.0,1495.3051759614386,1560.2759946406093,1487.1536893793937,1568.4274812226543
Serie A,2026/27,2026-08-22 18:45:00,Parma,Cagliari,0.0,1.0,1485.1776801690671,1471.674711397576,1474.7892290470968,1482.0631625195463
Serie A,2026/27,2026-08-22 18:45:00,Genoa,SSC Napoli,0.0,2.0,1461.847570641274,1573.3937210128704,1454.9521817854286,1580.2891098687157
Ligue 1,2026/27,2026-08-22 18:45:00,Nice,Lorient,0.0,0.0,1423.5740525726437,1501.2270256948316,1425.7725976595957,1499.0284806078796
Ligue 1,2026/27,2026-08-22 18:45:00,Le Mans,Stade Brestois,2.0,2.0,1500,1462.9329738515687,1498.9371546825494,1463.9958191690193
Ligue 1,2026/27,2026-08-22 18:45:00,Troyes,Paris FC,0.0,0.0,1500,1511.9034815625248,1500.3424757495106,1511.5610058130142
La Liga,2026/27,2026-08-22 19:30:00,Espanyol,Real Madrid,1.0,2.0,1468.4043970415626,1632.0582031497622,1462.7947370390978,1637.667863152227
Ligue 1,2026/27,2026-08-23 13:00:00,Angers,Lille,0.0,2.0,1443.4504103468812,1548.9177203511606,1436.3960752461373,1555.9720554519045
Premier League,2026/27,2026-08-23 13:00:00,Brighton & Hove Albion,Aston Villa,4.0,0.0,1511.13631368039,1605.799554383943,1523.7954626726732,1593.1404053916597
Premier League,2026/27,2026-08-23 13:00:00,Manchester City,Bournemouth,2.0,1.0,1607.775507570891,1559.8829815746085,1616.4057149134755,1551.252774232024
La Liga,2026/27,2026-08-23 15:00:00,Atlético Madrid,Villarreal,2.0,2.0,1558.337935526373,1525.4290658583777,1557.3935646504576,1526.3734367342931
Ligue 1,2026/27,2026-08-23 15:15:00,Le Havre,AS Monaco,0.0,1.0,1461.0644517710032,1528.9292223607488,1452.9932881096718,1537.0003860220802
Premier League,2026/27,2026-08-23 15:30:00,Newcastle United,Liverpool FC,2.0,2.0,1509.3049716025482,1535.8613810051916,1510.067841426516,1535.0985111812238
Serie A,2026/27,2026-08-23 16:30:00,Frosinone,Juventus,0.0,1.0,1500,1579.2122177034105,1492.2412121130565,1586.9710055903538
Serie A,2026/27,2026-08-23 16:30:00,Venezia,Lecce,0.0,2.0,1500,1451.3747781373704,1488.6095203605585,1462.765257776812
La Liga,2026/27,2026-08-23 17:30:00,Getafe,Real Racing Club,1.0,0.0,1483.958233036326,1500.7521323467279,1494.4412242126245,1490.2691411704293
Serie A,2026/27,2026-08-23 18:45:00,Torino,AC Milan,1.0,2.0,1470.5387927875354,1551.0885151223467,1462.816535989084,1558.810771920798
Serie A,2026/27,2026-08-23 18:45:00,Atalanta,Sassuolo,2.0,1.0,1528.8429189032518,1480.585039286011,1537.4628093230683,1471.9651488661943
Ligue 1,2026/27,2026-08-23 18:45:00,Stade Rennais,Paris Saint-Germain,2.0,2.0,1552.238694097513,1662.1879596027018,1555.3017142475217,1659.124939452693
La Liga,2026/27,2026-08-23 19:30:00,Elche,FC Barcelona,0.0,5.0,1468.2045398366638,1664.1899952235074,1463.3146081724726,1669.0799268876985
Serie A,2026/27,2026-08-24 16:30:00,Bologna,Lazio,0.0,1.0,1535.243480726801,1517.9598337238708,1524.7464273288929,1528.456887121779
La Liga,2026/27,2026-08-24 17:30:00,Osasuna,Levante UD,0.0,0.0,1447.0998397386284,1466.5028391186984,1447.657723095633,1465.9449557616938
Serie A,2026/27,2026-08-24 18:45:00,AS Roma,Fiorentina,4.0,0.0,1584.607244629194,1491.5619156794585,1591.9914234158011,1484.1777368928513
Premier League,2026/27,2026-08-24 19:00:00,Fulham,Chelsea,2.0,3.0,1502.4237161334197,1495.0842304606956,1492.2125001724264,1505.295446421689
La Liga,2026/27,2026-08-24 19:30:00,Málaga CF,Deportivo de A Coruña,1.0,1.0,1491.422507530996,1499.0605928849188,1491.642313889474,1498.8407865264408
Champions League,2026/27,2026-08-25 16:45:00,Sabah FK,Hapoel Be'er Sheva,5.0,2.0,1517.8627978444777,1525.0052796691352,1528.0683460412629,1514.79973147235
Champions League,2026/27,2026-08-25 19:00:00,Bodø/Glimt,NEC Nijmegen,3.0,0.0,1544.6201563794752,1500.7685659197964,1553.3646658307305,1492.0240564685412
Champions League,2026/27,2026-08-25 19:00:00,LASK,Celtic,5.0,1.0,1490.0702068260766,1512.3690682242864,1500.711139839076,1501.728135211287
La Liga,2026/27,2026-08-25 19:00:00,Valencia,Real Betis,0.0,1.0,1506.9150868582478,1562.1910105956579,1498.4927669220765,1570.6133305318292
Champions League,2026/27,2026-08-26 19:00:00,AEK Athens,Levski Sofia,4.0,0.0,1501.0658176020509,1536.1056595133034,1512.070939837385,1525.1005372779694
Champions League,2026/27,2026-08-26 19:00:00,Viking FK,GNK Dinamo Zagreb,3.0,1.0,1500.5057544927715,1517.0809614616016,1510.9824656911796,1506.6042502631935
La Liga,2026/27,2026-08-26 19:00:00,Real Madrid,Real Sociedad,4.0,1.0,1637.667863152227,1469.2420463647263,1643.1673193523188,1463.7425901646345
Champions League,2026/27,2026-08-26 19:00:00,NK Celje,ŠK Slovan Bratislava,1.0,2.0,1510.0010370841237,1511.9205943307727,1500.0562858207377,1521.8653455941587
Champions League,2026/27,2026-08-26 19:00:00,Olympique Lyonnais,Fenerbahçe,1.0,2.0,1568.4274812226543,1533.8327484904894,1557.4350424570962,1544.8251872560475
Europa League,2026/27,2026-08-27 16:00:00,FC Iberia 1999,Jagiellonia Białystok,1.0,2.0,1482.656862922644,1516.3741876259212,1473.6242903734847,1525.4067601750805
Europa League,2026/27,2026-08-27 16:00:00,FC Ararat-Armenia,Universitatea Craiova,1.0,0.0,1499.5122886483134,1517.6984420839624,1510.0352506885663,1507.1754800437095
Europa League,2026/27,2026-08-27 17:00:00,Red Bull Salzburg,Mjällby AIF,3.0,0.0,1486.0827022605079,1478.629417836471,1495.8682123921499,1468.843907704829
Europa League,2026/27,2026-08-27 17:00:00,Lillestrøm SK,KF Egnatia,2.0,1.0,1499.9883029546415,1499.6052998797109,1509.9772792444705,1489.6163235898819
Europa League,2026/27,2026-08-27 17:00:00,FK Kauno Žalgiris,Beşiktaş JK,1.0,0.0,1489.1547433279995,1523.6976363670612,1500.1457047012634,1512.7066749937974
Europa League,2026/27,2026-08-27 17:00:00,Omonia Nicosia,Sint-Truidense VV,4.0,2.0,1498.0424618299257,1510.2382941975466,1508.3933419984533,1499.887414029019
Europa League,2026/27,2026-08-27 17:00:00,FC Viktoria Plzeň,FK Crvena Zvezda,5.0,1.0,1511.2843957887453,1541.9766236142702,1522.165498314845,1531.0955210881705
Europa League,2026/27,2026-08-27 18:00:00,FC Thun,Lech Poznań,2.0,2.0,1480.7947692349437,1537.2723870982636,1482.4061573982258,1535.6609989349815
Europa League,2026/27,2026-08-27 18:00:00,CSKA Sofia,OFI Crete,0.0,2.0,1505.0792353154789,1510.4465714238195,1495.23370737861,1520.2920993606883
Europa League,2026/27,2026-08-27 18:00:00,AGF,Benfica,1.0,3.0,1492.3238517280083,1518.5856711902777,1483.078291373788,1527.831231544498
La Liga,2026/27,2026-08-27 18:30:00,Celta Vigo,Osasuna,1.0,2.0,1520.538620779645,1447.657723095633,1508.4711756909321,1459.7251681843459
Europa League,2026/27,2026-08-27 18:30:00,RSC Anderlecht,FC Kairat Almaty,3.0,0.0,1528.7132400218256,1462.4200106658675,1536.8279911693405,1454.3052595183526
Europa League,2026/27,2026-08-27 18:30:00,Ferencváros TC,Trabzonspor,4.0,0.0,1585.113762482116,1492.1889489122054,1592.501172925985,1484.8015384683365
La Liga,2026/27,2026-08-27 19:00:00,FC Barcelona,Athletic Club,2.0,0.0,1669.0799268876985,1442.872071183833,1673.3559710054642,1438.5960270660673
La Liga,2026/27,2026-08-28 17:00:00,Real Racing Club,Elche,3.0,2.0,1490.2691411704293,1463.3146081724726,1499.4948801165422,1454.0888692263597
Bundesliga,2026/27,2026-08-28 18:30:00,FC Bayern München,VfB Stuttgart,5.0,1.0,1707.6535728569593,1557.3592087421819,1713.5788046170355,1551.4339769821056
Serie A,2026/27,2026-08-28 18:45:00,AC Milan,Venezia,2.0,0.0,1558.810771920798,1488.6095203605585,1566.8172730548945,1480.603019226462
Premier League,2026/27,2026-08-28 19:00:00,Crystal Palace,Manchester City,1.0,4.0,1463.8132867428517,1616.4057149134755,1457.9430672032008,1622.2759344531264
Ligue 1,2026/27,2026-08-28 19:00:00,Lille,Paris Saint-Germain,2.0,2.0,1555.9720554519045,1659.124939452693,1558.856767217218,1656.2402276873795
La Liga,2026/27,2026-08-28 19:30:00,Deportivo Alavés,Villarreal,1.0,0.0,1482.6259342853975,1526.3734367342931,1493.8784760525136,1515.120894967177
Premier League,2026/27,2026-08-29 11:30:00,Liverpool FC,Nottingham Forest,2.0,2.0,1535.0985111812238,1516.2641988285218,1534.5569464850282,1516.8057635247173
Bundesliga,2026/27,2026-08-29 13:30:00,1. FSV Mainz 05,SC Paderborn 07,0.0,0.0,1495.2271765171824,1505.927894108481,1495.5350705786873,1505.6200000469762
Bundesliga,2026/27,2026-08-29 13:30:00,1. FC Köln,TSG Hoffenheim,3.0,2.0,1435.6555096421516,1551.1564234240864,1448.8626100505448,1537.9493230156932
Bundesliga,2026/27,2026-08-29 13:30:00,1. FC Union Berlin,Eintracht Frankfurt,3.0,3.0,1463.7578684840983,1458.8521486378415,1463.6166798994782,1458.9933372224616
Bundesliga,2026/27,2026-08-29 13:30:00,RB Leipzig,Borussia M'gladbach,3.0,0.0,1568.0989729920434,1477.5711501347841,1575.5507803627977,1470.1193427640299
Bundesliga,2026/27,2026-08-29 13:30:00,SV 07 Elversberg,Bayer 04 Leverkusen,3.0,2.0,1500,1557.0079237643088,1511.6262516008687,1545.38167216344
Premier League,2026/27,2026-08-29 14:00:00,Coventry City,Hull City,0.0,1.0,1494.4942330125812,1512.8165312238575,1485.0211028173428,1522.2896614190959
Premier League,2026/27,2026-08-29 14:00:00,Bournemouth,Everton,1.0,1.0,1551.252774232024,1494.5504743214385,1549.6350877736852,1496.1681607797773
La Liga,2026/27,2026-08-29 15:00:00,Levante UD,Real Betis,5.0,2.0,1465.9449557616938,1570.6133305318292,1478.8696065398126,1557.6886797537104
Ligue 1,2026/27,2026-08-29 15:15:00,RC Strasbourg,RC Lens,2.0,1.0,1516.1862825333703,1588.0068045653022,1528.2244937301018,1575.9685933685707
Serie A,2026/27,2026-08-29 16:30:00,Fiorentina,Frosinone,0.0,3.0,1484.1777368928513,1492.2412121130565,1474.409780704909,1502.0091683009987
Serie A,2026/27,2026-08-29 16:30:00,Sassuolo,Torino,2.0,1.0,1471.9651488661943,1462.816535989084,1481.7018914624655,1453.079793392813
Serie A,2026/27,2026-08-29 16:30:00,Monza,Udinese,2.0,3.0,1493.4486119751941,1492.1919651150417,1483.4124429288247,1502.2281341614112
Premier League,2026/27,2026-08-29 16:30:00,Tottenham Hotspur,Newcastle United,0.0,2.0,1474.4376561524637,1510.067841426516,1465.4595952877587,1519.045902291221
Bundesliga,2026/27,2026-08-29 16:30:00,Borussia Dortmund,Hamburger SV,2.0,0.0,1597.3875111067364,1476.03359306785,1604.0301012519476,1469.3910029226388
La Liga,2026/27,2026-08-29 17:00:00,Real Sociedad,Espanyol,2.0,1.0,1463.7425901646345,1462.7947370390978,1473.7153088263522,1452.8220183773801
Ligue 1,2026/27,2026-08-29 18:45:00,Stade Brestois,Toulouse,2.0,2.0,1463.9958191690193,1487.1536893793937,1464.6613709256328,1486.4881376227802
Ligue 1,2026/27,2026-08-29 18:45:00,Lorient,Troyes,1.0,2.0,1499.0284806078796,1500.3424757495106,1489.0663002478807,1510.3046561095096
Serie A,2026/27,2026-08-29 18:45:00,Juventus,Parma,2.0,0.0,1586.9710055903538,1474.7892290470968,1593.8498724207043,1467.9103622167463
Ligue 1,2026/27,2026-08-29 18:45:00,Olympique Lyonnais,Le Havre,1.0,1.0,1557.4350424570962,1452.9932881096718,1554.51635755521,1455.9119730115578
Ligue 1,2026/27,2026-08-29 18:45:00,Auxerre,Angers,1.0,3.0,1460.8947475480816,1436.3960752461373,1450.1907854054043,1447.1000373888146
La Liga,2026/27,2026-08-29 19:30:00,Sevilla,Atlético Madrid,1.0,3.0,1480.0725931630725,1557.3935646504576,1472.2620424546833,1565.2041153588468
Ligue 1,2026/27,2026-08-30 13:00:00,Paris FC,Nice,3.0,0.0,1511.5610058130142,1425.7725976595957,1519.1408038875102,1418.1927995850997
Premier League,2026/27,2026-08-30 13:00:00,Leeds United,Brentford,1.0,1.0,1517.9664276914666,1522.050609481742,1518.0839744784498,1521.9330626947587
Premier League,2026/27,2026-08-30 13:00:00,Chelsea,Brighton & Hove Albion,4.0,3.0,1505.295446421689,1523.7954626726732,1515.8274170257023,1513.2634920686598
Premier League,2026/27,2026-08-30 13:00:00,Sunderland,Fulham,1.0,0.0,1506.9529375718346,1492.2125001724264,1516.5289280540596,1482.6365096902014
Bundesliga,2026/27,2026-08-30 13:30:00,SC Freiburg,SV Werder Bremen,4.0,1.0,1532.4338478202371,1430.8374593588155,1539.590260447514,1423.6810467315386
La Liga,2026/27,2026-08-30 15:00:00,Real Madrid,Málaga CF,4.0,0.0,1643.1673193523188,1491.642313889474,1649.0630542640813,1485.7465789777116
Ligue 1,2026/27,2026-08-30 15:15:00,Stade Rennais,Le Mans,3.0,2.0,1555.3017142475217,1498.9371546825494,1563.6934958352329,1490.5453730948382
Premier League,2026/27,2026-08-30 15:30:00,Manchester United,Ipswich Town,5.0,2.0,1587.7579853798518,1510.5019703851374,1595.5703161365252,1502.689639628464
Bundesliga,2026/27,2026-08-30 15:30:00,FC Augsburg,FC Schalke 04,3.0,0.0,1494.1756709981223,1500,1504.3432929606977,1489.8323780374246
Serie A,2026/27,2026-08-30 16:30:00,SSC Napoli,Como,1.0,2.0,1580.2891098687157,1585.359866702591,1570.4350476205666,1595.2139289507402
La Liga,2026/27,2026-08-30 17:30:00,Deportivo de A Coruña,Valencia,3.0,1.0,1498.8407865264408,1498.4927669220765,1508.8307697203775,1488.5027837281398
Ligue 1,2026/27,2026-08-30 18:45:00,AS Monaco,Olympique de Marseille,2.0,0.0,1537.0003860220802,1531.3357112064132,1546.837358020308,1521.4987392081853
Serie A,2026/27,2026-08-30 18:45:00,Cagliari,Inter,0.0,1.0,1482.0631625195463,1631.489044341508,1476.1170630422826,1637.4351438187716
Serie A,2026/27,2026-08-30 18:45:00,Lazio,Genoa,1.0,0.0,1528.456887121779,1454.9521817854286,1536.3722612414442,1447.0368076657633
La Liga,2026/27,2026-08-30 19:30:00,Celta Vigo,Athletic Club,0.0,2.0,1508.4711756909321,1438.5960270660673,1496.4866915030268,1450.5805112539726
Serie A,2026/27,2026-08-31 16:30:00,Lecce,AS Roma,0.0,4.0,1462.765257776812,1591.9914234158011,1456.3221567046626,1598.4345244879505
La Liga,2026/27,2026-08-31 17:30:00,Osasuna,Getafe,1.0,0.0,1459.7251681843459,1494.4412242126245,1470.72106440153,1483.4453279954405
Serie A,2026/27,2026-08-31 18:45:00,Atalanta,Bologna,1.0,0.0,1537.4628093230683,1524.7464273288929,1547.096965775889,1515.1122708760722
Premier League,2026/27,2026-08-31 19:00:00,Aston Villa,Arsenal,0.0,1.0,1593.1404053916597,1673.6567315568423,1585.4172372233681,1681.3798997251338
La Liga,2026/27,2026-08-31 19:30:00,FC Barcelona,Rayo Vallecano,5.0,2.0,1673.3559710054642,1502.507748897983,1678.8000017972656,1497.0637181061816
Ligue 1,2026/27,2026-09-03 18:45:00,Toulouse,Lille,0.0,1.0,1486.4881376227802,1558.856767217218,1478.5414643754507,1566.8034404645475
La Liga,2026/27,2026-09-03 19:00:00,Real Sociedad,Celta Vigo,0.0,0.0,1473.7153088263522,1496.4866915030268,1474.3697850369222,1495.8322152924568
Ligue 1,2026/27,2026-09-04 17:00:00,Olympique Lyonnais,Auxerre,3.0,1.0,1554.51635755521,1450.1907854054043,1561.6007320788594,1443.106410881755
Bundesliga,2026/27,2026-09-04 18:30:00,VfB Stuttgart,1. FC Köln,4.0,1.0,1551.4339769821056,1448.8626100505448,1558.564617207813,1441.7319698248375
Serie A,2026/27,2026-09-04 18:45:00,Genoa,Como,1.0,4.0,1447.0368076657633,1595.2139289507402,1441.060629056764,1601.1901075597395
Premier League,2026/27,2026-09-04 19:00:00,Ipswich Town,Liverpool FC,0.0,2.0,1502.689639628464,1534.5569464850282,1493.6042909519401,1543.642295161552
La Liga,2026/27,2026-09-04 19:00:00,Real Betis,Real Madrid,1.0,0.0,1557.6886797537104,1649.0630542640813,1570.2596417804264,1636.4920922373653
Ligue 1,2026/27,2026-09-04 19:05:00,Paris Saint-Germain,AS Monaco,1.0,2.0,1656.2402276873795,1546.837358020308,1643.1914654519678,1559.8861202557198
Premier League,2026/27,2026-09-05 11:30:00,Newcastle United,Bournemouth,2.0,2.0,1519.045902291221,1549.6350877736852,1519.9240619681848,1548.7569280967214
Serie A,2026/27,2026-09-05 13:00:00,Fiorentina,Torino,1.0,2.0,1474.409780704909,1453.079793392813,1463.7966244662625,1463.6929496314594
Bundesliga,2026/27,2026-09-05 13:30:00,Borussia M'gladbach,SV 07 Elversberg,3.0,4.0,1470.1193427640299,1511.6262516008687,1461.3083563783932,1520.4372379865054
Bundesliga,2026/27,2026-09-05 13:30:00,SC Paderborn 07,SC Freiburg,0.0,1.0,1505.6200000469762,1539.590260447514,1496.5946389278472,1548.615621566643
Bundesliga,2026/27,2026-09-05 13:30:00,SV Werder Bremen,RB Leipzig,3.0,1.0,1423.6810467315386,1575.5507803627977,1437.7935591601827,1561.4382679341536
Bundesliga,2026/27,2026-09-05 13:30:00,Bayer 04 Leverkusen,1. FC Union Berlin,4.0,0.0,1545.38167216344,1463.6166798994782,1553.0707919306194,1455.9275601322988
Bundesliga,2026/27,2026-09-05 13:30:00,TSG Hoffenheim,Borussia Dortmund,2.0,3.0,1537.9493230156932,1604.0301012519476,1529.8286736854157,1612.150750582225
Premier League,2026/27,2026-09-05 14:00:00,Fulham,Crystal Palace,2.0,3.0,1482.6365096902014,1457.9430672032008,1471.9269696126064,1468.6526072807958
Premier League,2026/27,2026-09-05 14:00:00,Brighton & Hove Albion,Leeds United,1.0,1.0,1513.2634920686598,1518.0839744784498,1513.4022278032528,1517.9452387438569
Premier League,2026/27,2026-09-05 14:00:00,Brentford,Sunderland,1.0,1.0,1521.9330626947587,1516.5289280540596,1521.777531739193,1516.6844590096255
Premier League,2026/27,2026-09-05 14:00:00,Nottingham Forest,Tottenham Hotspur,0.0,0.0,1516.8057635247173,1465.4595952877587,1515.3385680329418,1466.9267907795343
Premier League,2026/27,2026-09-05 14:00:00,Manchester City,Coventry City,1.0,0.0,1622.2759344531264,1485.0211028173428,1628.5188684345617,1478.7781688359075
La Liga,2026/27,2026-09-05 14:15:00,Athletic Club,Atlético Madrid,3.0,0.0,1450.5805112539726,1565.2041153588468,1463.7649395378774,1552.019687074942
Ligue 1,2026/27,2026-09-05 15:15:00,RC Lens,Lorient,0.0,1.0,1575.9685933685707,1489.0663002478807,1563.5182326468416,1501.5166609696098
Serie A,2026/27,2026-09-05 16:00:00,Inter,SSC Napoli,3.0,2.0,1637.4351438187716,1570.4350476205666,1645.5302803573995,1562.3399110819387
Bundesliga,2026/27,2026-09-05 16:30:00,FC Schalke 04,FC Bayern München,0.0,0.0,1489.8323780374246,1713.5788046170355,1495.508506774883,1707.9026758795771
Premier League,2026/27,2026-09-05 16:30:00,Hull City,Aston Villa,0.0,0.0,1522.2896614190959,1585.4172372233681,1524.0868850393545,1583.6200136031096
La Liga,2026/27,2026-09-05 16:30:00,Rayo Vallecano,Real Racing Club,3.0,2.0,1497.0637181061816,1499.4948801165422,1507.1336914316676,1489.4249067910562
Ligue 1,2026/27,2026-09-05 18:45:00,Le Havre,Stade Brestois,1.0,2.0,1455.9119730115578,1464.6613709256328,1446.1637477060247,1474.409596231166
Serie A,2026/27,2026-09-05 18:45:00,AS Roma,Atalanta,2.0,1.0,1598.4345244879505,1547.096965775889,1606.9675714647606,1538.563918799079
Ligue 1,2026/27,2026-09-05 18:45:00,Nice,Le Mans,1.0,1.0,1418.1927995850997,1490.5453730948382,1420.245683686455,1488.4924889934828
La Liga,2026/27,2026-09-05 19:00:00,Villarreal,Deportivo de A Coruña,2.0,3.0,1515.120894967177,1508.8307697203775,1504.9398703870936,1519.011794300461
Serie A,2026/27,2026-09-06 13:00:00,Frosinone,Venezia,3.0,2.0,1502.0091683009987,1480.603019226462,1511.3938282214806,1471.2183593059801
Serie A,2026/27,2026-09-06 13:00:00,Parma,Monza,1.0,1.0,1467.9103622167463,1483.4124429288247,1468.3562521103913,1482.9665530351797
Premier League,2026/27,2026-09-06 13:00:00,Everton,Manchester United,2.0,2.0,1496.1681607797773,1595.5703161365252,1498.9535961015902,1592.7848808147123
Ligue 1,2026/27,2026-09-06 13:00:00,Troyes,RC Strasbourg,2.0,6.0,1510.3046561095096,1528.2244937301018,1500.81997362296,1537.7091762166513
Bundesliga,2026/27,2026-09-06 13:30:00,Hamburger SV,1. FSV Mainz 05,0.0,5.0,1469.3910029226388,1495.5350705786873,1460.1420726034057,1504.7840008979204
La Liga,2026/27,2026-09-06 14:15:00,Valencia,FC Barcelona,0.0,5.0,1488.5027837281398,1678.8000017972656,1483.4908738714757,1683.8119116539297
Ligue 1,2026/27,2026-09-06 15:15:00,Angers,Stade Rennais,1.0,2.0,1447.1000373888146,1563.6934958352329,1440.3353208724468,1570.4582123516007
Premier League,2026/27,2026-09-06 15:30:00,Arsenal,Chelsea,2.0,1.0,1681.3798997251338,1515.8274170257023,1686.9455509558284,1510.2617657950077
Bundesliga,2026/27,2026-09-06 15:30:00,Eintracht Frankfurt,FC Augsburg,1.0,4.0,1458.9933372224616,1504.3432929606977,1450.2912511745567,1513.0453790086026
Serie A,2026/27,2026-09-06 16:00:00,Bologna,Sassuolo,2.0,2.0,1515.1122708760722,1481.7018914624655,1514.1535960822512,1482.6605662562865
La Liga,2026/27,2026-09-06 16:30:00,Málaga CF,Levante UD,0.0,0.0,1485.7465789777116,1478.8696065398126,1485.5486696451412,1479.067515872383
La Liga,2026/27,2026-09-06 16:30:00,Deportivo Alavés,Osasuna,5.0,2.0,1493.8784760525136,1470.72106440153,1503.2129374358378,1461.3866030182057
Ligue 1,2026/27,2026-09-06 18:45:00,Olympique de Marseille,Paris FC,2.0,3.0,1521.4987392081853,1519.1408038875102,1511.4308734161318,1529.2086696795636
Serie A,2026/27,2026-09-06 18:45:00,Juventus,AC Milan,1.0,1.0,1593.8498724207043,1566.8172730548945,1593.0733779449279,1567.593767530671
La Liga,2026/27,2026-09-06 19:00:00,Espanyol,Sevilla,1.0,1.0,1452.8220183773801,1472.2620424546833,1453.3809640678305,1471.703096764233
Serie A,2026/27,2026-09-07 16:30:00,Cagliari,Lecce,1.0,0.0,1476.1170630422826,1456.3221567046626,1485.5479355157975,1446.8912842311477
La Liga,2026/27,2026-09-07 17:00:00,Getafe,Celta Vigo,1.0,1.0,1483.4453279954405,1495.8322152924568,1483.8017002901474,1495.4758429977499
Serie A,2026/27,2026-09-07 18:45:00,Udinese,Lazio,1.0,2.0,1502.2281341614112,1536.3722612414442,1493.2077295486715,1545.3926658541839
La Liga,2026/27,2026-09-07 19:30:00,Elche,Real Sociedad,2.0,3.0,1454.0888692263597,1474.3697850369222,1444.6719388013496,1483.7867154619323
Champions League,2026/27,2026-09-08 16:45:00,Club Brugge KV,Aston Villa,2.0,3.0,1522.421197059006,1583.6200136031096,1514.16464654073,1591.8765641213856
Champions League,2026/27,2026-09-08 16:45:00,AEK Athens,LASK,1.0,0.0,1512.070939837385,1500.711139839076,1521.7440949721527,1491.0379847043082
Champions League,2026/27,2026-09-08 19:00:00,Real Madrid,Inter,2.0,1.0,1636.4920922373653,1645.5302803573995,1646.752173537322,1635.2701990574428
Champions League,2026/27,2026-09-08 19:00:00,FC Porto,Manchester City,0.0,2.0,1541.9094218592825,1628.5188684345617,1534.3518582328804,1636.0764320609637
Champions League,2026/27,2026-09-08 19:00:00,Borussia Dortmund,Villarreal,3.0,2.0,1612.150750582225,1504.9398703870936,1619.1593241651005,1497.9312968042182
Champions League,2026/27,2026-09-08 19:00:00,Lille,Real Betis,2.0,3.0,1566.8034404645475,1570.2596417804264,1556.9029146536786,1580.1601675912952
Champions League,2026/27,2026-09-09 16:45:00,FC Barcelona,Feyenoord,5.0,1.0,1683.8119116539297,1465.0690584964757,1688.2341958075144,1460.646774342891
Champions League,2026/27,2026-09-09 16:45:00,VfB Stuttgart,Viking FK,3.0,1.0,1558.564617207813,1510.9824656911796,1567.2035912981798,1502.3434916008127
Champions League,2026/27,2026-09-09 19:00:00,SSC Napoli,Arsenal,0.0,1.0,1562.3399110819387,1686.9455509558284,1555.7801005944457,1693.5053614433214
Champions League,2026/27,2026-09-09 19:00:00,Paris Saint-Germain,ŠK Slovan Bratislava,6.0,1.0,1643.1914654519678,1521.8653455941587,1649.8347655237899,1515.2220455223367
Champions League,2026/27,2026-09-09 19:00:00,Sporting CP,Galatasaray,3.0,1.0,1533.8649684187646,1500.3792958700276,1542.9041464759432,1491.340117812849
Champions League,2026/27,2026-09-09 19:00:00,Liverpool FC,Atlético Madrid,2.0,1.0,1543.642295161552,1552.019687074942,1553.883369165586,1541.7786130709082
Champions League,2026/27,2026-09-10 16:45:00,PSV Eindhoven,Shakhtar Donetsk,1.0,1.0,1487.3652000636257,1516.2214776429294,1488.1938459997527,1515.3928317068023
Champions League,2026/27,2026-09-10 16:45:00,Fenerbahçe,AS Roma,1.0,1.0,1544.8251872560475,1606.9675714647606,1546.5949567705743,1605.1978019502337
Champions League,2026/27,2026-09-10 19:00:00,FC Bayern München,Bodø/Glimt,5.0,0.0,1707.9026758795771,1553.3646658307305,1713.7265552890792,1547.5407864212284
Champions League,2026/27,2026-09-10 19:00:00,Manchester United,Sabah FK,4.0,0.0,1592.7848808147123,1528.0683460412629,1600.9434371448624,1519.9097897111128
Champions League,2026/27,2026-09-10 19:00:00,Como,RB Leipzig,4.0,1.0,1601.1901075597395,1561.4382679341536,1610.0509242467754,1552.5774512471178
Champions League,2026/27,2026-09-10 19:00:00,SK Slavia Praha,RC Lens,2.0,3.0,1459.6868518102146,1563.5182326468416,1452.5894570876735,1570.6156273693828
Bundesliga,2026/27,2026-09-11 18:30:00,1. FC Union Berlin,FC Schalke 04,1.0,3.0,1455.9275601322988,1495.508506774883,1447.061888309978,1504.3741785972038
Serie A,2026/27,2026-09-11 18:45:00,Venezia,Fiorentina,2.0,4.0,1471.2183593059801,1463.7966244662625,1461.0047770916535,1474.0102066805891
Ligue 1,2026/27,2026-09-11 18:45:00,Stade Rennais,Olympique de Marseille,1.0,0.0,1570.4582123516007,1511.4308734161318,1578.7754285698895,1503.113657197843
La Liga,2026/27,2026-09-11 19:00:00,Sevilla,Valencia,1.0,0.0,1471.703096764233,1483.4908738714757,1482.0422461400328,1473.1517244956758
La Liga,2026/27,2026-09-12 12:00:00,Real Racing Club,Deportivo Alavés,2.0,1.0,1489.4249067910562,1503.2129374358378,1499.8215500098615,1492.8162942170325
Serie A,2026/27,2026-09-12 13:00:00,Genoa,Frosinone,1.0,1.0,1441.060629056764,1511.3938282214806,1443.0577744794473,1509.3966827987972
Bundesliga,2026/27,2026-09-12 13:30:00,TSG Hoffenheim,VfB Stuttgart,2.0,1.0,1529.8286736854157,1567.2035912981798,1540.9002798973297,1556.1319850862658
Bundesliga,2026/27,2026-09-12 13:30:00,1. FSV Mainz 05,Eintracht Frankfurt,1.0,3.0,1504.7840008979204,1450.2912511745567,1493.2283091005436,1461.8469429719335
Bundesliga,2026/27,2026-09-12 13:30:00,SC Freiburg,Borussia M'gladbach,5.0,0.0,1548.615621566643,1461.3083563783932,1556.1543078045775,1453.7696701404589
Bundesliga,2026/27,2026-09-12 13:30:00,FC Augsburg,Bayer 04 Leverkusen,2.0,2.0,1513.0453790086026,1553.0707919306194,1514.192333510433,1551.923837428789
Bundesliga,2026/27,2026-09-12 13:30:00,Borussia Dortmund,SC Paderborn 07,3.0,0.0,1619.1593241651005,1496.5946389278472,1625.771030102361,1489.9829329905867
Premier League,2026/27,2026-09-12 14:00:00,Crystal Palace,Ipswich Town,2.0,3.0,1468.6526072807958,1493.6042909519401,1459.369542325681,1502.8873559070548
Premier League,2026/27,2026-09-12 14:00:00,Bournemouth,Brentford,2.0,2.0,1548.7569280967214,1521.777531739193,1547.9819557117928,1522.5525041241215
Premier League,2026/27,2026-09-12 14:00:00,Liverpool FC,Fulham,0.0,0.0,1553.883369165586,1471.9269696126064,1551.5672746500404,1474.243064128152
Premier League,2026/27,2026-09-12 14:00:00,Chelsea,Hull City,2.0,2.0,1510.2617657950077,1524.0868850393545,1510.6594748255557,1523.6891760088065
Premier League,2026/27,2026-09-12 14:00:00,Aston Villa,Nottingham Forest,1.0,2.0,1591.8765641213856,1515.3385680329418,1579.708580930493,1527.5065512238343
La Liga,2026/27,2026-09-12 14:15:00,Osasuna,Espanyol,0.0,2.0,1461.3866030182057,1453.3809640678305,1451.1562229778926,1463.6113441081436
Ligue 1,2026/27,2026-09-12 15:15:00,RC Strasbourg,AS Monaco,1.0,1.0,1537.7091762166513,1559.8861202557198,1538.346614502586,1559.2486819697851
Serie A,2026/27,2026-09-12 16:00:00,Lazio,AC Milan,2.0,2.0,1545.3926658541839,1567.593767530671,1546.0307966244984,1566.9556367603564
La Liga,2026/27,2026-09-12 16:30:00,Athletic Club,Elche,1.0,1.0,1463.7649395378774,1444.6719388013496,1463.215951329708,1445.2209270095188
Premier League,2026/27,2026-09-12 16:30:00,Tottenham Hotspur,Everton,0.0,0.0,1466.9267907795343,1498.9535961015902,1467.8459942409193,1498.0343926402052
Bundesliga,2026/27,2026-09-12 16:30:00,1. FC Köln,SV Werder Bremen,1.0,1.0,1441.7319698248375,1437.7935591601827,1441.6186181088374,1437.9069108761828
Ligue 1,2026/27,2026-09-12 18:45:00,Paris FC,Olympique Lyonnais,0.0,0.0,1529.2086696795636,1561.6007320788594,1530.1382962460912,1560.671105512332
Ligue 1,2026/27,2026-09-12 18:45:00,Auxerre,Nice,1.0,0.0,1443.106410881755,1420.245683686455,1452.4493741872955,1410.9027203809146
Ligue 1,2026/27,2026-09-12 18:45:00,Lorient,Toulouse,2.0,2.0,1501.5166609696098,1478.5414643754507,1500.8563438752412,1479.2017814698193
Ligue 1,2026/27,2026-09-12 18:45:00,Le Havre,Angers,0.0,0.0,1446.1637477060247,1440.3353208724468,1445.9960078315344,1440.503060746937
Serie A,2026/27,2026-09-12 18:45:00,Atalanta,Cagliari,1.0,2.0,1538.563918799079,1485.5479355157975,1527.0497302600972,1497.0621240547791
Premier League,2026/27,2026-09-12 19:00:00,Sunderland,Arsenal,0.0,2.0,1516.6844590096255,1693.5053614433214,1511.3755813329783,1698.8142391199685
La Liga,2026/27,2026-09-12 19:00:00,Real Madrid,Rayo Vallecano,4.0,1.0,1646.752173537322,1507.1336914316676,1652.9368290403102,1500.9490359286795
La Liga,2026/27,2026-09-13 12:00:00,Celta Vigo,Málaga CF,1.0,1.0,1495.4758429977499,1485.5486696451412,1495.1901937109276,1485.8343189319635
Premier League,2026/27,2026-09-13 13:00:00,Coventry City,Brighton & Hove Albion,0.0,5.0,1478.7781688359075,1513.4022278032528,1469.7714433577557,1522.4089532814046
Ligue 1,2026/27,2026-09-13 13:00:00,Lille,Troyes,2.0,0.0,1556.9029146536786,1500.81997362296,1565.3025932606993,1492.4202950159395
Serie A,2026/27,2026-09-13 13:00:00,Lecce,Monza,3.0,2.0,1446.8912842311477,1482.9665530351797,1457.9258984458675,1471.93193882046
Bundesliga,2026/27,2026-09-13 13:30:00,RB Leipzig,Hamburger SV,5.0,0.0,1552.5774512471178,1460.1420726034057,1559.9779920539004,1452.7415317966231
La Liga,2026/27,2026-09-13 14:15:00,Levante UD,FC Barcelona,2.0,4.0,1479.067515872383,1688.2341958075144,1474.452441522828,1692.8492701570694
Ligue 1,2026/27,2026-09-13 15:15:00,Le Mans,RC Lens,2.0,2.0,1488.4924889934828,1570.6156273693828,1490.8131246936323,1568.2949916692332
Premier League,2026/27,2026-09-13 15:30:00,Manchester United,Manchester City,0.0,1.0,1600.9434371448624,1636.0764320609637,1591.9512133806504,1645.0686558251757
Bundesliga,2026/27,2026-09-13 15:30:00,SV 07 Elversberg,FC Bayern München,1.0,2.0,1520.4372379865054,1713.7265552890792,1515.489741932706,1718.6740513428786
Serie A,2026/27,2026-09-13 16:00:00,SSC Napoli,Bologna,1.0,0.0,1555.7801005944457,1514.1535960822512,1564.5876935436522,1505.3460031330446
La Liga,2026/27,2026-09-13 16:30:00,Getafe,Deportivo de A Coruña,1.0,1.0,1483.8017002901474,1519.011794300461,1484.8116730297224,1518.001821560886
Serie A,2026/27,2026-09-13 18:45:00,Sassuolo,Juventus,3.0,2.0,1482.6605662562865,1593.0733779449279,1495.7356716395882,1579.9982725616262
Ligue 1,2026/27,2026-09-13 18:45:00,Stade Brestois,Paris Saint-Germain,0.0,1.0,1474.409596231166,1649.8347655237899,1469.069327734424,1655.175034020532
La Liga,2026/27,2026-09-13 19:00:00,Real Sociedad,Atlético Madrid,0.0,3.0,1483.7867154619323,1541.7786130709082,1475.4405263349147,1550.1248021979259
Serie A,2026/27,2026-09-14 16:30:00,Torino,AS Roma,0.0,2.0,1463.6929496314594,1605.1978019502337,1457.5545883613665,1611.3361632203266
Serie A,2026/27,2026-09-14 16:30:00,Como,Parma,2.0,1.0,1610.0509242467754,1468.3562521103913,1616.1846377684276,1462.222538588739
Serie A,2026/27,2026-09-14 18:45:00,Inter,Udinese,5.0,3.0,1635.2701990574428,1493.2077295486715,1641.3949126289526,1487.0830159771617
La Liga,2026/27,2026-09-14 19:00:00,Villarreal,Real Betis,1.0,2.0,1497.9312968042182,1580.1601675912952,1490.254811636137,1587.8366527593764
Premier League,2026/27,2026-09-14 19:00:00,Leeds United,Newcastle United,4.0,1.0,1517.9452387438569,1519.9240619681848,1528.0021932387372,1509.8671074733045
La Liga,2026/27,2026-09-15 17:00:00,Rayo Vallecano,Espanyol,2.0,1.0,1500.9490359286795,1463.6113441081436,1509.878488869527,1454.681891167296
La Liga,2026/27,2026-09-15 18:00:00,Deportivo Alavés,Valencia,0.0,1.0,1492.8162942170325,1473.1517244956758,1482.2509060085974,1483.7171127041108
La Liga,2026/27,2026-09-15 19:30:00,Elche,Real Madrid,2.0,3.0,1445.2209270095188,1652.9368290403102,1440.576137652125,1657.581618397704
Europa League,2026/27,2026-09-16 16:45:00,FC Ararat-Armenia,AC Sparta Praha,1.0,4.0,1510.0352506885663,1502.9813283490732,1499.8322503750232,1513.1843286626163
Europa League,2026/27,2026-09-16 16:45:00,Omonia Nicosia,Celta Vigo,1.0,0.0,1508.3933419984533,1495.1901937109276,1518.0135076689412,1485.5700280404396
La Liga,2026/27,2026-09-16 17:00:00,Deportivo de A Coruña,Sevilla,0.0,1.0,1518.001821560886,1482.0422461400328,1506.9705017384024,1493.0735659625163
La Liga,2026/27,2026-09-16 17:00:00,Atlético Madrid,Osasuna,4.0,0.0,1550.1248021979259,1451.1562229778926,1557.3508819700946,1443.9301432057239
Europa League,2026/27,2026-09-16 19:00:00,Olympiacos FC,Jagiellonia Białystok,0.0,1.0,1490.7006863400895,1525.4067601750805,1481.6962980954147,1534.4111484197554
Europa League,2026/27,2026-09-16 19:00:00,Hapoel Be'er Sheva,GNK Dinamo Zagreb,0.0,0.0,1514.79973147235,1506.6042502631935,1514.5638903019562,1506.8400914335873
Europa League,2026/27,2026-09-16 19:00:00,Bayer 04 Leverkusen,NK Celje,1.0,0.0,1551.923837428789,1500.0562858207377,1560.4419616024643,1491.5381616470625
Europa League,2026/27,2026-09-16 19:00:00,AC Milan,Benfica,0.0,1.0,1566.9556367603564,1527.831231544498,1555.834281750928,1538.9525865539263
Europa League,2026/27,2026-09-16 19:00:00,SK Sturm Graz,Stade Rennais,0.0,0.0,1475.808549672874,1578.7754285698895,1478.688352531202,1575.8956257115615
Europa League,2026/27,2026-09-16 19:00:00,RSC Anderlecht,Olympique Lyonnais,0.0,1.0,1536.8279911693405,1560.671105512332,1527.5131758704763,1569.9859208111961
Europa League,2026/27,2026-09-16 19:00:00,Sunderland,AZ Alkmaar,0.0,0.0,1511.3755813329783,1500,1511.0482827303313,1500.327298602647
La Liga,2026/27,2026-09-16 19:30:00,Levante UD,Athletic Club,,,1474.452441522828,1463.215951329708,1474.1291420486032,1463.5392508039329
La Liga,2026/27,2026-09-16 19:30:00,FC Barcelona,Real Racing Club,6.0,2.0,1692.8492701570694,1499.8215500098615,1697.8023756325586,1494.8684445343724
Europa League,2026/27,2026-09-17 16:45:00,Levski Sofia,Red Bull Salzburg,0.0,1.0,1525.1005372779694,1495.8682123921499,1514.2611431185885,1506.7076065515307
Europa League,2026/27,2026-09-17 16:45:00,OFI Crete,TSG Hoffenheim,2.0,0.0,1520.2920993606883,1540.9002798973297,1530.884555830084,1530.307823427934
La Liga,2026/27,2026-09-17 17:00:00,Real Betis,Getafe,1.0,0.0,1587.8366527593764,1484.8116730297224,1594.9553163848293,1477.6930094042696
Europa League,2026/27,2026-09-17 19:00:00,Celtic,Ferencváros TC,1.0,3.0,1501.728135211287,1592.501172925985,1494.2829262172518,1599.9463819200203
Europa League,2026/27,2026-09-17 19:00:00,Crystal Palace,Lech Poznań,4.0,0.0,1459.369542325681,1535.6609989349815,1471.530762022221,1523.4997792384415
Europa League,2026/27,2026-09-17 19:00:00,Real Sociedad,Bournemouth,1.0,2.0,1475.4405263349147,1547.9819557117928,1467.4986164847483,1555.9238655619592
Europa League,2026/27,2026-09-17 19:00:00,Beşiktaş JK,Olympique de Marseille,4.0,1.0,1512.7066749937974,1503.113657197843,1522.4306358904082,1493.389696301232
Europa League,2026/27,2026-09-17 19:00:00,Juventus,NEC Nijmegen,5.0,0.0,1579.9982725616262,1492.0240564685412,1587.518933877913,1484.5033951522544
Europa League,2026/27,2026-09-17 19:00:00,Lillestrøm SK,Torreense,1.0,2.0,1509.9772792444705,1500,1499.6901889768394,1510.2870902676311
Europa League,2026/27,2026-09-17 19:00:00,FC Viktoria Plzeň,Royale Union Saint-Gilloise,0.0,3.0,1522.165498314845,1482.6547211325342,1511.0331638355196,1493.7870556118596
La Liga,2026/27,2026-09-17 19:30:00,Málaga CF,Villarreal,1.0,3.0,1485.8343189319635,1490.254811636137,1475.9615440745297,1500.1275864935708
Bundesliga,2026/27,2026-09-18 18:30:00,FC Bayern München,1. FC Union Berlin,7.0,0.0,1718.6740513428786,1447.061888309978,1722.136878784758,1443.5990608680986
Serie A,2026/27,2026-09-18 18:45:00,Monza,Sassuolo,2.0,1.0,1471.93193882046,1495.7356716395882,1482.6159953429594,1485.0516151170887
Ligue 1,2026/27,2026-09-18 18:45:00,AS Monaco,RC Lens,2.0,1.0,1559.2486819697851,1568.2949916692332,1569.508996869327,1558.0346767696915
Premier League,2026/27,2026-09-18 19:00:00,Brentford,Chelsea,3.0,0.0,1522.5525041241215,1510.6594748255557,1532.2103288624055,1501.0016500872716
La Liga,2026/27,2026-09-18 19:00:00,Espanyol,Elche,1.0,3.0,1454.681891167296,1440.576137652125,1444.2761178700234,1450.9819109493976
Premier League,2026/27,2026-09-19 11:30:00,Tottenham Hotspur,Aston Villa,2.0,3.0,1467.8459942409193,1579.708580930493,1460.9588329633198,1586.5957422080926
La Liga,2026/27,2026-09-19 12:00:00,Osasuna,Rayo Vallecano,1.0,1.0,1443.9301432057239,1509.878488869527,1445.8058165245945,1508.0028155506564
Serie A,2026/27,2026-09-19 13:00:00,Bologna,Torino,1.0,1.0,1505.3460031330446,1457.5545883613665,1503.9790661990776,1458.9215252953336
Serie A,2026/27,2026-09-19 13:00:00,Udinese,Cagliari,0.0,1.0,1487.0830159771617,1497.0621240547791,1477.3701588394495,1506.7749811924914
Bundesliga,2026/27,2026-09-19 13:30:00,Eintracht Frankfurt,SC Freiburg,2.0,2.0,1461.8469429719335,1556.1543078045775,1464.496570728422,1553.5046800480889
Bundesliga,2026/27,2026-09-19 13:30:00,Borussia M'gladbach,1. FSV Mainz 05,3.0,4.0,1453.7696701404589,1493.2283091005436,1444.900523177122,1502.0974560638804
Bundesliga,2026/27,2026-09-19 13:30:00,Hamburger SV,1. FC Köln,2.0,1.0,1452.7415317966231,1441.6186181088374,1462.4214979345597,1431.9386519709008
Bundesliga,2026/27,2026-09-19 13:30:00,SV Werder Bremen,FC Augsburg,3.0,2.0,1437.9069108761828,1514.192333510433,1450.067965012322,1502.0312793742937
Premier League,2026/27,2026-09-19 14:00:00,Brighton & Hove Albion,Arsenal,3.0,0.0,1522.4089532814046,1698.8142391199685,1537.0907404859379,1684.1324519154352
Premier League,2026/27,2026-09-19 14:00:00,Everton,Ipswich Town,1.0,0.0,1498.0343926402052,1502.8873559070548,1508.1740630678582,1492.7476854794018
Premier League,2026/27,2026-09-19 14:00:00,Newcastle United,Hull City,2.0,1.0,1509.8671074733045,1523.6891760088065,1520.2647288362487,1513.2915546458623
La Liga,2026/27,2026-09-19 14:15:00,Athletic Club,Deportivo Alavés,0.0,0.0,1463.5392508039329,1482.2509060085974,1464.0772954307306,1481.7128613817997
Ligue 1,2026/27,2026-09-19 15:15:00,Paris FC,RC Strasbourg,2.0,1.0,1530.1382962460912,1538.346614502586,1540.3745066905774,1528.1104040580997
Serie A,2026/27,2026-09-19 16:00:00,AS Roma,Inter,2.0,2.0,1611.3361632203266,1641.3949126289526,1612.1991714352882,1640.531904413991
Premier League,2026/27,2026-09-19 16:30:00,Nottingham Forest,Coventry City,0.0,1.0,1527.5065512238343,1469.7714433577557,1515.85993008068,1481.41806450091
Bundesliga,2026/27,2026-09-19 16:30:00,VfB Stuttgart,Borussia Dortmund,0.0,1.0,1556.1319850862658,1625.771030102361,1548.1099404096933,1633.7930747789335
La Liga,2026/27,2026-09-19 16:30:00,Celta Vigo,Real Racing Club,5.0,0.0,1485.5700280404396,1494.8684445343724,1495.837594101485,1484.6008784733272
Serie A,2026/27,2026-09-19 18:45:00,Venezia,Lazio,0.0,2.0,1461.0047770916535,1546.0307966244984,1453.4043100675926,1553.6312636485593
Ligue 1,2026/27,2026-09-19 18:45:00,Le Mans,Lorient,2.0,1.0,1490.8131246936323,1500.8563438752412,1501.1021112905937,1490.5673572782798
Ligue 1,2026/27,2026-09-19 18:45:00,Olympique Lyonnais,Stade Rennais,4.0,0.0,1569.9859208111961,1575.8956257115615,1580.1559993890578,1565.7255471336998
Ligue 1,2026/27,2026-09-19 18:45:00,Toulouse,Le Havre,3.0,2.0,1479.2017814698193,1445.9960078315344,1488.248941908822,1436.9488473925317
Ligue 1,2026/27,2026-09-19 18:45:00,Angers,Troyes,2.0,0.0,1440.503060746937,1492.4202950159395,1451.9863351237739,1480.9370206391027
La Liga,2026/27,2026-09-19 19:00:00,Sevilla,FC Barcelona,1.0,3.0,1493.0735659625163,1697.8023756325586,1488.3671753464969,1702.508766248578
Serie A,2026/27,2026-09-20 10:30:00,Fiorentina,SSC Napoli,1.0,1.0,1474.0102066805891,1564.5876935436522,1476.5597358881867,1562.0381643360547
La Liga,2026/27,2026-09-20 12:00:00,Getafe,Málaga CF,1.0,0.0,1477.6930094042696,1475.9615440745297,1487.643174238619,1466.0113792401803
Ligue 1,2026/27,2026-09-20 13:00:00,Auxerre,Stade Brestois,2.0,1.0,1452.4493741872955,1469.069327734424,1462.9273703610377,1458.5913315606817
Premier League,2026/27,2026-09-20 13:00:00,Bournemouth,Liverpool FC,0.0,1.0,1555.9238655619592,1551.5672746500404,1545.7984793673995,1561.6926608446001
Premier League,2026/27,2026-09-20 13:00:00,Leeds United,Crystal Palace,0.0,0.0,1528.0021932387372,1471.530762022221,1526.3909785183496,1473.1419767426087
Serie A,2026/27,2026-09-20 13:00:00,Parma,Genoa,2.0,1.0,1462.222538588739,1443.0577744794473,1471.6714911132638,1433.6088219549226
Serie A,2026/27,2026-09-20 13:00:00,Frosinone,Como,2.0,0.0,1509.3966827987972,1616.1846377684276,1522.3770217135852,1603.2042988536396
Premier League,2026/27,2026-09-20 13:00:00,Manchester City,Sunderland,5.0,3.0,1645.0686558251757,1511.0482827303313,1651.3918224195345,1504.7251161359725
Bundesliga,2026/27,2026-09-20 13:30:00,Bayer 04 Leverkusen,RB Leipzig,2.0,0.0,1560.4419616024643,1559.9779920539004,1570.428607493326,1549.9913461630388
La Liga,2026/27,2026-09-20 14:15:00,Atlético Madrid,Real Madrid,2.0,1.0,1557.3508819700946,1657.581618397704,1570.1583008071107,1644.774199560688
Ligue 1,2026/27,2026-09-20 15:15:00,Nice,Lille,2.0,1.0,1410.9027203809146,1565.3025932606993,1425.0755579167126,1551.1297557249013
Premier League,2026/27,2026-09-20 15:30:00,Fulham,Manchester United,1.0,1.0,1474.243064128152,1591.9512133806504,1477.5070429219193,1588.687234586883
Bundesliga,2026/27,2026-09-20 15:30:00,FC Schalke 04,SV 07 Elversberg,0.0,0.0,1504.3741785972038,1515.489741932706,1504.6940011156626,1515.1699194142473
Serie A,2026/27,2026-09-20 16:00:00,Juventus,Atalanta,2.0,0.0,1587.518933877913,1527.0497302600972,1595.7958534541315,1518.7728106838788
La Liga,2026/27,2026-09-20 16:30:00,Deportivo de A Coruña,Real Betis,1.0,1.0,1506.9705017384024,1594.9553163848293,1509.450126718992,1592.4756914042398
La Liga,2026/27,2026-09-20 16:30:00,Villarreal,Levante UD,3.0,1.0,1500.1275864935708,1474.1291420486032,1509.38068467293,1464.8760438692439
Bundesliga,2026/27,2026-09-20 17:30:00,SC Paderborn 07,TSG Hoffenheim,3.0,1.0,1489.9829329905867,1530.307823427934,1501.1383929132448,1519.1523635052758
Serie A,2026/27,2026-09-20 18:45:00,AC Milan,Lecce,3.0,0.0,1555.834281750928,1457.9258984458675,1563.088552180161,1450.6716280166345
Ligue 1,2026/27,2026-09-20 18:45:00,Olympique de Marseille,Paris Saint-Germain,1.0,2.0,1493.389696301232,1655.175034020532,1487.736521050219,1660.8282092715451
La Liga,2026/27,2026-09-20 19:00:00,Valencia,Real Sociedad,2.0,3.0,1483.7171127041108,1467.4986164847483,1473.2506456321328,1477.9650835567263
