competition,season,date,home_team,away_team,home_score,away_score
Champions League,2026/27,2026-08-18 19:00:00,Fenerbahçe,Olympique Lyonnais,1.0,1.0
Champions League,2026/27,2026-08-19 19:00:00,Hapoel Be'er Sheva,Sabah FK,2.0,1.0
Champions League,2026/27,2026-08-19 19:00:00,ŠK Slovan Bratislava,NK Celje,1.0,1.0
Champions League,2026/27,2026-08-19 19:00:00,NEC Nijmegen,Bodø/Glimt,1.0,3.0
Champions League,2026/27,2026-08-19 19:00:00,Celtic,LASK,3.0,0.0
Champions League,2026/27,2026-08-25 16:45:00,Sabah FK,Hapoel Be'er Sheva,5.0,2.0
Champions League,2026/27,2026-08-25 19:00:00,Bodø/Glimt,NEC Nijmegen,3.0,0.0
Champions League,2026/27,2026-08-25 19:00:00,LASK,Celtic,5.0,1.0
Champions League,2026/27,2026-08-26 19:00:00,NK Celje,ŠK Slovan Bratislava,1.0,2.0
Champions League,2026/27,2026-08-26 19:00:00,AEK Athens,Levski Sofia,4.0,0.0
Champions League,2026/27,2026-08-26 19:00:00,Viking FK,GNK Dinamo Zagreb,3.0,1.0
Champions League,2026/27,2026-08-26 19:00:00,Olympique Lyonnais,Fenerbahçe,1.0,2.0
Champions League,2026/27,2026-09-08 16:45:00,AEK Athens,LASK,1.0,0.0
Champions League,2026/27,2026-09-08 16:45:00,Club Brugge KV,Aston Villa,2.0,3.0
Champions League,2026/27,2026-09-08 19:00:00,Lille,Real Betis,2.0,3.0
Champions League,2026/27,2026-09-08 19:00:00,Borussia Dortmund,Villarreal,3.0,2.0
Champions League,2026/27,2026-09-08 19:00:00,FC Porto,Manchester City,0.0,2.0
Champions League,2026/27,2026-09-08 19:00:00,Real Madrid,Inter,2.0,1.0
Champions League,2026/27,2026-09-09 16:45:00,VfB Stuttgart,Viking FK,3.0,1.0
Champions League,2026/27,2026-09-09 16:45:00,FC Barcelona,Feyenoord,5.0,1.0
Champions League,2026/27,2026-09-09 19:00:00,Sporting CP,Galatasaray,3.0,1.0
Champions League,2026/27,2026-09-09 19:00:00,Paris Saint-Germain,ŠK Slovan Bratislava,6.0,1.0
Champions League,2026/27,2026-09-09 19:00:00,SSC Napoli,Arsenal,0.0,1.0
Champions League,2026/27,2026-09-09 19:00:00,Liverpool FC,Atlético Madrid,2.0,1.0
Champions League,2026/27,2026-09-10 16:45:00,PSV Eindhoven,Shakhtar Donetsk,1.0,1.0
Champions League,2026/27,2026-09-10 16:45:00,Fenerbahçe,AS Roma,1.0,1.0
Champions League,2026/27,2026-09-10 19:00:00,SK Slavia Praha,RC Lens,2.0,3.0
Champions League,2026/27,2026-09-10 19:00:00,Como,RB Leipzig,4.0,1.0
Champions League,2026/27,2026-09-10 19:00:00,FC Bayern München,Bodø/Glimt,5.0,0.0
Champions League,2026/27,2026-09-10 19:00:00,Manchester United,Sabah FK,4.0,0.0
Champions League,2026/27,2026-07-29 15:00:00,FC Kairat Almaty,Omonia Nicosia,7.0,5.0
Champions League,2026/27,2026-07-29 16:00:00,FK Kauno Žalgiris,Klaksvíkar Ítróttarfelag,1.0,0.0
Champions League,2026/27,2026-07-29 17:00:00,Lech Poznań,AGF,4.0,8.0
Champions League,2026/27,2026-07-29 17:30:00,Hapoel Be'er Sheva,Víkingur Reykjavík,2.0,0.0
Champions League,2026/27,2026-07-29 17:30:00,Universitatea Craiova,Levski Sofia,2.0,2.0
Champions League,2026/27,2026-07-29 18:00:00,FK Crvena Zvezda,Larne FC,5.0,0.0
Champions League,2026/27,2026-07-29 18:00:00,Górnik Zabrze,Fenerbahçe,1.0,1.0
Champions League,2026/27,2026-07-29 18:15:00,ŠK Slovan Bratislava,FC Iberia 1999,1.0,1.0
Champions League,2026/27,2026-08-04 16:00:00,FC Ararat-Armenia,NK Celje,2.0,1.0
Champions League,2026/27,2026-08-04 16:00:00,Mjällby AIF,ŠK Slovan Bratislava,1.0,2.0
Champions League,2026/27,2026-08-04 17:30:00,Levski Sofia,FC Kairat Almaty,1.0,0.0
Champions League,2026/27,2026-08-04 17:30:00,Hapoel Be'er Sheva,FK Crvena Zvezda,1.0,0.0
Champions League,2026/27,2026-08-04 18:00:00,GNK Dinamo Zagreb,FK Kauno Žalgiris,5.0,0.0
Champions League,2026/27,2026-08-04 18:00:00,Olympiacos FC,NEC Nijmegen,0.0,0.0
Champions League,2026/27,2026-08-04 18:00:00,Royale Union Saint-Gilloise,Bodø/Glimt,3.0,3.0
Champions League,2026/27,2026-08-04 18:00:00,AC Sparta Praha,Olympique Lyonnais,2.0,1.0
Champions League,2026/27,2026-08-05 17:10:00,AGF,Sabah FK,2.0,1.0
Champions League,2026/27,2026-08-05 18:00:00,Fenerbahçe,SK Sturm Graz,2.0,0.0
Champions League,2026/27,2026-08-11 15:00:00,FC Kairat Almaty,Levski Sofia,0.0,1.0
Champions League,2026/27,2026-08-11 16:00:00,Sabah FK,AGF,4.0,0.0
Champions League,2026/27,2026-08-11 16:00:00,Bodø/Glimt,Royale Union Saint-Gilloise,3.0,2.0
Champions League,2026/27,2026-08-11 17:00:00,FK Kauno Žalgiris,GNK Dinamo Zagreb,1.0,2.0
Champions League,2026/27,2026-08-11 17:30:00,NEC Nijmegen,Olympiacos FC,2.0,1.0
Champions League,2026/27,2026-08-11 18:00:00,FK Crvena Zvezda,Hapoel Be'er Sheva,0.0,2.0
Champions League,2026/27,2026-08-11 18:15:00,NK Celje,FC Ararat-Armenia,2.0,0.0
Champions League,2026/27,2026-08-11 18:15:00,ŠK Slovan Bratislava,Mjällby AIF,2.0,0.0
Champions League,2026/27,2026-08-11 18:30:00,SK Sturm Graz,Fenerbahçe,0.0,1.0
Champions League,2026/27,2026-08-11 19:00:00,Olympique Lyonnais,AC Sparta Praha,3.0,0.0
Champions League,2026/27,2026-08-18 19:00:00,Levski Sofia,AEK Athens,0.0,0.0
Champions League,2026/27,2026-08-18 19:00:00,GNK Dinamo Zagreb,Viking FK,2.0,2.0
Champions League,2026/27,2026-07-14 17:00:00,Riga FC,FC Ararat-Armenia,3.0,2.0
Champions League,2026/27,2026-07-14 17:30:00,Levski Sofia,FK Borac Banja Luka,4.0,0.0
Champions League,2026/27,2026-07-14 17:30:00,The New Saints,Sabah FK,1.0,2.0
Champions League,2026/27,2026-07-14 18:00:00,FC Drita,FK Kauno Žalgiris,2.0,3.0
Champions League,2026/27,2026-07-14 19:00:00,Larne FC,SP Tre Fiori,2.0,1.0
Champions League,2026/27,2026-07-14 19:00:00,Shamrock Rovers,Floriana FC,5.0,1.0
Champions League,2026/27,2026-07-15 17:30:00,Universitatea Craiova,ML Vitebsk,1.0,0.0
Champions League,2026/27,2026-07-15 18:15:00,Atert Bissen,Klaksvíkar Ítróttarfelag,1.0,2.0
Champions League,2026/27,2026-07-15 19:00:00,KF Egnatia,FC Petrocub Hîncesti,6.0,1.0
Champions League,2026/27,2026-07-15 19:00:00,FK Sutjeska Nikšić,FC Kairat Almaty,0.0,2.0
Champions League,2026/27,2026-07-21 16:00:00,Mjällby AIF,Lincoln Red Imps,3.0,0.0
Champions League,2026/27,2026-07-21 16:00:00,FC Ararat-Armenia,Shamrock Rovers,2.0,0.0
Champions League,2026/27,2026-07-21 16:00:00,FC Iberia 1999,ŠK Slovan Bratislava,0.0,2.0
Champions League,2026/27,2026-07-21 16:00:00,Sabah FK,Kuopion Palloseura,1.0,0.0
Champions League,2026/27,2026-07-21 17:00:00,AGF,Lech Poznań,1.0,4.0
Champions League,2026/27,2026-07-21 18:00:00,FC Thun,GNK Dinamo Zagreb,1.0,1.0
Champions League,2026/27,2026-07-21 18:00:00,Fenerbahçe,Górnik Zabrze,1.0,0.0
Champions League,2026/27,2026-07-21 18:30:00,SK Sturm Graz,Heart of Midlothian,4.0,0.0
Champions League,2026/27,2026-07-21 18:45:00,Klaksvíkar Ítróttarfelag,FK Kauno Žalgiris,0.0,0.0
Champions League,2026/27,2026-07-21 19:00:00,Víkingur Reykjavík,Hapoel Be'er Sheva,2.0,1.0
Champions League,2026/27,2026-07-21 19:00:00,Larne FC,FK Crvena Zvezda,0.0,4.0
Champions League,2026/27,2026-07-22 17:00:00,Omonia Nicosia,FC Kairat Almaty,1.0,0.0
Champions League,2026/27,2026-07-22 17:30:00,Levski Sofia,Universitatea Craiova,1.0,0.0
Champions League,2026/27,2026-07-22 19:00:00,KF Egnatia,NK Celje,3.0,3.0
Champions League,2026/27,2026-07-28 15:00:00,Kuopion Palloseura,Sabah FK,0.0,2.0
Champions League,2026/27,2026-07-28 16:00:00,Lincoln Red Imps,Mjällby AIF,0.0,0.0
Champions League,2026/27,2026-07-28 18:00:00,GNK Dinamo Zagreb,FC Thun,3.0,2.0
Champions League,2026/27,2026-07-28 18:15:00,NK Celje,KF Egnatia,6.0,3.0
Champions League,2026/27,2026-07-28 18:45:00,Heart of Midlothian,SK Sturm Graz,0.0,2.0
Champions League,2026/27,2026-07-28 19:00:00,Shamrock Rovers,FC Ararat-Armenia,2.0,1.0
Champions League,2026/27,2026-07-07 16:00:00,Lincoln Red Imps,Inter Club d'Escaldes,3.0,1.0
Champions League,2026/27,2026-07-07 16:00:00,FK Kauno Žalgiris,FC Drita,1.0,1.0
Champions League,2026/27,2026-07-07 16:00:00,FC Ararat-Armenia,Riga FC,2.0,0.0
Champions League,2026/27,2026-07-07 16:00:00,Sabah FK,The New Saints,2.0,0.0
Champions League,2026/27,2026-07-07 17:00:00,FK Vardar Skopje,Kuopion Palloseura,0.0,2.0
Champions League,2026/27,2026-07-07 17:30:00,Floriana FC,Shamrock Rovers,2.0,0.0
Champions League,2026/27,2026-07-07 18:30:00,SP Tre Fiori,Larne FC,0.0,1.0
Champions League,2026/27,2026-07-07 18:30:00,FK Borac Banja Luka,Levski Sofia,1.0,1.0
Champions League,2026/27,2026-07-07 18:45:00,Klaksvíkar Ítróttarfelag,Atert Bissen,2.0,1.0
Champions League,2026/27,2026-07-07 19:00:00,Víkingur Reykjavík,ETO FC Győr,1.0,0.0
Champions League,2026/27,2026-07-08 15:00:00,FC Kairat Almaty,FK Sutjeska Nikšić,2.0,1.0
Champions League,2026/27,2026-07-08 16:00:00,Flora Tallinn,FC Iberia 1999,2.0,3.0
Champions League,2026/27,2026-07-08 17:00:00,FC Petrocub Hîncesti,KF Egnatia,1.0,1.0
Champions League,2026/27,2026-07-08 17:00:00,ML Vitebsk,Universitatea Craiova,1.0,4.0
Champions League,2026/27,2026-07-14 15:00:00,Kuopion Palloseura,FK Vardar Skopje,2.0,3.0
Champions League,2026/27,2026-07-14 16:00:00,Inter Club d'Escaldes,Lincoln Red Imps,1.0,1.0
Champions League,2026/27,2026-07-14 16:00:00,FC Iberia 1999,Flora Tallinn,2.0,2.0
Champions League,2026/27,2026-07-14 17:00:00,ETO FC Győr,Víkingur Reykjavík,2.0,2.0
Champions League,2025/26,2026-02-25 20:00:00,Real Madrid,Benfica,2.0,1.0
Champions League,2025/26,2026-03-10 17:45:00,Galatasaray,Liverpool FC,1.0,0.0
Champions League,2025/26,2026-03-10 20:00:00,Atalanta,FC Bayern München,1.0,6.0
Champions League,2025/26,2026-03-10 20:00:00,Atlético Madrid,Tottenham Hotspur,5.0,2.0
Champions League,2025/26,2026-03-10 20:00:00,Newcastle United,FC Barcelona,1.0,1.0
Champions League,2025/26,2026-03-11 17:45:00,Bayer 04 Leverkusen,Arsenal,1.0,1.0
Champions League,2025/26,2026-03-11 20:00:00,Bodø/Glimt,Sporting CP,3.0,0.0
Champions League,2025/26,2026-03-11 20:00:00,Paris Saint-Germain,Chelsea,5.0,2.0
Champions League,2025/26,2026-03-11 20:00:00,Real Madrid,Manchester City,3.0,0.0
Champions League,2025/26,2026-03-17 17:45:00,Sporting CP,Bodø/Glimt,5.0,0.0
Champions League,2025/26,2026-03-17 20:00:00,Arsenal,Bayer 04 Leverkusen,2.0,0.0
Champions League,2025/26,2026-03-17 20:00:00,Chelsea,Paris Saint-Germain,0.0,3.0
Champions League,2025/26,2026-03-17 20:00:00,Manchester City,Real Madrid,1.0,2.0
Champions League,2025/26,2026-03-18 17:45:00,FC Barcelona,Newcastle United,7.0,2.0
Champions League,2025/26,2026-03-18 20:00:00,FC Bayern München,Atalanta,4.0,1.0
Champions League,2025/26,2026-03-18 20:00:00,Tottenham Hotspur,Atlético Madrid,3.0,2.0
Champions League,2025/26,2026-03-18 20:00:00,Liverpool FC,Galatasaray,4.0,0.0
Champions League,2025/26,2026-04-07 19:00:00,Sporting CP,Arsenal,0.0,1.0
Champions League,2025/26,2026-04-07 19:00:00,Real Madrid,FC Bayern München,1.0,2.0
Champions League,2025/26,2026-04-08 19:00:00,Paris Saint-Germain,Liverpool FC,2.0,0.0
Champions League,2025/26,2026-04-08 19:00:00,FC Barcelona,Atlético Madrid,0.0,2.0
Champions League,2025/26,2026-04-14 19:00:00,Liverpool FC,Paris Saint-Germain,0.0,2.0
Champions League,2025/26,2026-04-14 19:00:00,Atlético Madrid,FC Barcelona,1.0,2.0
Champions League,2025/26,2026-04-15 19:00:00,Arsenal,Sporting CP,0.0,0.0
Champions League,2025/26,2026-04-15 19:00:00,FC Bayern München,Real Madrid,4.0,3.0
Champions League,2025/26,2026-04-28 19:00:00,Paris Saint-Germain,FC Bayern München,5.0,4.0
Champions League,2025/26,2026-04-29 19:00:00,Atlético Madrid,Arsenal,1.0,1.0
Champions League,2025/26,2026-05-05 19:00:00,Arsenal,Atlético Madrid,1.0,0.0
Champions League,2025/26,2026-05-06 19:00:00,FC Bayern München,Paris Saint-Germain,1.0,1.0
Champions League,2025/26,2026-05-30 16:00:00,Paris Saint-Germain,Arsenal,5.0,4.0
Champions League,2025/26,2026-01-28 20:00:00,Club Brugge KV,Olympique de Marseille,3.0,0.0
Champions League,2025/26,2026-01-28 20:00:00,Athletic Club,Sporting CP,2.0,3.0
Champions League,2025/26,2026-01-28 20:00:00,Bayer 04 Leverkusen,Villarreal,3.0,0.0
Champions League,2025/26,2026-01-28 20:00:00,Eintracht Frankfurt,Tottenham Hotspur,0.0,2.0
Champions League,2025/26,2026-01-28 20:00:00,AS Monaco,Juventus,0.0,0.0
Champions League,2025/26,2026-01-28 20:00:00,Atlético Madrid,Bodø/Glimt,1.0,2.0
Champions League,2025/26,2026-01-28 20:00:00,Borussia Dortmund,Inter,0.0,2.0
Champions League,2025/26,2026-01-28 20:00:00,PSV Eindhoven,FC Bayern München,1.0,2.0
Champions League,2025/26,2026-01-28 20:00:00,Arsenal,FC Kairat Almaty,3.0,2.0
Champions League,2025/26,2026-01-28 20:00:00,Paris Saint-Germain,Newcastle United,1.0,1.0
Champions League,2025/26,2026-01-28 20:00:00,SSC Napoli,Chelsea,2.0,3.0
Champions League,2025/26,2026-01-28 20:00:00,Liverpool FC,Qarabağ FK,6.0,0.0
Champions League,2025/26,2026-01-28 20:00:00,Manchester City,Galatasaray,2.0,0.0
Champions League,2025/26,2026-01-28 20:00:00,FC Barcelona,FC København,4.0,1.0
Champions League,2025/26,2026-01-28 20:00:00,Benfica,Real Madrid,4.0,2.0
Champions League,2025/26,2026-02-17 17:45:00,Galatasaray,Juventus,5.0,2.0
Champions League,2025/26,2026-02-17 20:00:00,AS Monaco,Paris Saint-Germain,2.0,3.0
Champions League,2025/26,2026-02-17 20:00:00,Benfica,Real Madrid,0.0,1.0
Champions League,2025/26,2026-02-17 20:15:00,Borussia Dortmund,Atalanta,2.0,0.0
Champions League,2025/26,2026-02-18 17:45:00,Qarabağ FK,Newcastle United,1.0,6.0
Champions League,2025/26,2026-02-18 20:00:00,Olympiacos FC,Bayer 04 Leverkusen,0.0,2.0
Champions League,2025/26,2026-02-18 20:00:00,Bodø/Glimt,Inter,3.0,1.0
Champions League,2025/26,2026-02-18 20:00:00,Club Brugge KV,Atlético Madrid,3.0,3.0
Champions League,2025/26,2026-02-24 17:45:00,Atlético Madrid,Club Brugge KV,4.0,1.0
Champions League,2025/26,2026-02-24 20:00:00,Newcastle United,Qarabağ FK,3.0,2.0
Champions League,2025/26,2026-02-24 20:00:00,Bayer 04 Leverkusen,Olympiacos FC,0.0,0.0
Champions League,2025/26,2026-02-24 20:00:00,Inter,Bodø/Glimt,1.0,2.0
Champions League,2025/26,2026-02-25 17:45:00,Atalanta,Borussia Dortmund,4.0,1.0
Champions League,2025/26,2026-02-25 20:00:00,Juventus,Galatasaray,3.0,2.0
Champions League,2025/26,2026-02-25 20:00:00,Paris Saint-Germain,AS Monaco,2.0,2.0
Champions League,2025/26,2025-12-10 17:45:00,Villarreal,FC København,2.0,3.0
Champions League,2025/26,2025-12-10 17:45:00,Qarabağ FK,AFC Ajax,2.0,4.0
Champions League,2025/26,2025-12-10 20:00:00,Bayer 04 Leverkusen,Newcastle United,2.0,2.0
Champions League,2025/26,2025-12-10 20:00:00,Borussia Dortmund,Bodø/Glimt,2.0,2.0
Champions League,2025/26,2025-12-10 20:00:00,Benfica,SSC Napoli,2.0,0.0
Champions League,2025/26,2025-12-10 20:00:00,Juventus,Pafos FC,2.0,0.0
Champions League,2025/26,2025-12-10 20:00:00,Athletic Club,Paris Saint-Germain,0.0,0.0
Champions League,2025/26,2025-12-10 20:00:00,Club Brugge KV,Arsenal,0.0,3.0
Champions League,2025/26,2025-12-10 20:00:00,Real Madrid,Manchester City,1.0,2.0
Champions League,2025/26,2026-01-20 15:30:00,FC Kairat Almaty,Club Brugge KV,1.0,4.0
Champions League,2025/26,2026-01-20 17:45:00,Bodø/Glimt,Manchester City,3.0,1.0
Champions League,2025/26,2026-01-20 20:00:00,Villarreal,AFC Ajax,1.0,2.0
Champions League,2025/26,2026-01-20 20:00:00,FC København,SSC Napoli,1.0,1.0
Champions League,2025/26,2026-01-20 20:00:00,Olympiacos FC,Bayer 04 Leverkusen,2.0,0.0
Champions League,2025/26,2026-01-20 20:00:00,Tottenham Hotspur,Borussia Dortmund,2.0,0.0
Champions League,2025/26,2026-01-20 20:00:00,Sporting CP,Paris Saint-Germain,2.0,1.0
Champions League,2025/26,2026-01-20 20:00:00,Inter,Arsenal,1.0,3.0
Champions League,2025/26,2026-01-20 20:00:00,Real Madrid,AS Monaco,6.0,1.0
Champions League,2025/26,2026-01-21 17:45:00,Qarabağ FK,Eintracht Frankfurt,3.0,2.0
Champions League,2025/26,2026-01-21 17:45:00,Galatasaray,Atlético Madrid,1.0,1.0
Champions League,2025/26,2026-01-21 20:00:00,Atalanta,Athletic Club,2.0,3.0
Champions League,2025/26,2026-01-21 20:00:00,Newcastle United,PSV Eindhoven,3.0,0.0
Champions League,2025/26,2026-01-21 20:00:00,Juventus,Benfica,2.0,0.0
Champions League,2025/26,2026-01-21 20:00:00,FC Bayern München,Royale Union Saint-Gilloise,2.0,0.0
Champions League,2025/26,2026-01-21 20:00:00,Chelsea,Pafos FC,1.0,0.0
Champions League,2025/26,2026-01-21 20:00:00,Olympique de Marseille,Liverpool FC,0.0,3.0
Champions League,2025/26,2026-01-21 20:00:00,SK Slavia Praha,FC Barcelona,2.0,4.0
Champions League,2025/26,2026-01-28 20:00:00,Pafos FC,SK Slavia Praha,4.0,1.0
Champions League,2025/26,2026-01-28 20:00:00,AFC Ajax,Olympiacos FC,1.0,2.0
Champions League,2025/26,2026-01-28 20:00:00,Royale Union Saint-Gilloise,Atalanta,1.0,0.0
Champions League,2025/26,2025-11-05 20:00:00,Inter,FC Kairat Almaty,2.0,1.0
Champions League,2025/26,2025-11-05 20:00:00,Manchester City,Borussia Dortmund,4.0,1.0
Champions League,2025/26,2025-11-05 20:00:00,Club Brugge KV,FC Barcelona,3.0,3.0
Champions League,2025/26,2025-11-25 17:45:00,Galatasaray,Royale Union Saint-Gilloise,0.0,1.0
Champions League,2025/26,2025-11-25 17:45:00,AFC Ajax,Benfica,0.0,2.0
Champions League,2025/26,2025-11-25 20:00:00,SK Slavia Praha,Athletic Club,0.0,0.0
Champions League,2025/26,2025-11-25 20:00:00,Olympique de Marseille,Newcastle United,2.0,1.0
Champions League,2025/26,2025-11-25 20:00:00,SSC Napoli,Qarabağ FK,2.0,0.0
Champions League,2025/26,2025-11-25 20:00:00,Borussia Dortmund,Villarreal,4.0,0.0
Champions League,2025/26,2025-11-25 20:00:00,Bodø/Glimt,Juventus,2.0,3.0
Champions League,2025/26,2025-11-25 20:00:00,Manchester City,Bayer 04 Leverkusen,0.0,2.0
Champions League,2025/26,2025-11-25 20:00:00,Chelsea,FC Barcelona,3.0,0.0
Champions League,2025/26,2025-11-26 17:45:00,FC København,FC Kairat Almaty,3.0,2.0
Champions League,2025/26,2025-11-26 17:45:00,Pafos FC,AS Monaco,2.0,2.0
Champions League,2025/26,2025-11-26 20:00:00,Eintracht Frankfurt,Atalanta,0.0,3.0
Champions League,2025/26,2025-11-26 20:00:00,Sporting CP,Club Brugge KV,3.0,0.0
Champions League,2025/26,2025-11-26 20:00:00,Atlético Madrid,Inter,2.0,1.0
Champions League,2025/26,2025-11-26 20:00:00,Paris Saint-Germain,Tottenham Hotspur,5.0,3.0
Champions League,2025/26,2025-11-26 20:00:00,Liverpool FC,PSV Eindhoven,1.0,4.0
Champions League,2025/26,2025-11-26 20:00:00,Arsenal,FC Bayern München,3.0,1.0
Champions League,2025/26,2025-11-26 20:00:00,Olympiacos FC,Real Madrid,3.0,4.0
Champions League,2025/26,2025-12-09 15:30:00,FC Kairat Almaty,Olympiacos FC,0.0,1.0
Champions League,2025/26,2025-12-09 17:45:00,FC Bayern München,Sporting CP,3.0,1.0
Champions League,2025/26,2025-12-09 20:00:00,Royale Union Saint-Gilloise,Olympique de Marseille,2.0,3.0
Champions League,2025/26,2025-12-09 20:00:00,AS Monaco,Galatasaray,1.0,0.0
Champions League,2025/26,2025-12-09 20:00:00,Tottenham Hotspur,SK Slavia Praha,3.0,0.0
Champions League,2025/26,2025-12-09 20:00:00,PSV Eindhoven,Atlético Madrid,2.0,3.0
Champions League,2025/26,2025-12-09 20:00:00,Atalanta,Chelsea,2.0,1.0
Champions League,2025/26,2025-12-09 20:00:00,Inter,Liverpool FC,0.0,1.0
Champions League,2025/26,2025-12-09 20:00:00,FC Barcelona,Eintracht Frankfurt,2.0,1.0
Champions League,2025/26,2025-10-21 19:00:00,Newcastle United,Benfica,3.0,0.0
Champions League,2025/26,2025-10-21 19:00:00,FC København,Borussia Dortmund,2.0,4.0
Champions League,2025/26,2025-10-21 19:00:00,Royale Union Saint-Gilloise,Inter,0.0,4.0
Champions League,2025/26,2025-10-21 19:00:00,Bayer 04 Leverkusen,Paris Saint-Germain,2.0,7.0
Champions League,2025/26,2025-10-21 19:00:00,Arsenal,Atlético Madrid,4.0,0.0
Champions League,2025/26,2025-10-21 19:00:00,Villarreal,Manchester City,0.0,2.0
Champions League,2025/26,2025-10-22 16:45:00,Athletic Club,Qarabağ FK,3.0,1.0
Champions League,2025/26,2025-10-22 16:45:00,Galatasaray,Bodø/Glimt,3.0,1.0
Champions League,2025/26,2025-10-22 19:00:00,Atalanta,SK Slavia Praha,0.0,0.0
Champions League,2025/26,2025-10-22 19:00:00,Sporting CP,Olympique de Marseille,2.0,1.0
Champions League,2025/26,2025-10-22 19:00:00,AS Monaco,Tottenham Hotspur,0.0,0.0
Champions League,2025/26,2025-10-22 19:00:00,FC Bayern München,Club Brugge KV,4.0,0.0
Champions League,2025/26,2025-10-22 19:00:00,Chelsea,AFC Ajax,5.0,1.0
Champions League,2025/26,2025-10-22 19:00:00,Eintracht Frankfurt,Liverpool FC,1.0,5.0
Champions League,2025/26,2025-10-22 19:00:00,Real Madrid,Juventus,1.0,0.0
Champions League,2025/26,2025-11-04 17:45:00,SSC Napoli,Eintracht Frankfurt,0.0,0.0
Champions League,2025/26,2025-11-04 17:45:00,SK Slavia Praha,Arsenal,0.0,3.0
Champions League,2025/26,2025-11-04 20:00:00,Bodø/Glimt,AS Monaco,0.0,1.0
Champions League,2025/26,2025-11-04 20:00:00,Olympiacos FC,PSV Eindhoven,1.0,1.0
Champions League,2025/26,2025-11-04 20:00:00,Tottenham Hotspur,FC København,4.0,0.0
Champions League,2025/26,2025-11-04 20:00:00,Juventus,Sporting CP,1.0,1.0
Champions League,2025/26,2025-11-04 20:00:00,Atlético Madrid,Royale Union Saint-Gilloise,3.0,1.0
Champions League,2025/26,2025-11-04 20:00:00,Paris Saint-Germain,FC Bayern München,1.0,2.0
Champions League,2025/26,2025-11-04 20:00:00,Liverpool FC,Real Madrid,1.0,0.0
Champions League,2025/26,2025-11-05 17:45:00,Pafos FC,Villarreal,1.0,0.0
Champions League,2025/26,2025-11-05 17:45:00,Qarabağ FK,Chelsea,2.0,2.0
Champions League,2025/26,2025-11-05 20:00:00,Olympique de Marseille,Atalanta,0.0,1.0
Champions League,2025/26,2025-11-05 20:00:00,Newcastle United,Athletic Club,2.0,0.0
Champions League,2025/26,2025-11-05 20:00:00,AFC Ajax,Galatasaray,0.0,3.0
Champions League,2025/26,2025-11-05 20:00:00,Benfica,Bayer 04 Leverkusen,0.0,1.0
Champions League,2025/26,2025-09-17 19:00:00,Paris Saint-Germain,Atalanta,4.0,0.0
Champions League,2025/26,2025-09-17 19:00:00,FC Bayern München,Chelsea,3.0,1.0
Champions League,2025/26,2025-09-17 19:00:00,Liverpool FC,Atlético Madrid,3.0,2.0
Champions League,2025/26,2025-09-18 16:45:00,Club Brugge KV,AS Monaco,4.0,1.0
Champions League,2025/26,2025-09-18 16:45:00,FC København,Bayer 04 Leverkusen,2.0,2.0
Champions League,2025/26,2025-09-18 19:00:00,Sporting CP,FC Kairat Almaty,4.0,1.0
Champions League,2025/26,2025-09-18 19:00:00,Eintracht Frankfurt,Galatasaray,5.0,1.0
Champions League,2025/26,2025-09-18 19:00:00,Manchester City,SSC Napoli,2.0,0.0
Champions League,2025/26,2025-09-18 19:00:00,Newcastle United,FC Barcelona,1.0,2.0
Champions League,2025/26,2025-09-30 16:45:00,Atalanta,Club Brugge KV,2.0,1.0
Champions League,2025/26,2025-09-30 16:45:00,FC Kairat Almaty,Real Madrid,0.0,5.0
Champions League,2025/26,2025-09-30 19:00:00,Olympique de Marseille,AFC Ajax,4.0,0.0
Champions League,2025/26,2025-09-30 19:00:00,Bodø/Glimt,Tottenham Hotspur,2.0,2.0
Champions League,2025/26,2025-09-30 19:00:00,Inter,SK Slavia Praha,3.0,0.0
Champions League,2025/26,2025-09-30 19:00:00,Atlético Madrid,Eintracht Frankfurt,5.0,1.0
Champions League,2025/26,2025-09-30 19:00:00,Pafos FC,FC Bayern München,1.0,5.0
Champions League,2025/26,2025-09-30 19:00:00,Chelsea,Benfica,1.0,0.0
Champions League,2025/26,2025-09-30 19:00:00,Galatasaray,Liverpool FC,1.0,0.0
Champions League,2025/26,2025-10-01 16:45:00,Qarabağ FK,FC København,2.0,0.0
Champions League,2025/26,2025-10-01 16:45:00,Royale Union Saint-Gilloise,Newcastle United,0.0,4.0
Champions League,2025/26,2025-10-01 19:00:00,Bayer 04 Leverkusen,PSV Eindhoven,1.0,1.0
Champions League,2025/26,2025-10-01 19:00:00,SSC Napoli,Sporting CP,2.0,1.0
Champions League,2025/26,2025-10-01 19:00:00,Borussia Dortmund,Athletic Club,4.0,1.0
Champions League,2025/26,2025-10-01 19:00:00,Villarreal,Juventus,2.0,2.0
Champions League,2025/26,2025-10-01 19:00:00,Arsenal,Olympiacos FC,2.0,0.0
Champions League,2025/26,2025-10-01 19:00:00,AS Monaco,Manchester City,2.0,2.0
Champions League,2025/26,2025-10-01 19:00:00,FC Barcelona,Paris Saint-Germain,1.0,2.0
Champions League,2025/26,2025-10-21 16:45:00,FC Kairat Almaty,Pafos FC,0.0,0.0
Champions League,2025/26,2025-10-21 16:45:00,FC Barcelona,Olympiacos FC,6.0,1.0
Champions League,2025/26,2025-10-21 19:00:00,PSV Eindhoven,SSC Napoli,6.0,2.0
Champions League,2025/26,2025-08-12 17:00:00,FC Viktoria Plzeň,Rangers,2.0,1.0
Champions League,2025/26,2025-08-12 17:00:00,Fenerbahçe,Feyenoord,5.0,2.0
Champions League,2025/26,2025-08-12 17:30:00,Club Brugge KV,Red Bull Salzburg,3.0,2.0
Champions League,2025/26,2025-08-12 18:15:00,ŠK Slovan Bratislava,FC Kairat Almaty,4.0,4.0
Champions League,2025/26,2025-08-12 18:15:00,Ferencváros TC,Ludogorets,3.0,0.0
Champions League,2025/26,2025-08-12 19:00:00,FK Crvena Zvezda,Lech Poznań,1.0,1.0
Champions League,2025/26,2025-08-12 19:00:00,Benfica,Nice,2.0,0.0
Champions League,2025/26,2025-08-19 19:00:00,Ferencváros TC,Qarabağ FK,1.0,3.0
Champions League,2025/26,2025-08-19 19:00:00,FK Crvena Zvezda,Pafos FC,1.0,2.0
Champions League,2025/26,2025-08-19 19:00:00,Rangers,Club Brugge KV,1.0,3.0
Champions League,2025/26,2025-08-20 19:00:00,Bodø/Glimt,SK Sturm Graz,5.0,0.0
Champions League,2025/26,2025-08-20 19:00:00,Basel,FC København,1.0,1.0
Champions League,2025/26,2025-08-20 19:00:00,Celtic,FC Kairat Almaty,0.0,0.0
Champions League,2025/26,2025-08-20 19:00:00,Fenerbahçe,Benfica,0.0,0.0
Champions League,2025/26,2025-08-26 16:45:00,FC Kairat Almaty,Celtic,3.0,2.0
Champions League,2025/26,2025-08-26 19:00:00,SK Sturm Graz,Bodø/Glimt,2.0,1.0
Champions League,2025/26,2025-08-26 19:00:00,Pafos FC,FK Crvena Zvezda,1.0,1.0
Champions League,2025/26,2025-08-27 16:45:00,Qarabağ FK,Ferencváros TC,2.0,3.0
Champions League,2025/26,2025-08-27 19:00:00,FC København,Basel,2.0,0.0
Champions League,2025/26,2025-08-27 19:00:00,Club Brugge KV,Rangers,6.0,0.0
Champions League,2025/26,2025-08-27 19:00:00,Benfica,Fenerbahçe,1.0,0.0
Champions League,2025/26,2025-09-16 16:45:00,PSV Eindhoven,Royale Union Saint-Gilloise,1.0,3.0
Champions League,2025/26,2025-09-16 16:45:00,Athletic Club,Arsenal,0.0,2.0
Champions League,2025/26,2025-09-16 19:00:00,Benfica,Qarabağ FK,2.0,3.0
Champions League,2025/26,2025-09-16 19:00:00,Tottenham Hotspur,Villarreal,1.0,0.0
Champions League,2025/26,2025-09-16 19:00:00,Juventus,Borussia Dortmund,4.0,4.0
Champions League,2025/26,2025-09-16 19:00:00,Real Madrid,Olympique de Marseille,2.0,1.0
Champions League,2025/26,2025-09-17 16:45:00,SK Slavia Praha,Bodø/Glimt,2.0,2.0
Champions League,2025/26,2025-09-17 16:45:00,Olympiacos FC,Pafos FC,0.0,0.0
Champions League,2025/26,2025-09-17 19:00:00,AFC Ajax,Inter,0.0,2.0
Champions League,2025/26,2025-07-23 17:00:00,SK Brann,Red Bull Salzburg,1.0,4.0
Champions League,2025/26,2025-07-23 18:45:00,Shelbourne,Qarabağ FK,0.0,3.0
Champions League,2025/26,2025-07-29 15:00:00,FC Kairat Almaty,Kuopion Palloseura,3.0,0.0
Champions League,2025/26,2025-07-29 18:00:00,Dynamo Kyiv,Ħamrun Spartans FC,3.0,0.0
Champions League,2025/26,2025-07-29 18:00:00,FC Drita,FC København,0.0,1.0
Champions League,2025/26,2025-07-29 19:00:00,HŠK Zrinjski Mostar,ŠK Slovan Bratislava,2.0,2.0
Champions League,2025/26,2025-07-29 19:00:00,FK Crvena Zvezda,Lincoln Red Imps,5.0,1.0
Champions League,2025/26,2025-07-30 16:00:00,Qarabağ FK,Shelbourne,1.0,0.0
Champions League,2025/26,2025-07-30 17:00:00,Malmö FF,RFS,1.0,0.0
Champions League,2025/26,2025-07-30 17:30:00,FCSB,KF Shkëndija,1.0,2.0
Champions League,2025/26,2025-07-30 17:30:00,Ludogorets,HNK Rijeka,3.0,1.0
Champions League,2025/26,2025-07-30 18:00:00,Maccabi Tel Aviv,Pafos FC,0.0,1.0
Champions League,2025/26,2025-07-30 18:00:00,Ferencváros TC,FC Noah,4.0,3.0
Champions League,2025/26,2025-07-30 18:00:00,Panathinaikos FC,Rangers,1.0,1.0
Champions League,2025/26,2025-07-30 18:30:00,Breidablik Kópavogur,Lech Poznań,0.0,1.0
Champions League,2025/26,2025-07-30 18:45:00,Red Bull Salzburg,SK Brann,1.0,1.0
Champions League,2025/26,2025-07-30 19:00:00,Servette FC,FC Viktoria Plzeň,1.0,3.0
Champions League,2025/26,2025-08-05 17:00:00,Malmö FF,FC København,0.0,0.0
Champions League,2025/26,2025-08-05 18:00:00,Dynamo Kyiv,Pafos FC,0.0,1.0
Champions League,2025/26,2025-08-05 18:00:00,KF Shkëndija,Qarabağ FK,0.0,1.0
Champions League,2025/26,2025-08-05 18:45:00,Rangers,FC Viktoria Plzeň,3.0,0.0
Champions League,2025/26,2025-08-06 15:00:00,FC Kairat Almaty,ŠK Slovan Bratislava,1.0,0.0
Champions League,2025/26,2025-08-06 17:00:00,Red Bull Salzburg,Club Brugge KV,0.0,1.0
Champions League,2025/26,2025-08-06 17:30:00,Ludogorets,Ferencváros TC,0.0,0.0
Champions League,2025/26,2025-08-06 18:30:00,Lech Poznań,FK Crvena Zvezda,1.0,3.0
Champions League,2025/26,2025-08-06 19:00:00,Feyenoord,Fenerbahçe,2.0,1.0
Champions League,2025/26,2025-08-06 19:00:00,Nice,Benfica,0.0,2.0
Champions League,2025/26,2025-08-12 16:00:00,Qarabağ FK,KF Shkëndija,5.0,1.0
Champions League,2025/26,2025-08-12 17:00:00,Pafos FC,Dynamo Kyiv,2.0,0.0
Champions League,2025/26,2025-08-12 17:00:00,FC København,Malmö FF,5.0,0.0
Champions League,2025/26,2025-07-09 17:30:00,FCSB,Inter Club d'Escaldes,3.0,1.0
Champions League,2025/26,2025-07-09 17:30:00,Ludogorets,Dinamo Minsk,1.0,0.0
Champions League,2025/26,2025-07-09 18:45:00,Shelbourne,Linfield,1.0,0.0
Champions League,2025/26,2025-07-15 15:00:00,FC Kairat Almaty,NK Olimpija Ljubljana,2.0,0.0
Champions League,2025/26,2025-07-15 15:30:00,Lincoln Red Imps,Víkingur Gøta,1.0,0.0
Champions League,2025/26,2025-07-15 17:00:00,Ħamrun Spartans FC,FK Žalgiris,13.0,10.0
Champions League,2025/26,2025-07-15 17:00:00,FC Milsami Orhei,Kuopion Palloseura,0.0,0.0
Champions League,2025/26,2025-07-15 17:00:00,RFS,FCI Levadia Tallinn,1.0,0.0
Champions League,2025/26,2025-07-15 17:00:00,Malmö FF,FC Iberia 1999,3.0,1.0
Champions League,2025/26,2025-07-15 18:00:00,Differdange FC 03,FC Drita,2.0,3.0
Champions League,2025/26,2025-07-15 18:00:00,KF Shkëndija,The New Saints,2.0,1.0
Champions League,2025/26,2025-07-15 18:30:00,Inter Club d'Escaldes,FCSB,2.0,1.0
Champions League,2025/26,2025-07-15 19:00:00,FK Budućnost Podgorica,FC Noah,2.0,2.0
Champions League,2025/26,2025-07-15 19:00:00,HŠK Zrinjski Mostar,SS Virtus,2.0,1.0
Champions League,2025/26,2025-07-15 19:00:00,Breidablik Kópavogur,KF Egnatia,5.0,0.0
Champions League,2025/26,2025-07-16 18:45:00,Linfield,Shelbourne,1.0,1.0
Champions League,2025/26,2025-07-16 18:45:00,Dinamo Minsk,Ludogorets,2.0,2.0
Champions League,2025/26,2025-07-22 15:00:00,Kuopion Palloseura,FC Kairat Almaty,2.0,0.0
Champions League,2025/26,2025-07-22 16:00:00,FC Noah,Ferencváros TC,1.0,2.0
Champions League,2025/26,2025-07-22 16:00:00,Lincoln Red Imps,FK Crvena Zvezda,0.0,1.0
Champions League,2025/26,2025-07-22 17:00:00,Ħamrun Spartans FC,Dynamo Kyiv,0.0,3.0
Champions League,2025/26,2025-07-22 17:00:00,Pafos FC,Maccabi Tel Aviv,1.0,1.0
Champions League,2025/26,2025-07-22 17:00:00,FC Viktoria Plzeň,Servette FC,0.0,1.0
Champions League,2025/26,2025-07-22 17:00:00,RFS,Malmö FF,1.0,4.0
Champions League,2025/26,2025-07-22 17:00:00,FC København,FC Drita,2.0,0.0
Champions League,2025/26,2025-07-22 18:00:00,KF Shkëndija,FCSB,1.0,0.0
Champions League,2025/26,2025-07-22 18:15:00,ŠK Slovan Bratislava,HŠK Zrinjski Mostar,4.0,0.0
Champions League,2025/26,2025-07-22 18:30:00,Lech Poznań,Breidablik Kópavogur,7.0,1.0
Champions League,2025/26,2025-07-22 18:45:00,HNK Rijeka,Ludogorets,0.0,0.0
Champions League,2025/26,2025-07-22 18:45:00,Rangers,Panathinaikos FC,2.0,0.0
Champions League,2025/26,2025-07-08 15:00:00,Kuopion Palloseura,FC Milsami Orhei,1.0,0.0
Champions League,2025/26,2025-07-08 16:00:00,FC Noah,FK Budućnost Podgorica,1.0,0.0
Champions League,2025/26,2025-07-08 16:00:00,FC Iberia 1999,Malmö FF,1.0,3.0
Champions League,2025/26,2025-07-08 16:30:00,FCI Levadia Tallinn,RFS,0.0,1.0
Champions League,2025/26,2025-07-08 17:00:00,NK Olimpija Ljubljana,FC Kairat Almaty,1.0,1.0
Champions League,2025/26,2025-07-08 18:00:00,FC Drita,Differdange FC 03,1.0,0.0
Champions League,2025/26,2025-07-08 18:00:00,Víkingur Gøta,Lincoln Red Imps,2.0,3.0
Champions League,2025/26,2025-07-08 18:00:00,The New Saints,KF Shkëndija,0.0,0.0
Champions League,2025/26,2025-07-08 19:00:00,SS Virtus,HŠK Zrinjski Mostar,0.0,2.0
Champions League,2025/26,2025-07-08 19:00:00,KF Egnatia,Breidablik Kópavogur,1.0,0.0
Champions League,2025/26,2025-07-09 16:00:00,FK Žalgiris,Ħamrun Spartans FC,2.0,0.0
Europa League,2026/27,2026-08-20 17:00:00,KF Egnatia,Lillestrøm SK,0.0,0.0
Europa League,2026/27,2026-08-20 17:00:00,Universitatea Craiova,FC Ararat-Armenia,1.0,1.0
Europa League,2026/27,2026-08-20 17:00:00,Lech Poznań,FC Thun,7.0,0.0
Europa League,2026/27,2026-08-20 17:00:00,Trabzonspor,Ferencváros TC,0.0,1.0
Europa League,2026/27,2026-08-20 17:00:00,Beşiktaş JK,FK Kauno Žalgiris,3.0,0.0
Europa League,2026/27,2026-08-20 18:00:00,OFI Crete,CSKA Sofia,3.0,0.0
Europa League,2026/27,2026-08-20 18:00:00,Sint-Truidense VV,Omonia Nicosia,1.0,0.0
Europa League,2026/27,2026-08-20 18:00:00,FK Crvena Zvezda,FC Viktoria Plzeň,3.0,0.0
Europa League,2026/27,2026-08-20 19:00:00,Benfica,AGF,3.0,1.0
Europa League,2026/27,2026-08-27 16:00:00,FC Ararat-Armenia,Universitatea Craiova,1.0,0.0
Europa League,2026/27,2026-08-27 16:00:00,FC Iberia 1999,Jagiellonia Białystok,1.0,2.0
Europa League,2026/27,2026-08-27 17:00:00,Lillestrøm SK,KF Egnatia,2.0,1.0
Europa League,2026/27,2026-08-27 17:00:00,Omonia Nicosia,Sint-Truidense VV,4.0,2.0
Europa League,2026/27,2026-08-27 17:00:00,Red Bull Salzburg,Mjällby AIF,3.0,0.0
Europa League,2026/27,2026-08-27 17:00:00,FC Viktoria Plzeň,FK Crvena Zvezda,5.0,1.0
Europa League,2026/27,2026-08-27 17:00:00,FK Kauno Žalgiris,Beşiktaş JK,1.0,0.0
Europa League,2026/27,2026-08-27 18:00:00,CSKA Sofia,OFI Crete,0.0,2.0
Europa League,2026/27,2026-08-27 18:00:00,FC Thun,Lech Poznań,2.0,2.0
Europa League,2026/27,2026-08-27 18:00:00,AGF,Benfica,1.0,3.0
Europa League,2026/27,2026-08-27 18:30:00,RSC Anderlecht,FC Kairat Almaty,3.0,0.0
Europa League,2026/27,2026-08-27 18:30:00,Ferencváros TC,Trabzonspor,4.0,0.0
Europa League,2026/27,2026-09-16 16:45:00,FC Ararat-Armenia,AC Sparta Praha,1.0,4.0
Europa League,2026/27,2026-09-16 16:45:00,Omonia Nicosia,Celta Vigo,1.0,0.0
Europa League,2026/27,2026-09-16 19:00:00,SK Sturm Graz,Stade Rennais,0.0,0.0
Europa League,2026/27,2026-09-16 19:00:00,Hapoel Be'er Sheva,GNK Dinamo Zagreb,0.0,0.0
Europa League,2026/27,2026-09-16 19:00:00,Olympiacos FC,Jagiellonia Białystok,0.0,1.0
Europa League,2026/27,2026-09-16 19:00:00,Sunderland,AZ Alkmaar,0.0,0.0
Europa League,2026/27,2026-09-16 19:00:00,RSC Anderlecht,Olympique Lyonnais,0.0,1.0
Europa League,2026/27,2026-09-16 19:00:00,Bayer 04 Leverkusen,NK Celje,1.0,0.0
Europa League,2026/27,2026-09-16 19:00:00,AC Milan,Benfica,0.0,1.0
Europa League,2026/27,2026-07-30 19:00:00,Benfica,FC St. Gallen 1879,5.0,0.0
Europa League,2026/27,2026-08-04 19:00:00,Larne FC,FC Iberia 1999,0.0,0.0
Europa League,2026/27,2026-08-04 19:00:00,Shamrock Rovers,KF Egnatia,3.0,1.0
Europa League,2026/27,2026-08-05 18:15:00,Ferencváros TC,Górnik Zabrze,1.0,0.0
Europa League,2026/27,2026-08-06 15:00:00,Kuopion Palloseura,Universitatea Craiova,1.0,1.0
Europa League,2026/27,2026-08-06 16:00:00,Maccabi Tel Aviv,CSKA Sofia,0.0,3.0
Europa League,2026/27,2026-08-06 16:00:00,Jagiellonia Białystok,Rangers,2.0,1.0
Europa League,2026/27,2026-08-06 17:00:00,Lincoln Red Imps,Omonia Nicosia,1.0,1.0
Europa League,2026/27,2026-08-06 17:00:00,Lech Poznań,Klaksvíkar Ítróttarfelag,1.0,0.0
Europa League,2026/27,2026-08-06 17:00:00,Red Bull Salzburg,Pafos FC,1.0,0.0
Europa League,2026/27,2026-08-06 17:00:00,FC Hradec Králové,Beşiktaş JK,0.0,1.0
Europa League,2026/27,2026-08-06 17:45:00,PAOK,RSC Anderlecht,0.0,1.0
Europa League,2026/27,2026-08-06 18:00:00,FC Thun,Víkingur Reykjavík,3.0,0.0
Europa League,2026/27,2026-08-06 19:00:00,Benfica,Heart of Midlothian,6.0,1.0
Europa League,2026/27,2026-08-11 16:00:00,FC Iberia 1999,Larne FC,2.0,1.0
Europa League,2026/27,2026-08-13 17:00:00,Omonia Nicosia,Lincoln Red Imps,1.0,0.0
Europa League,2026/27,2026-08-13 17:00:00,Universitatea Craiova,Kuopion Palloseura,2.0,1.0
Europa League,2026/27,2026-08-13 17:00:00,Górnik Zabrze,Ferencváros TC,1.0,1.0
Europa League,2026/27,2026-08-13 17:00:00,Pafos FC,Red Bull Salzburg,3.0,3.0
Europa League,2026/27,2026-08-13 17:00:00,Beşiktaş JK,FC Hradec Králové,1.0,0.0
Europa League,2026/27,2026-08-13 17:30:00,Víkingur Reykjavík,FC Thun,3.0,2.0
Europa League,2026/27,2026-08-13 18:00:00,CSKA Sofia,Maccabi Tel Aviv,1.0,3.0
Europa League,2026/27,2026-08-13 18:30:00,RSC Anderlecht,PAOK,3.0,2.0
Europa League,2026/27,2026-08-13 18:30:00,Rangers,Jagiellonia Białystok,1.0,1.0
Europa League,2026/27,2026-08-13 18:45:00,Heart of Midlothian,Benfica,1.0,1.0
Europa League,2026/27,2026-08-13 19:00:00,KF Egnatia,Shamrock Rovers,5.0,1.0
Europa League,2026/27,2026-08-14 18:00:00,Klaksvíkar Ítróttarfelag,Lech Poznań,0.0,5.0
Europa League,2026/27,2026-08-20 15:00:00,FC Kairat Almaty,RSC Anderlecht,0.0,3.0
Europa League,2026/27,2026-08-20 16:00:00,Jagiellonia Białystok,FC Iberia 1999,4.0,0.0
Europa League,2026/27,2026-08-20 16:00:00,Mjällby AIF,Red Bull Salzburg,0.0,1.0
Europa League,2026/27,2026-07-09 16:00:00,Qarabağ FK,IF Vestri,3.0,0.0
Europa League,2026/27,2026-07-09 17:00:00,Sheriff Tiraspol,NK Aluminij Kidričevo,0.0,0.0
Europa League,2026/27,2026-07-09 17:00:00,Dynamo Kyiv,FC Universitatea Cluj,0.0,0.0
Europa League,2026/27,2026-07-09 18:00:00,CSKA Sofia,Derry City,3.0,2.0
Europa League,2026/27,2026-07-09 18:00:00,FK Vojvodina,Ferencváros TC,1.0,2.0
Europa League,2026/27,2026-07-09 18:00:00,HNK Hajduk Split,MŠK Žilina,2.0,0.0
Europa League,2026/27,2026-07-16 17:30:00,Derry City,CSKA Sofia,1.0,2.0
Europa League,2026/27,2026-07-16 17:30:00,FC Universitatea Cluj,Dynamo Kyiv,2.0,4.0
Europa League,2026/27,2026-07-16 18:00:00,NK Aluminij Kidričevo,Sheriff Tiraspol,0.0,1.0
Europa League,2026/27,2026-07-16 18:15:00,Ferencváros TC,FK Vojvodina,3.0,0.0
Europa League,2026/27,2026-07-16 18:30:00,MŠK Žilina,HNK Hajduk Split,2.0,1.0
Europa League,2026/27,2026-07-16 20:00:00,IF Vestri,Qarabağ FK,0.0,3.0
Europa League,2026/27,2026-07-23 16:00:00,Qarabağ FK,CSKA Sofia,0.0,0.0
Europa League,2026/27,2026-07-23 17:00:00,Tromsø IL,FC Hradec Králové,0.0,1.0
Europa League,2026/27,2026-07-23 17:00:00,Sheriff Tiraspol,Maccabi Tel Aviv,0.0,5.0
Europa League,2026/27,2026-07-23 17:00:00,Hammarby IF,RSC Anderlecht,1.0,1.0
Europa League,2026/27,2026-07-23 17:00:00,Dynamo Kyiv,PAOK,2.0,3.0
Europa League,2026/27,2026-07-23 18:00:00,FC Twente,Ferencváros TC,1.0,2.0
Europa League,2026/27,2026-07-23 18:00:00,Beşiktaş JK,FC Midtjylland,1.0,0.0
Europa League,2026/27,2026-07-23 18:00:00,FC St. Gallen 1879,Benfica,2.0,1.0
Europa League,2025/26,2026-02-26 20:00:00,Nottingham Forest,Fenerbahçe,1.0,2.0
Europa League,2025/26,2026-03-12 17:45:00,Panathinaikos FC,Real Betis,1.0,0.0
Europa League,2025/26,2026-03-12 17:45:00,VfB Stuttgart,FC Porto,1.0,2.0
Europa League,2025/26,2026-03-12 17:45:00,Bologna,AS Roma,1.0,1.0
Europa League,2025/26,2026-03-12 17:45:00,Lille,Aston Villa,0.0,1.0
Europa League,2025/26,2026-03-12 20:00:00,KRC Genk,SC Freiburg,1.0,0.0
Europa League,2025/26,2026-03-12 20:00:00,Ferencváros TC,Sporting Braga,2.0,0.0
Europa League,2025/26,2026-03-12 20:00:00,Nottingham Forest,FC Midtjylland,0.0,1.0
Europa League,2025/26,2026-03-12 20:00:00,Celta Vigo,Olympique Lyonnais,1.0,1.0
Europa League,2025/26,2026-03-18 15:30:00,Sporting Braga,Ferencváros TC,4.0,0.0
Europa League,2025/26,2026-03-19 17:45:00,SC Freiburg,KRC Genk,5.0,1.0
Europa League,2025/26,2026-03-19 17:45:00,FC Midtjylland,Nottingham Forest,1.0,5.0
Europa League,2025/26,2026-03-19 17:45:00,Olympique Lyonnais,Celta Vigo,0.0,2.0
Europa League,2025/26,2026-03-19 20:00:00,Real Betis,Panathinaikos FC,4.0,0.0
Europa League,2025/26,2026-03-19 20:00:00,FC Porto,VfB Stuttgart,2.0,0.0
Europa League,2025/26,2026-03-19 20:00:00,AS Roma,Bologna,3.0,4.0
Europa League,2025/26,2026-03-19 20:00:00,Aston Villa,Lille,2.0,0.0
Europa League,2025/26,2026-04-08 16:45:00,Sporting Braga,Real Betis,1.0,1.0
Europa League,2025/26,2026-04-09 19:00:00,SC Freiburg,Celta Vigo,3.0,0.0
Europa League,2025/26,2026-04-09 19:00:00,FC Porto,Nottingham Forest,1.0,1.0
Europa League,2025/26,2026-04-09 19:00:00,Bologna,Aston Villa,1.0,3.0
Europa League,2025/26,2026-04-16 16:45:00,Celta Vigo,SC Freiburg,1.0,3.0
Europa League,2025/26,2026-04-16 19:00:00,Real Betis,Sporting Braga,2.0,4.0
Europa League,2025/26,2026-04-16 19:00:00,Nottingham Forest,FC Porto,1.0,0.0
Europa League,2025/26,2026-04-16 19:00:00,Aston Villa,Bologna,4.0,0.0
Europa League,2025/26,2026-04-30 19:00:00,Sporting Braga,SC Freiburg,2.0,1.0
Europa League,2025/26,2026-04-30 19:00:00,Nottingham Forest,Aston Villa,1.0,0.0
Europa League,2025/26,2026-05-07 19:00:00,SC Freiburg,Sporting Braga,3.0,1.0
Europa League,2025/26,2026-05-07 19:00:00,Aston Villa,Nottingham Forest,4.0,0.0
Europa League,2025/26,2026-05-20 19:00:00,SC Freiburg,Aston Villa,0.0,3.0
Europa League,2025/26,2026-01-29 20:00:00,Ludogorets,Nice,1.0,0.0
Europa League,2025/26,2026-01-29 20:00:00,Maccabi Tel Aviv,Bologna,0.0,3.0
Europa League,2025/26,2026-01-29 20:00:00,Go Ahead Eagles,Sporting Braga,0.0,0.0
Europa League,2025/26,2026-01-29 20:00:00,VfB Stuttgart,BSC Young Boys,3.0,2.0
Europa League,2025/26,2026-01-29 20:00:00,FC Midtjylland,GNK Dinamo Zagreb,2.0,0.0
Europa League,2025/26,2026-01-29 20:00:00,Lille,SC Freiburg,1.0,0.0
Europa League,2025/26,2026-01-29 20:00:00,FK Crvena Zvezda,Celta Vigo,1.0,1.0
Europa League,2025/26,2026-01-29 20:00:00,Celtic,FC Utrecht,4.0,2.0
Europa League,2025/26,2026-01-29 20:00:00,Nottingham Forest,Ferencváros TC,4.0,0.0
Europa League,2025/26,2026-01-29 20:00:00,Olympique Lyonnais,PAOK,4.0,2.0
Europa League,2025/26,2026-01-29 20:00:00,FCSB,Fenerbahçe,1.0,1.0
Europa League,2025/26,2026-01-29 20:00:00,FC Porto,Rangers,3.0,1.0
Europa League,2025/26,2026-01-29 20:00:00,Real Betis,Feyenoord,2.0,1.0
Europa League,2025/26,2026-01-29 20:00:00,Panathinaikos FC,AS Roma,1.0,1.0
Europa League,2025/26,2026-01-29 20:00:00,Aston Villa,Red Bull Salzburg,3.0,2.0
Europa League,2025/26,2026-02-19 17:45:00,SK Brann,Bologna,0.0,1.0
Europa League,2025/26,2026-02-19 17:45:00,GNK Dinamo Zagreb,KRC Genk,1.0,3.0
Europa League,2025/26,2026-02-19 17:45:00,PAOK,Celta Vigo,1.0,2.0
Europa League,2025/26,2026-02-19 17:45:00,Fenerbahçe,Nottingham Forest,0.0,3.0
Europa League,2025/26,2026-02-19 20:00:00,Ludogorets,Ferencváros TC,2.0,1.0
Europa League,2025/26,2026-02-19 20:00:00,Panathinaikos FC,FC Viktoria Plzeň,2.0,2.0
Europa League,2025/26,2026-02-19 20:00:00,Lille,FK Crvena Zvezda,0.0,1.0
Europa League,2025/26,2026-02-19 20:00:00,Celtic,VfB Stuttgart,1.0,4.0
Europa League,2025/26,2026-02-26 17:45:00,Ferencváros TC,Ludogorets,2.0,0.0
Europa League,2025/26,2026-02-26 17:45:00,FC Viktoria Plzeň,Panathinaikos FC,4.0,5.0
Europa League,2025/26,2026-02-26 17:45:00,FK Crvena Zvezda,Lille,0.0,2.0
Europa League,2025/26,2026-02-26 17:45:00,VfB Stuttgart,Celtic,0.0,1.0
Europa League,2025/26,2026-02-26 20:00:00,Bologna,SK Brann,1.0,0.0
Europa League,2025/26,2026-02-26 20:00:00,KRC Genk,GNK Dinamo Zagreb,3.0,3.0
Europa League,2025/26,2026-02-26 20:00:00,Celta Vigo,PAOK,1.0,0.0
Europa League,2025/26,2025-12-11 20:00:00,Panathinaikos FC,FC Viktoria Plzeň,0.0,0.0
Europa League,2025/26,2025-12-11 20:00:00,SC Freiburg,Red Bull Salzburg,1.0,0.0
Europa League,2025/26,2025-12-11 20:00:00,Celta Vigo,Bologna,1.0,2.0
Europa League,2025/26,2025-12-11 20:00:00,Olympique Lyonnais,Go Ahead Eagles,2.0,1.0
Europa League,2025/26,2025-12-11 20:00:00,FCSB,Feyenoord,4.0,3.0
Europa League,2025/26,2025-12-11 20:00:00,SK Brann,Fenerbahçe,0.0,4.0
Europa League,2025/26,2025-12-11 20:00:00,FC Porto,Malmö FF,2.0,1.0
Europa League,2025/26,2025-12-11 20:00:00,Basel,Aston Villa,1.0,2.0
Europa League,2025/26,2025-12-11 20:00:00,Celtic,AS Roma,0.0,3.0
Europa League,2025/26,2026-01-22 17:45:00,SK Brann,FC Midtjylland,3.0,3.0
Europa League,2025/26,2026-01-22 17:45:00,SC Freiburg,Maccabi Tel Aviv,1.0,0.0
Europa League,2025/26,2026-01-22 17:45:00,Malmö FF,FK Crvena Zvezda,0.0,1.0
Europa League,2025/26,2026-01-22 17:45:00,Feyenoord,SK Sturm Graz,3.0,0.0
Europa League,2025/26,2026-01-22 17:45:00,BSC Young Boys,Olympique Lyonnais,0.0,1.0
Europa League,2025/26,2026-01-22 17:45:00,Bologna,Celtic,2.0,2.0
Europa League,2025/26,2026-01-22 17:45:00,FC Viktoria Plzeň,FC Porto,1.0,1.0
Europa League,2025/26,2026-01-22 17:45:00,PAOK,Real Betis,2.0,0.0
Europa League,2025/26,2026-01-22 17:45:00,Fenerbahçe,Aston Villa,0.0,1.0
Europa League,2025/26,2026-01-22 20:00:00,FC Utrecht,KRC Genk,0.0,2.0
Europa League,2025/26,2026-01-22 20:00:00,Nice,Go Ahead Eagles,3.0,1.0
Europa League,2025/26,2026-01-22 20:00:00,Ferencváros TC,Panathinaikos FC,1.0,1.0
Europa League,2025/26,2026-01-22 20:00:00,Red Bull Salzburg,Basel,3.0,1.0
Europa League,2025/26,2026-01-22 20:00:00,Rangers,Ludogorets,1.0,0.0
Europa League,2025/26,2026-01-22 20:00:00,GNK Dinamo Zagreb,FCSB,4.0,1.0
Europa League,2025/26,2026-01-22 20:00:00,Celta Vigo,Lille,2.0,1.0
Europa League,2025/26,2026-01-22 20:00:00,Sporting Braga,Nottingham Forest,1.0,0.0
Europa League,2025/26,2026-01-22 20:00:00,AS Roma,VfB Stuttgart,2.0,0.0
Europa League,2025/26,2026-01-29 20:00:00,SK Sturm Graz,SK Brann,1.0,0.0
Europa League,2025/26,2026-01-29 20:00:00,Basel,FC Viktoria Plzeň,0.0,1.0
Europa League,2025/26,2026-01-29 20:00:00,KRC Genk,Malmö FF,2.0,1.0
Europa League,2025/26,2025-11-06 20:00:00,Real Betis,Olympique Lyonnais,2.0,0.0
Europa League,2025/26,2025-11-06 20:00:00,Aston Villa,Maccabi Tel Aviv,2.0,0.0
Europa League,2025/26,2025-11-06 20:00:00,Rangers,AS Roma,0.0,2.0
Europa League,2025/26,2025-11-27 17:45:00,FC Viktoria Plzeň,SC Freiburg,0.0,0.0
Europa League,2025/26,2025-11-27 17:45:00,PAOK,SK Brann,1.0,1.0
Europa League,2025/26,2025-11-27 17:45:00,Ludogorets,Celta Vigo,3.0,2.0
Europa League,2025/26,2025-11-27 17:45:00,Lille,GNK Dinamo Zagreb,4.0,0.0
Europa League,2025/26,2025-11-27 17:45:00,Feyenoord,Celtic,1.0,3.0
Europa League,2025/26,2025-11-27 17:45:00,Fenerbahçe,Ferencváros TC,1.0,1.0
Europa League,2025/26,2025-11-27 17:45:00,FC Porto,Nice,3.0,0.0
Europa League,2025/26,2025-11-27 17:45:00,AS Roma,FC Midtjylland,2.0,1.0
Europa League,2025/26,2025-11-27 17:45:00,Aston Villa,BSC Young Boys,2.0,1.0
Europa League,2025/26,2025-11-27 20:00:00,KRC Genk,Basel,2.0,1.0
Europa League,2025/26,2025-11-27 20:00:00,Panathinaikos FC,SK Sturm Graz,2.0,1.0
Europa League,2025/26,2025-11-27 20:00:00,Go Ahead Eagles,VfB Stuttgart,0.0,4.0
Europa League,2025/26,2025-11-27 20:00:00,FK Crvena Zvezda,FCSB,1.0,0.0
Europa League,2025/26,2025-11-27 20:00:00,Bologna,Red Bull Salzburg,4.0,1.0
Europa League,2025/26,2025-11-27 20:00:00,Rangers,Sporting Braga,1.0,1.0
Europa League,2025/26,2025-11-27 20:00:00,Maccabi Tel Aviv,Olympique Lyonnais,0.0,6.0
Europa League,2025/26,2025-11-27 20:00:00,Nottingham Forest,Malmö FF,3.0,0.0
Europa League,2025/26,2025-11-27 20:00:00,Real Betis,FC Utrecht,2.0,1.0
Europa League,2025/26,2025-12-11 17:45:00,FC Midtjylland,KRC Genk,1.0,0.0
Europa League,2025/26,2025-12-11 17:45:00,Ludogorets,PAOK,3.0,3.0
Europa League,2025/26,2025-12-11 17:45:00,SK Sturm Graz,FK Crvena Zvezda,0.0,1.0
Europa League,2025/26,2025-12-11 17:45:00,VfB Stuttgart,Maccabi Tel Aviv,4.0,1.0
Europa League,2025/26,2025-12-11 17:45:00,Ferencváros TC,Rangers,2.0,1.0
Europa League,2025/26,2025-12-11 17:45:00,Nice,Sporting Braga,0.0,1.0
Europa League,2025/26,2025-12-11 17:45:00,BSC Young Boys,Lille,1.0,0.0
Europa League,2025/26,2025-12-11 17:45:00,FC Utrecht,Nottingham Forest,1.0,2.0
Europa League,2025/26,2025-12-11 17:45:00,GNK Dinamo Zagreb,Real Betis,1.0,3.0
Europa League,2025/26,2025-10-23 16:45:00,Olympique Lyonnais,Basel,2.0,0.0
Europa League,2025/26,2025-10-23 16:45:00,Sporting Braga,FK Crvena Zvezda,2.0,0.0
Europa League,2025/26,2025-10-23 16:45:00,KRC Genk,Real Betis,0.0,0.0
Europa League,2025/26,2025-10-23 16:45:00,Fenerbahçe,VfB Stuttgart,1.0,0.0
Europa League,2025/26,2025-10-23 16:45:00,Go Ahead Eagles,Aston Villa,2.0,1.0
Europa League,2025/26,2025-10-23 19:00:00,Maccabi Tel Aviv,FC Midtjylland,0.0,3.0
Europa League,2025/26,2025-10-23 19:00:00,SC Freiburg,FC Utrecht,2.0,0.0
Europa League,2025/26,2025-10-23 19:00:00,BSC Young Boys,Ludogorets,3.0,2.0
Europa League,2025/26,2025-10-23 19:00:00,Celta Vigo,Nice,2.0,1.0
Europa League,2025/26,2025-10-23 19:00:00,Malmö FF,GNK Dinamo Zagreb,1.0,1.0
Europa League,2025/26,2025-10-23 19:00:00,Celtic,SK Sturm Graz,2.0,1.0
Europa League,2025/26,2025-10-23 19:00:00,Lille,PAOK,3.0,4.0
Europa League,2025/26,2025-10-23 19:00:00,Feyenoord,Panathinaikos FC,3.0,1.0
Europa League,2025/26,2025-10-23 19:00:00,AS Roma,FC Viktoria Plzeň,1.0,2.0
Europa League,2025/26,2025-10-23 19:00:00,Nottingham Forest,FC Porto,2.0,0.0
Europa League,2025/26,2025-11-06 17:45:00,Basel,FCSB,3.0,1.0
Europa League,2025/26,2025-11-06 17:45:00,Red Bull Salzburg,Go Ahead Eagles,2.0,0.0
Europa League,2025/26,2025-11-06 17:45:00,Nice,SC Freiburg,1.0,3.0
Europa League,2025/26,2025-11-06 17:45:00,Malmö FF,Panathinaikos FC,0.0,1.0
Europa League,2025/26,2025-11-06 17:45:00,GNK Dinamo Zagreb,Celta Vigo,0.0,3.0
Europa League,2025/26,2025-11-06 17:45:00,SK Sturm Graz,Nottingham Forest,0.0,0.0
Europa League,2025/26,2025-11-06 17:45:00,FC Midtjylland,Celtic,3.0,1.0
Europa League,2025/26,2025-11-06 17:45:00,FK Crvena Zvezda,Lille,1.0,0.0
Europa League,2025/26,2025-11-06 17:45:00,FC Utrecht,FC Porto,1.0,1.0
Europa League,2025/26,2025-11-06 20:00:00,Ferencváros TC,Ludogorets,3.0,1.0
Europa League,2025/26,2025-11-06 20:00:00,PAOK,BSC Young Boys,4.0,0.0
Europa League,2025/26,2025-11-06 20:00:00,Bologna,SK Brann,0.0,0.0
Europa League,2025/26,2025-11-06 20:00:00,Sporting Braga,KRC Genk,3.0,4.0
Europa League,2025/26,2025-11-06 20:00:00,VfB Stuttgart,Feyenoord,2.0,0.0
Europa League,2025/26,2025-11-06 20:00:00,FC Viktoria Plzeň,Fenerbahçe,0.0,0.0
Europa League,2025/26,2025-09-25 16:45:00,Go Ahead Eagles,FCSB,0.0,1.0
Europa League,2025/26,2025-09-25 16:45:00,Lille,SK Brann,2.0,1.0
Europa League,2025/26,2025-09-25 19:00:00,Ferencváros TC,FC Viktoria Plzeň,1.0,1.0
Europa League,2025/26,2025-09-25 19:00:00,BSC Young Boys,Panathinaikos FC,1.0,4.0
Europa League,2025/26,2025-09-25 19:00:00,Rangers,KRC Genk,0.0,1.0
Europa League,2025/26,2025-09-25 19:00:00,VfB Stuttgart,Celta Vigo,2.0,1.0
Europa League,2025/26,2025-09-25 19:00:00,FC Utrecht,Olympique Lyonnais,0.0,1.0
Europa League,2025/26,2025-09-25 19:00:00,Red Bull Salzburg,FC Porto,0.0,1.0
Europa League,2025/26,2025-09-25 19:00:00,Aston Villa,Bologna,1.0,0.0
Europa League,2025/26,2025-10-02 16:45:00,SK Brann,FC Utrecht,1.0,0.0
Europa League,2025/26,2025-10-02 16:45:00,FC Viktoria Plzeň,Malmö FF,3.0,0.0
Europa League,2025/26,2025-10-02 16:45:00,Panathinaikos FC,Go Ahead Eagles,1.0,2.0
Europa League,2025/26,2025-10-02 16:45:00,FCSB,BSC Young Boys,0.0,2.0
Europa League,2025/26,2025-10-02 16:45:00,Bologna,SC Freiburg,1.0,1.0
Europa League,2025/26,2025-10-02 16:45:00,Celtic,Sporting Braga,0.0,2.0
Europa League,2025/26,2025-10-02 16:45:00,Ludogorets,Real Betis,0.0,2.0
Europa League,2025/26,2025-10-02 16:45:00,Fenerbahçe,Nice,2.0,1.0
Europa League,2025/26,2025-10-02 16:45:00,AS Roma,Lille,0.0,1.0
Europa League,2025/26,2025-10-02 19:00:00,KRC Genk,Ferencváros TC,0.0,1.0
Europa League,2025/26,2025-10-02 19:00:00,Maccabi Tel Aviv,GNK Dinamo Zagreb,1.0,3.0
Europa League,2025/26,2025-10-02 19:00:00,Basel,VfB Stuttgart,2.0,0.0
Europa League,2025/26,2025-10-02 19:00:00,SK Sturm Graz,Rangers,2.0,1.0
Europa League,2025/26,2025-10-02 19:00:00,Celta Vigo,PAOK,3.0,1.0
Europa League,2025/26,2025-10-02 19:00:00,Olympique Lyonnais,Red Bull Salzburg,2.0,0.0
Europa League,2025/26,2025-10-02 19:00:00,Nottingham Forest,FC Midtjylland,2.0,3.0
Europa League,2025/26,2025-10-02 19:00:00,FC Porto,FK Crvena Zvezda,2.0,1.0
Europa League,2025/26,2025-10-02 19:00:00,Feyenoord,Aston Villa,0.0,2.0
Europa League,2025/26,2025-10-23 16:45:00,Red Bull Salzburg,Ferencváros TC,2.0,3.0
Europa League,2025/26,2025-10-23 16:45:00,FCSB,Bologna,1.0,2.0
Europa League,2025/26,2025-10-23 16:45:00,SK Brann,Rangers,3.0,0.0
Europa League,2025/26,2025-08-21 18:00:00,HŠK Zrinjski Mostar,FC Utrecht,0.0,2.0
Europa League,2025/26,2025-08-21 18:00:00,KF Shkëndija,Ludogorets,2.0,1.0
Europa League,2025/26,2025-08-21 18:00:00,Panathinaikos FC,Samsunspor,2.0,1.0
Europa League,2025/26,2025-08-21 18:15:00,Maccabi Tel Aviv,Dynamo Kyiv,3.0,1.0
Europa League,2025/26,2025-08-21 18:15:00,ŠK Slovan Bratislava,BSC Young Boys,0.0,1.0
Europa League,2025/26,2025-08-21 18:30:00,Lech Poznań,KRC Genk,1.0,5.0
Europa League,2025/26,2025-08-21 18:45:00,Aberdeen,FCSB,2.0,2.0
Europa League,2025/26,2025-08-21 18:45:00,HNK Rijeka,PAOK,1.0,0.0
Europa League,2025/26,2025-08-21 19:00:00,Lincoln Red Imps,Sporting Braga,0.0,4.0
Europa League,2025/26,2025-08-27 16:30:00,AEK Larnaca,SK Brann,0.0,4.0
Europa League,2025/26,2025-08-28 15:00:00,Kuopion Palloseura,FC Midtjylland,0.0,2.0
Europa League,2025/26,2025-08-28 16:30:00,SK Sigma Olomouc,Malmö FF,0.0,2.0
Europa League,2025/26,2025-08-28 17:00:00,Samsunspor,Panathinaikos FC,0.0,0.0
Europa League,2025/26,2025-08-28 17:30:00,Ludogorets,KF Shkëndija,4.0,1.0
Europa League,2025/26,2025-08-28 17:30:00,PAOK,HNK Rijeka,5.0,0.0
Europa League,2025/26,2025-08-28 18:00:00,FC Utrecht,HŠK Zrinjski Mostar,0.0,0.0
Europa League,2025/26,2025-08-28 18:00:00,Dynamo Kyiv,Maccabi Tel Aviv,1.0,0.0
Europa League,2025/26,2025-08-28 18:00:00,KRC Genk,Lech Poznań,1.0,2.0
Europa League,2025/26,2025-08-28 18:00:00,BSC Young Boys,ŠK Slovan Bratislava,3.0,2.0
Europa League,2025/26,2025-08-28 18:30:00,FCSB,Aberdeen,3.0,0.0
Europa League,2025/26,2025-08-28 19:00:00,Sporting Braga,Lincoln Red Imps,5.0,1.0
Europa League,2025/26,2025-09-24 16:45:00,FC Midtjylland,SK Sturm Graz,2.0,0.0
Europa League,2025/26,2025-09-24 16:45:00,PAOK,Maccabi Tel Aviv,0.0,0.0
Europa League,2025/26,2025-09-24 19:00:00,SC Freiburg,Basel,2.0,1.0
Europa League,2025/26,2025-09-24 19:00:00,Malmö FF,Ludogorets,1.0,2.0
Europa League,2025/26,2025-09-24 19:00:00,Sporting Braga,Feyenoord,1.0,0.0
Europa League,2025/26,2025-09-24 19:00:00,FK Crvena Zvezda,Celtic,1.0,1.0
Europa League,2025/26,2025-09-24 19:00:00,GNK Dinamo Zagreb,Fenerbahçe,3.0,1.0
Europa League,2025/26,2025-09-24 19:00:00,Real Betis,Nottingham Forest,2.0,2.0
Europa League,2025/26,2025-09-24 19:00:00,Nice,AS Roma,1.0,2.0
Europa League,2025/26,2025-07-31 19:00:00,Sporting Braga,Levski Sofia,1.0,0.0
Europa League,2025/26,2025-08-05 17:00:00,Ħamrun Spartans FC,Maccabi Tel Aviv,1.0,2.0
Europa League,2025/26,2025-08-06 17:00:00,RFS,Kuopion Palloseura,1.0,2.0
Europa League,2025/26,2025-08-06 18:45:00,HNK Rijeka,Shelbourne,1.0,2.0
Europa League,2025/26,2025-08-07 16:00:00,Lincoln Red Imps,FC Noah,1.0,1.0
Europa League,2025/26,2025-08-07 16:00:00,Fredrikstad FK,FC Midtjylland,1.0,3.0
Europa League,2025/26,2025-08-07 16:30:00,AEK Larnaca,Legia Warszawa,4.0,1.0
Europa League,2025/26,2025-08-07 16:30:00,CFR 1907 Cluj,Sporting Braga,1.0,2.0
Europa League,2025/26,2025-08-07 17:00:00,BK Häcken,SK Brann,0.0,2.0
Europa League,2025/26,2025-08-07 17:30:00,PAOK,Wolfsberger AC,0.0,0.0
Europa League,2025/26,2025-08-07 18:00:00,HŠK Zrinjski Mostar,Breidablik Kópavogur,1.0,1.0
Europa League,2025/26,2025-08-07 18:00:00,Panathinaikos FC,Shakhtar Donetsk,0.0,0.0
Europa League,2025/26,2025-08-07 18:30:00,Servette FC,FC Utrecht,1.0,3.0
Europa League,2025/26,2025-08-07 18:30:00,FCSB,FC Drita,3.0,2.0
Europa League,2025/26,2025-08-12 18:45:00,Shelbourne,HNK Rijeka,1.0,3.0
Europa League,2025/26,2025-08-14 15:00:00,Kuopion Palloseura,RFS,1.0,0.0
Europa League,2025/26,2025-08-14 16:00:00,FC Midtjylland,Fredrikstad FK,2.0,0.0
Europa League,2025/26,2025-08-14 17:00:00,FC Noah,Lincoln Red Imps,5.0,6.0
Europa League,2025/26,2025-08-14 17:00:00,SK Brann,BK Häcken,0.0,1.0
Europa League,2025/26,2025-08-14 17:00:00,Wolfsberger AC,PAOK,0.0,1.0
Europa League,2025/26,2025-08-14 17:30:00,Breidablik Kópavogur,HŠK Zrinjski Mostar,1.0,2.0
Europa League,2025/26,2025-08-14 18:00:00,Maccabi Tel Aviv,Ħamrun Spartans FC,3.0,1.0
Europa League,2025/26,2025-08-14 18:00:00,FC Utrecht,Servette FC,2.0,1.0
Europa League,2025/26,2025-08-14 18:00:00,FC Drita,FCSB,1.0,3.0
Europa League,2025/26,2025-08-14 18:00:00,Shakhtar Donetsk,Panathinaikos FC,3.0,4.0
Europa League,2025/26,2025-08-14 18:30:00,Sporting Braga,CFR 1907 Cluj,2.0,0.0
Europa League,2025/26,2025-08-14 19:00:00,Legia Warszawa,AEK Larnaca,2.0,1.0
Europa League,2025/26,2025-08-21 16:30:00,FC Midtjylland,Kuopion Palloseura,4.0,0.0
Europa League,2025/26,2025-08-21 17:00:00,SK Brann,AEK Larnaca,2.0,1.0
Europa League,2025/26,2025-08-21 17:00:00,Malmö FF,SK Sigma Olomouc,3.0,0.0
Europa League,2025/26,2025-07-10 16:30:00,AEK Larnaca,FK Partizan,1.0,0.0
Europa League,2025/26,2025-07-10 17:00:00,Sheriff Tiraspol,FC Prishtina,4.0,0.0
Europa League,2025/26,2025-07-10 17:00:00,Paksi FC,CFR 1907 Cluj,0.0,0.0
Europa League,2025/26,2025-07-10 17:30:00,Levski Sofia,Hapoel Be'er Sheva,0.0,0.0
Europa League,2025/26,2025-07-10 18:00:00,Shakhtar Donetsk,Ilves,6.0,0.0
Europa League,2025/26,2025-07-10 18:15:00,FC Spartak Trnava,BK Häcken,0.0,1.0
Europa League,2025/26,2025-07-10 19:00:00,Legia Warszawa,FK Aktobe,1.0,0.0
Europa League,2025/26,2025-07-17 16:00:00,FK Aktobe,Legia Warszawa,0.0,1.0
Europa League,2025/26,2025-07-17 16:00:00,Ilves,Shakhtar Donetsk,0.0,0.0
Europa League,2025/26,2025-07-17 17:00:00,BK Häcken,FC Spartak Trnava,2.0,2.0
Europa League,2025/26,2025-07-17 17:30:00,CFR 1907 Cluj,Paksi FC,3.0,0.0
Europa League,2025/26,2025-07-17 18:00:00,FC Prishtina,Sheriff Tiraspol,2.0,1.0
Europa League,2025/26,2025-07-17 18:00:00,NK Celje,Sabah FK,3.0,3.0
Europa League,2025/26,2025-07-17 18:00:00,Hapoel Be'er Sheva,Levski Sofia,2.0,4.0
Europa League,2025/26,2025-07-17 19:00:00,FK Partizan,AEK Larnaca,7.0,7.0
Europa League,2025/26,2025-07-24 17:00:00,Sheriff Tiraspol,FC Utrecht,1.0,3.0
Europa League,2025/26,2025-07-24 17:00:00,Baník Ostrava,Legia Warszawa,2.0,2.0
Europa League,2025/26,2025-07-24 17:30:00,FC Midtjylland,Hibernian,1.0,1.0
Europa League,2025/26,2025-07-24 17:30:00,Levski Sofia,Sporting Braga,0.0,0.0
Europa League,2025/26,2025-07-24 18:00:00,NK Celje,AEK Larnaca,1.0,1.0
Europa League,2025/26,2025-07-24 18:00:00,RSC Anderlecht,BK Häcken,1.0,0.0
Europa League,2025/26,2025-07-24 18:00:00,Beşiktaş JK,Shakhtar Donetsk,2.0,4.0
Europa League,2025/26,2025-07-24 18:30:00,FC Lugano,CFR 1907 Cluj,0.0,0.0
Europa League,2025/26,2025-07-31 16:30:00,AEK Larnaca,NK Celje,2.0,1.0
Europa League,2025/26,2025-07-31 17:00:00,BK Häcken,RSC Anderlecht,6.0,3.0
Europa League,2025/26,2025-07-31 17:30:00,CFR 1907 Cluj,FC Lugano,1.0,0.0
Europa League,2025/26,2025-07-31 18:00:00,FC Utrecht,Sheriff Tiraspol,4.0,1.0
Europa League,2025/26,2025-07-31 18:00:00,Shakhtar Donetsk,Beşiktaş JK,2.0,0.0
Europa League,2025/26,2025-07-31 19:00:00,Legia Warszawa,Baník Ostrava,2.0,1.0
Europa League,2025/26,2025-07-31 19:00:00,Hibernian,FC Midtjylland,1.0,2.0
Europa League,2025/26,2025-07-10 16:00:00,Sabah FK,NK Celje,2.0,3.0
Premier League,2026/27,2026-08-28 19:00:00,Crystal Palace,Manchester City,1.0,4.0
Premier League,2026/27,2026-08-29 11:30:00,Liverpool FC,Nottingham Forest,2.0,2.0
Premier League,2026/27,2026-08-29 14:00:00,Coventry City,Hull City,0.0,1.0
Premier League,2026/27,2026-08-29 14:00:00,Bournemouth,Everton,1.0,1.0
Premier League,2026/27,2026-08-29 16:30:00,Tottenham Hotspur,Newcastle United,0.0,2.0
Premier League,2026/27,2026-08-30 13:00:00,Leeds United,Brentford,1.0,1.0
Premier League,2026/27,2026-08-30 13:00:00,Sunderland,Fulham,1.0,0.0
Premier League,2026/27,2026-08-30 13:00:00,Chelsea,Brighton & Hove Albion,4.0,3.0
Premier League,2026/27,2026-08-30 15:30:00,Manchester United,Ipswich Town,5.0,2.0
Premier League,2026/27,2026-08-31 19:00:00,Aston Villa,Arsenal,0.0,1.0
Premier League,2026/27,2026-09-04 19:00:00,Ipswich Town,Liverpool FC,0.0,2.0
Premier League,2026/27,2026-09-05 11:30:00,Newcastle United,Bournemouth,2.0,2.0
Premier League,2026/27,2026-09-05 14:00:00,Brentford,Sunderland,1.0,1.0
Premier League,2026/27,2026-09-05 14:00:00,Brighton & Hove Albion,Leeds United,1.0,1.0
Premier League,2026/27,2026-09-05 14:00:00,Fulham,Crystal Palace,2.0,3.0
Premier League,2026/27,2026-09-05 14:00:00,Nottingham Forest,Tottenham Hotspur,0.0,0.0
Premier League,2026/27,2026-09-05 14:00:00,Manchester City,Coventry City,1.0,0.0
Premier League,2026/27,2026-09-05 16:30:00,Hull City,Aston Villa,0.0,0.0
Premier League,2026/27,2026-09-06 13:00:00,Everton,Manchester United,2.0,2.0
Premier League,2026/27,2026-09-06 15:30:00,Arsenal,Chelsea,2.0,1.0
Premier League,2026/27,2026-09-12 14:00:00,Bournemouth,Brentford,2.0,2.0
Premier League,2026/27,2026-09-12 14:00:00,Crystal Palace,Ipswich Town,2.0,3.0
Premier League,2026/27,2026-09-12 14:00:00,Aston Villa,Nottingham Forest,1.0,2.0
Premier League,2026/27,2026-09-12 14:00:00,Chelsea,Hull City,2.0,2.0
Premier League,2026/27,2026-09-12 14:00:00,Liverpool FC,Fulham,0.0,0.0
Premier League,2026/27,2026-09-12 16:30:00,Tottenham Hotspur,Everton,0.0,0.0
Premier League,2026/27,2026-09-12 19:00:00,Sunderland,Arsenal,0.0,2.0
Premier League,2026/27,2026-09-13 13:00:00,Coventry City,Brighton & Hove Albion,0.0,5.0
Premier League,2026/27,2026-09-13 15:30:00,Manchester United,Manchester City,0.0,1.0
Premier League,2026/27,2026-09-14 19:00:00,Leeds United,Newcastle United,4.0,1.0
Premier League,2026/27,2026-08-21 19:00:00,Arsenal,Coventry City,3.0,0.0
Premier League,2026/27,2026-08-22 11:30:00,Hull City,Manchester United,2.0,0.0
Premier League,2026/27,2026-08-22 14:00:00,Ipswich Town,Sunderland,2.0,1.0
Premier League,2026/27,2026-08-22 14:00:00,Nottingham Forest,Leeds United,0.0,1.0
Premier League,2026/27,2026-08-22 14:00:00,Everton,Crystal Palace,2.0,0.0
Premier League,2026/27,2026-08-22 16:30:00,Brentford,Tottenham Hotspur,3.0,0.0
Premier League,2026/27,2026-08-23 13:00:00,Brighton & Hove Albion,Aston Villa,4.0,0.0
Premier League,2026/27,2026-08-23 13:00:00,Manchester City,Bournemouth,2.0,1.0
Premier League,2026/27,2026-08-23 15:30:00,Newcastle United,Liverpool FC,2.0,2.0
Premier League,2026/27,2026-08-24 19:00:00,Fulham,Chelsea,2.0,3.0
Premier League,2025/26,2026-05-09 14:00:00,Fulham,Bournemouth,0.0,1.0
Premier League,2025/26,2026-05-09 14:00:00,Brighton & Hove Albion,Wolverhampton,3.0,0.0
Premier League,2025/26,2026-05-09 14:00:00,Sunderland,Manchester United,0.0,0.0
Premier League,2025/26,2026-05-09 16:30:00,Manchester City,Brentford,3.0,0.0
Premier League,2025/26,2026-05-10 13:00:00,Crystal Palace,Everton,2.0,2.0
Premier League,2025/26,2026-05-10 13:00:00,Burnley,Aston Villa,2.0,2.0
Premier League,2025/26,2026-05-10 13:00:00,Nottingham Forest,Newcastle United,1.0,1.0
Premier League,2025/26,2026-05-10 15:30:00,West Ham United,Arsenal,0.0,1.0
Premier League,2025/26,2026-05-11 19:00:00,Tottenham Hotspur,Leeds United,1.0,1.0
Premier League,2025/26,2026-05-13 19:00:00,Manchester City,Crystal Palace,3.0,0.0
Premier League,2025/26,2026-05-15 19:00:00,Aston Villa,Liverpool FC,4.0,2.0
Premier League,2025/26,2026-05-17 11:30:00,Manchester United,Nottingham Forest,3.0,2.0
Premier League,2025/26,2026-05-17 14:00:00,Wolverhampton,Fulham,1.0,1.0
Premier League,2025/26,2026-05-17 14:00:00,Everton,Sunderland,1.0,3.0
Premier League,2025/26,2026-05-17 14:00:00,Leeds United,Brighton & Hove Albion,1.0,0.0
Premier League,2025/26,2026-05-17 14:00:00,Brentford,Crystal Palace,2.0,2.0
Premier League,2025/26,2026-05-17 16:30:00,Newcastle United,West Ham United,3.0,1.0
Premier League,2025/26,2026-05-18 19:00:00,Arsenal,Burnley,1.0,0.0
Premier League,2025/26,2026-05-19 18:30:00,Bournemouth,Manchester City,1.0,1.0
Premier League,2025/26,2026-05-19 19:15:00,Chelsea,Tottenham Hotspur,2.0,1.0
Premier League,2025/26,2026-05-24 15:00:00,Burnley,Wolverhampton,1.0,1.0
Premier League,2025/26,2026-05-24 15:00:00,Nottingham Forest,Bournemouth,1.0,1.0
Premier League,2025/26,2026-05-24 15:00:00,West Ham United,Leeds United,3.0,0.0
Premier League,2025/26,2026-05-24 15:00:00,Fulham,Newcastle United,2.0,0.0
Premier League,2025/26,2026-05-24 15:00:00,Tottenham Hotspur,Everton,1.0,0.0
Premier League,2025/26,2026-05-24 15:00:00,Sunderland,Chelsea,2.0,1.0
Premier League,2025/26,2026-05-24 15:00:00,Brighton & Hove Albion,Manchester United,0.0,3.0
Premier League,2025/26,2026-05-24 15:00:00,Crystal Palace,Arsenal,1.0,2.0
Premier League,2025/26,2026-05-24 15:00:00,Liverpool FC,Brentford,1.0,1.0
Premier League,2025/26,2026-05-24 15:00:00,Manchester City,Aston Villa,1.0,2.0
Premier League,2025/26,2026-04-18 14:00:00,Leeds United,Wolverhampton,3.0,0.0
Premier League,2025/26,2026-04-18 14:00:00,Newcastle United,Bournemouth,1.0,2.0
Premier League,2025/26,2026-04-18 16:30:00,Tottenham Hotspur,Brighton & Hove Albion,2.0,2.0
Premier League,2025/26,2026-04-18 19:00:00,Chelsea,Manchester United,0.0,1.0
Premier League,2025/26,2026-04-19 13:00:00,Nottingham Forest,Burnley,4.0,1.0
Premier League,2025/26,2026-04-19 13:00:00,Aston Villa,Sunderland,4.0,3.0
Premier League,2025/26,2026-04-19 13:00:00,Everton,Liverpool FC,1.0,2.0
Premier League,2025/26,2026-04-19 15:30:00,Manchester City,Arsenal,2.0,1.0
Premier League,2025/26,2026-04-20 19:00:00,Crystal Palace,West Ham United,0.0,0.0
Premier League,2025/26,2026-04-21 19:00:00,Brighton & Hove Albion,Chelsea,3.0,0.0
Premier League,2025/26,2026-04-22 19:00:00,Bournemouth,Leeds United,2.0,2.0
Premier League,2025/26,2026-04-22 19:00:00,Burnley,Manchester City,0.0,1.0
Premier League,2025/26,2026-04-24 19:00:00,Sunderland,Nottingham Forest,0.0,5.0
Premier League,2025/26,2026-04-25 11:30:00,Fulham,Aston Villa,1.0,0.0
Premier League,2025/26,2026-04-25 14:00:00,West Ham United,Everton,2.0,1.0
Premier League,2025/26,2026-04-25 14:00:00,Wolverhampton,Tottenham Hotspur,0.0,1.0
Premier League,2025/26,2026-04-25 14:00:00,Liverpool FC,Crystal Palace,3.0,1.0
Premier League,2025/26,2026-04-25 16:30:00,Arsenal,Newcastle United,1.0,0.0
Premier League,2025/26,2026-04-27 19:00:00,Manchester United,Brentford,2.0,1.0
Premier League,2025/26,2026-05-01 19:00:00,Leeds United,Burnley,3.0,1.0
Premier League,2025/26,2026-05-02 14:00:00,Wolverhampton,Sunderland,1.0,1.0
Premier League,2025/26,2026-05-02 14:00:00,Brentford,West Ham United,3.0,0.0
Premier League,2025/26,2026-05-02 14:00:00,Newcastle United,Brighton & Hove Albion,3.0,1.0
Premier League,2025/26,2026-05-02 16:30:00,Arsenal,Fulham,3.0,0.0
Premier League,2025/26,2026-05-03 13:00:00,Bournemouth,Crystal Palace,3.0,0.0
Premier League,2025/26,2026-05-03 14:30:00,Manchester United,Liverpool FC,3.0,2.0
Premier League,2025/26,2026-05-03 18:00:00,Aston Villa,Tottenham Hotspur,1.0,2.0
Premier League,2025/26,2026-05-04 14:00:00,Chelsea,Nottingham Forest,1.0,3.0
Premier League,2025/26,2026-05-04 19:00:00,Everton,Manchester City,3.0,3.0
Premier League,2025/26,2026-05-09 11:30:00,Liverpool FC,Chelsea,1.0,1.0
Premier League,2025/26,2026-03-14 15:00:00,Burnley,Bournemouth,0.0,0.0
Premier League,2025/26,2026-03-14 15:00:00,Sunderland,Brighton & Hove Albion,0.0,1.0
Premier League,2025/26,2026-03-14 17:30:00,Chelsea,Newcastle United,0.0,1.0
Premier League,2025/26,2026-03-14 17:30:00,Arsenal,Everton,2.0,0.0
Premier League,2025/26,2026-03-14 20:00:00,West Ham United,Manchester City,1.0,1.0
Premier League,2025/26,2026-03-15 14:00:00,Crystal Palace,Leeds United,0.0,0.0
Premier League,2025/26,2026-03-15 14:00:00,Nottingham Forest,Fulham,0.0,0.0
Premier League,2025/26,2026-03-15 14:00:00,Manchester United,Aston Villa,3.0,1.0
Premier League,2025/26,2026-03-15 16:30:00,Liverpool FC,Tottenham Hotspur,1.0,1.0
Premier League,2025/26,2026-03-16 20:00:00,Brentford,Wolverhampton,2.0,2.0
Premier League,2025/26,2026-03-20 20:00:00,Bournemouth,Manchester United,2.0,2.0
Premier League,2025/26,2026-03-21 12:45:00,Brighton & Hove Albion,Liverpool FC,2.0,1.0
Premier League,2025/26,2026-03-21 15:00:00,Fulham,Burnley,3.0,1.0
Premier League,2025/26,2026-03-21 15:00:00,Manchester City,Crystal Palace,,
Premier League,2025/26,2026-03-21 17:30:00,Everton,Chelsea,3.0,0.0
Premier League,2025/26,2026-03-21 20:00:00,Leeds United,Brentford,0.0,0.0
Premier League,2025/26,2026-03-22 12:00:00,Newcastle United,Sunderland,1.0,2.0
Premier League,2025/26,2026-03-22 14:15:00,Aston Villa,West Ham United,2.0,0.0
Premier League,2025/26,2026-03-22 14:15:00,Tottenham Hotspur,Nottingham Forest,0.0,3.0
Premier League,2025/26,2026-04-10 19:00:00,West Ham United,Wolverhampton,4.0,0.0
Premier League,2025/26,2026-04-11 11:30:00,Arsenal,Bournemouth,1.0,2.0
Premier League,2025/26,2026-04-11 14:00:00,Burnley,Brighton & Hove Albion,0.0,2.0
Premier League,2025/26,2026-04-11 14:00:00,Brentford,Everton,2.0,2.0
Premier League,2025/26,2026-04-11 16:30:00,Liverpool FC,Fulham,2.0,0.0
Premier League,2025/26,2026-04-12 13:00:00,Crystal Palace,Newcastle United,2.0,1.0
Premier League,2025/26,2026-04-12 13:00:00,Nottingham Forest,Aston Villa,1.0,1.0
Premier League,2025/26,2026-04-12 13:00:00,Sunderland,Tottenham Hotspur,1.0,0.0
Premier League,2025/26,2026-04-12 15:30:00,Chelsea,Manchester City,0.0,3.0
Premier League,2025/26,2026-04-13 19:00:00,Manchester United,Leeds United,1.0,2.0
Premier League,2025/26,2026-04-18 11:30:00,Brentford,Fulham,0.0,0.0
Premier League,2025/26,2026-02-21 15:00:00,Brentford,Brighton & Hove Albion,0.0,2.0
Premier League,2025/26,2026-02-21 15:00:00,Aston Villa,Leeds United,1.0,1.0
Premier League,2025/26,2026-02-21 15:00:00,Chelsea,Burnley,1.0,1.0
Premier League,2025/26,2026-02-21 17:30:00,West Ham United,Bournemouth,0.0,0.0
Premier League,2025/26,2026-02-21 20:00:00,Manchester City,Newcastle United,2.0,1.0
Premier League,2025/26,2026-02-22 14:00:00,Sunderland,Fulham,1.0,3.0
Premier League,2025/26,2026-02-22 14:00:00,Crystal Palace,Wolverhampton,1.0,0.0
Premier League,2025/26,2026-02-22 14:00:00,Nottingham Forest,Liverpool FC,0.0,1.0
Premier League,2025/26,2026-02-22 16:30:00,Tottenham Hotspur,Arsenal,1.0,4.0
Premier League,2025/26,2026-02-23 20:00:00,Everton,Manchester United,0.0,1.0
Premier League,2025/26,2026-02-27 20:00:00,Wolverhampton,Aston Villa,2.0,0.0
Premier League,2025/26,2026-02-28 12:30:00,Bournemouth,Sunderland,1.0,1.0
Premier League,2025/26,2026-02-28 15:00:00,Burnley,Brentford,3.0,4.0
Premier League,2025/26,2026-02-28 15:00:00,Newcastle United,Everton,2.0,3.0
Premier League,2025/26,2026-02-28 15:00:00,Liverpool FC,West Ham United,5.0,2.0
Premier League,2025/26,2026-02-28 17:30:00,Leeds United,Manchester City,0.0,1.0
Premier League,2025/26,2026-03-01 14:00:00,Brighton & Hove Albion,Nottingham Forest,2.0,1.0
Premier League,2025/26,2026-03-01 14:00:00,Fulham,Tottenham Hotspur,2.0,1.0
Premier League,2025/26,2026-03-01 14:00:00,Manchester United,Crystal Palace,2.0,1.0
Premier League,2025/26,2026-03-01 16:30:00,Arsenal,Chelsea,2.0,1.0
Premier League,2025/26,2026-03-03 19:30:00,Leeds United,Sunderland,0.0,1.0
Premier League,2025/26,2026-03-03 19:30:00,Everton,Burnley,2.0,0.0
Premier League,2025/26,2026-03-03 19:30:00,Bournemouth,Brentford,0.0,0.0
Premier League,2025/26,2026-03-03 20:15:00,Wolverhampton,Liverpool FC,2.0,1.0
Premier League,2025/26,2026-03-04 19:30:00,Fulham,West Ham United,0.0,1.0
Premier League,2025/26,2026-03-04 19:30:00,Aston Villa,Chelsea,1.0,4.0
Premier League,2025/26,2026-03-04 19:30:00,Brighton & Hove Albion,Arsenal,0.0,1.0
Premier League,2025/26,2026-03-04 19:30:00,Manchester City,Nottingham Forest,2.0,2.0
Premier League,2025/26,2026-03-04 20:15:00,Newcastle United,Manchester United,2.0,1.0
Premier League,2025/26,2026-03-05 20:00:00,Tottenham Hotspur,Crystal Palace,1.0,3.0
Premier League,2025/26,2026-01-31 15:00:00,Brighton & Hove Albion,Everton,1.0,1.0
Premier League,2025/26,2026-01-31 15:00:00,Leeds United,Arsenal,0.0,4.0
Premier League,2025/26,2026-01-31 17:30:00,Chelsea,West Ham United,3.0,2.0
Premier League,2025/26,2026-01-31 20:00:00,Liverpool FC,Newcastle United,4.0,1.0
Premier League,2025/26,2026-02-01 14:00:00,Nottingham Forest,Crystal Palace,1.0,1.0
Premier League,2025/26,2026-02-01 14:00:00,Aston Villa,Brentford,0.0,1.0
Premier League,2025/26,2026-02-01 14:00:00,Manchester United,Fulham,3.0,2.0
Premier League,2025/26,2026-02-01 16:30:00,Tottenham Hotspur,Manchester City,2.0,2.0
Premier League,2025/26,2026-02-02 20:00:00,Sunderland,Burnley,3.0,0.0
Premier League,2025/26,2026-02-06 20:00:00,Leeds United,Nottingham Forest,3.0,1.0
Premier League,2025/26,2026-02-07 12:30:00,Manchester United,Tottenham Hotspur,2.0,0.0
Premier League,2025/26,2026-02-07 15:00:00,Burnley,West Ham United,0.0,2.0
Premier League,2025/26,2026-02-07 15:00:00,Fulham,Everton,1.0,2.0
Premier League,2025/26,2026-02-07 15:00:00,Bournemouth,Aston Villa,1.0,1.0
Premier League,2025/26,2026-02-07 15:00:00,Wolverhampton,Chelsea,1.0,3.0
Premier League,2025/26,2026-02-07 15:00:00,Arsenal,Sunderland,3.0,0.0
Premier League,2025/26,2026-02-07 17:30:00,Newcastle United,Brentford,2.0,3.0
Premier League,2025/26,2026-02-08 14:00:00,Brighton & Hove Albion,Crystal Palace,0.0,1.0
Premier League,2025/26,2026-02-08 16:30:00,Liverpool FC,Manchester City,1.0,2.0
Premier League,2025/26,2026-02-10 19:30:00,Everton,Bournemouth,1.0,2.0
Premier League,2025/26,2026-02-10 19:30:00,Tottenham Hotspur,Newcastle United,1.0,2.0
Premier League,2025/26,2026-02-10 19:30:00,Chelsea,Leeds United,2.0,2.0
Premier League,2025/26,2026-02-10 20:15:00,West Ham United,Manchester United,1.0,1.0
Premier League,2025/26,2026-02-11 19:30:00,Crystal Palace,Burnley,2.0,3.0
Premier League,2025/26,2026-02-11 19:30:00,Nottingham Forest,Wolverhampton,0.0,0.0
Premier League,2025/26,2026-02-11 19:30:00,Aston Villa,Brighton & Hove Albion,1.0,0.0
Premier League,2025/26,2026-02-11 19:30:00,Manchester City,Fulham,3.0,0.0
Premier League,2025/26,2026-02-11 20:15:00,Sunderland,Liverpool FC,0.0,1.0
Premier League,2025/26,2026-02-12 20:00:00,Brentford,Arsenal,1.0,1.0
Premier League,2025/26,2026-02-18 20:00:00,Wolverhampton,Arsenal,2.0,2.0
Premier League,2025/26,2026-01-07 19:30:00,Brentford,Sunderland,3.0,0.0
Premier League,2025/26,2026-01-07 19:30:00,Everton,Wolverhampton,1.0,1.0
Premier League,2025/26,2026-01-07 19:30:00,Crystal Palace,Aston Villa,0.0,0.0
Premier League,2025/26,2026-01-07 19:30:00,Bournemouth,Tottenham Hotspur,3.0,2.0
Premier League,2025/26,2026-01-07 19:30:00,Fulham,Chelsea,2.0,1.0
Premier League,2025/26,2026-01-07 19:30:00,Manchester City,Brighton & Hove Albion,1.0,1.0
Premier League,2025/26,2026-01-07 20:15:00,Newcastle United,Leeds United,4.0,3.0
Premier League,2025/26,2026-01-07 20:15:00,Burnley,Manchester United,2.0,2.0
Premier League,2025/26,2026-01-08 20:00:00,Arsenal,Liverpool FC,0.0,0.0
Premier League,2025/26,2026-01-17 12:30:00,Manchester United,Manchester City,2.0,0.0
Premier League,2025/26,2026-01-17 15:00:00,Leeds United,Fulham,1.0,0.0
Premier League,2025/26,2026-01-17 15:00:00,Sunderland,Crystal Palace,2.0,1.0
Premier League,2025/26,2026-01-17 15:00:00,Tottenham Hotspur,West Ham United,1.0,2.0
Premier League,2025/26,2026-01-17 15:00:00,Chelsea,Brentford,2.0,0.0
Premier League,2025/26,2026-01-17 15:00:00,Liverpool FC,Burnley,1.0,1.0
Premier League,2025/26,2026-01-17 17:30:00,Nottingham Forest,Arsenal,0.0,0.0
Premier League,2025/26,2026-01-18 14:00:00,Wolverhampton,Newcastle United,0.0,0.0
Premier League,2025/26,2026-01-18 16:30:00,Aston Villa,Everton,0.0,1.0
Premier League,2025/26,2026-01-19 20:00:00,Brighton & Hove Albion,Bournemouth,1.0,1.0
Premier League,2025/26,2026-01-24 12:30:00,West Ham United,Sunderland,3.0,1.0
Premier League,2025/26,2026-01-24 15:00:00,Fulham,Brighton & Hove Albion,2.0,1.0
Premier League,2025/26,2026-01-24 15:00:00,Burnley,Tottenham Hotspur,2.0,2.0
Premier League,2025/26,2026-01-24 15:00:00,Manchester City,Wolverhampton,2.0,0.0
Premier League,2025/26,2026-01-24 17:30:00,Bournemouth,Liverpool FC,3.0,2.0
Premier League,2025/26,2026-01-25 14:00:00,Brentford,Nottingham Forest,0.0,2.0
Premier League,2025/26,2026-01-25 14:00:00,Newcastle United,Aston Villa,0.0,2.0
Premier League,2025/26,2026-01-25 14:00:00,Crystal Palace,Chelsea,1.0,3.0
Premier League,2025/26,2026-01-25 16:30:00,Arsenal,Manchester United,2.0,3.0
Premier League,2025/26,2026-01-26 20:00:00,Everton,Leeds United,1.0,1.0
Premier League,2025/26,2026-01-31 15:00:00,Wolverhampton,Bournemouth,0.0,2.0
Premier League,2025/26,2025-12-27 12:30:00,Nottingham Forest,Manchester City,1.0,2.0
Premier League,2025/26,2025-12-27 15:00:00,Burnley,Everton,0.0,0.0
Premier League,2025/26,2025-12-27 15:00:00,Brentford,Bournemouth,4.0,1.0
Premier League,2025/26,2025-12-27 15:00:00,West Ham United,Fulham,0.0,1.0
Premier League,2025/26,2025-12-27 15:00:00,Arsenal,Brighton & Hove Albion,2.0,1.0
Premier League,2025/26,2025-12-27 15:00:00,Liverpool FC,Wolverhampton,2.0,1.0
Premier League,2025/26,2025-12-27 17:30:00,Chelsea,Aston Villa,1.0,2.0
Premier League,2025/26,2025-12-28 14:00:00,Sunderland,Leeds United,1.0,1.0
Premier League,2025/26,2025-12-28 16:30:00,Crystal Palace,Tottenham Hotspur,0.0,1.0
Premier League,2025/26,2025-12-30 19:30:00,Nottingham Forest,Everton,0.0,2.0
Premier League,2025/26,2025-12-30 19:30:00,West Ham United,Brighton & Hove Albion,2.0,2.0
Premier League,2025/26,2025-12-30 19:30:00,Burnley,Newcastle United,1.0,3.0
Premier League,2025/26,2025-12-30 19:30:00,Chelsea,Bournemouth,2.0,2.0
Premier League,2025/26,2025-12-30 20:15:00,Manchester United,Wolverhampton,1.0,1.0
Premier League,2025/26,2025-12-30 20:15:00,Arsenal,Aston Villa,4.0,1.0
Premier League,2025/26,2026-01-01 17:30:00,Crystal Palace,Fulham,1.0,1.0
Premier League,2025/26,2026-01-01 17:30:00,Liverpool FC,Leeds United,0.0,0.0
Premier League,2025/26,2026-01-01 20:00:00,Brentford,Tottenham Hotspur,0.0,0.0
Premier League,2025/26,2026-01-01 20:00:00,Sunderland,Manchester City,0.0,0.0
Premier League,2025/26,2026-01-03 12:30:00,Aston Villa,Nottingham Forest,3.0,1.0
Premier League,2025/26,2026-01-03 15:00:00,Brighton & Hove Albion,Burnley,2.0,0.0
Premier League,2025/26,2026-01-03 15:00:00,Wolverhampton,West Ham United,3.0,0.0
Premier League,2025/26,2026-01-03 17:30:00,Bournemouth,Arsenal,2.0,3.0
Premier League,2025/26,2026-01-04 12:30:00,Leeds United,Manchester United,1.0,1.0
Premier League,2025/26,2026-01-04 15:00:00,Everton,Brentford,2.0,4.0
Premier League,2025/26,2026-01-04 15:00:00,Newcastle United,Crystal Palace,2.0,0.0
Premier League,2025/26,2026-01-04 15:00:00,Tottenham Hotspur,Sunderland,1.0,1.0
Premier League,2025/26,2026-01-04 15:15:00,Fulham,Liverpool FC,2.0,2.0
Premier League,2025/26,2026-01-04 17:30:00,Manchester City,Chelsea,1.0,1.0
Premier League,2025/26,2026-01-06 20:00:00,West Ham United,Nottingham Forest,1.0,2.0
Premier League,2025/26,2025-12-06 15:00:00,Everton,Nottingham Forest,3.0,0.0
Premier League,2025/26,2025-12-06 15:00:00,Newcastle United,Burnley,2.0,1.0
Premier League,2025/26,2025-12-06 15:00:00,Tottenham Hotspur,Brentford,2.0,0.0
Premier League,2025/26,2025-12-06 15:00:00,Bournemouth,Chelsea,0.0,0.0
Premier League,2025/26,2025-12-06 15:00:00,Manchester City,Sunderland,3.0,0.0
Premier League,2025/26,2025-12-06 17:30:00,Leeds United,Liverpool FC,3.0,3.0
Premier League,2025/26,2025-12-07 14:00:00,Brighton & Hove Albion,West Ham United,1.0,1.0
Premier League,2025/26,2025-12-07 16:30:00,Fulham,Crystal Palace,1.0,2.0
Premier League,2025/26,2025-12-08 20:00:00,Wolverhampton,Manchester United,1.0,4.0
Premier League,2025/26,2025-12-13 15:00:00,Chelsea,Everton,2.0,0.0
Premier League,2025/26,2025-12-13 15:00:00,Liverpool FC,Brighton & Hove Albion,2.0,0.0
Premier League,2025/26,2025-12-13 17:30:00,Burnley,Fulham,2.0,3.0
Premier League,2025/26,2025-12-13 20:00:00,Arsenal,Wolverhampton,2.0,1.0
Premier League,2025/26,2025-12-14 14:00:00,Sunderland,Newcastle United,1.0,0.0
Premier League,2025/26,2025-12-14 14:00:00,West Ham United,Aston Villa,2.0,3.0
Premier League,2025/26,2025-12-14 14:00:00,Nottingham Forest,Tottenham Hotspur,3.0,0.0
Premier League,2025/26,2025-12-14 14:00:00,Crystal Palace,Manchester City,0.0,3.0
Premier League,2025/26,2025-12-14 16:30:00,Brentford,Leeds United,1.0,1.0
Premier League,2025/26,2025-12-15 20:00:00,Manchester United,Bournemouth,4.0,4.0
Premier League,2025/26,2025-12-20 12:30:00,Newcastle United,Chelsea,2.0,2.0
Premier League,2025/26,2025-12-20 15:00:00,Bournemouth,Burnley,1.0,1.0
Premier League,2025/26,2025-12-20 15:00:00,Wolverhampton,Brentford,0.0,2.0
Premier League,2025/26,2025-12-20 15:00:00,Brighton & Hove Albion,Sunderland,0.0,0.0
Premier League,2025/26,2025-12-20 15:00:00,Manchester City,West Ham United,3.0,0.0
Premier League,2025/26,2025-12-20 17:30:00,Tottenham Hotspur,Liverpool FC,1.0,2.0
Premier League,2025/26,2025-12-20 20:00:00,Leeds United,Crystal Palace,4.0,1.0
Premier League,2025/26,2025-12-20 20:00:00,Everton,Arsenal,0.0,1.0
Premier League,2025/26,2025-12-21 16:30:00,Aston Villa,Manchester United,2.0,1.0
Premier League,2025/26,2025-12-22 20:00:00,Fulham,Nottingham Forest,1.0,0.0
Premier League,2025/26,2025-12-26 20:00:00,Manchester United,Newcastle United,1.0,0.0
Premier League,2025/26,2025-11-22 15:00:00,Fulham,Sunderland,1.0,0.0
Premier League,2025/26,2025-11-22 15:00:00,Wolverhampton,Crystal Palace,0.0,2.0
Premier League,2025/26,2025-11-22 15:00:00,Brighton & Hove Albion,Brentford,2.0,1.0
Premier League,2025/26,2025-11-22 15:00:00,Bournemouth,West Ham United,2.0,2.0
Premier League,2025/26,2025-11-22 15:00:00,Liverpool FC,Nottingham Forest,0.0,3.0
Premier League,2025/26,2025-11-22 17:30:00,Newcastle United,Manchester City,2.0,1.0
Premier League,2025/26,2025-11-23 14:00:00,Leeds United,Aston Villa,1.0,2.0
Premier League,2025/26,2025-11-23 16:30:00,Arsenal,Tottenham Hotspur,4.0,1.0
Premier League,2025/26,2025-11-24 20:00:00,Manchester United,Everton,0.0,1.0
Premier League,2025/26,2025-11-29 15:00:00,Brentford,Burnley,3.0,1.0
Premier League,2025/26,2025-11-29 15:00:00,Sunderland,Bournemouth,3.0,2.0
Premier League,2025/26,2025-11-29 15:00:00,Manchester City,Leeds United,3.0,2.0
Premier League,2025/26,2025-11-29 17:30:00,Everton,Newcastle United,1.0,4.0
Premier League,2025/26,2025-11-29 20:00:00,Tottenham Hotspur,Fulham,1.0,2.0
Premier League,2025/26,2025-11-30 12:00:00,Crystal Palace,Manchester United,1.0,2.0
Premier League,2025/26,2025-11-30 14:05:00,Nottingham Forest,Brighton & Hove Albion,0.0,2.0
Premier League,2025/26,2025-11-30 14:05:00,Aston Villa,Wolverhampton,1.0,0.0
Premier League,2025/26,2025-11-30 14:05:00,West Ham United,Liverpool FC,0.0,2.0
Premier League,2025/26,2025-11-30 16:30:00,Chelsea,Arsenal,1.0,1.0
Premier League,2025/26,2025-12-02 19:30:00,Bournemouth,Everton,0.0,1.0
Premier League,2025/26,2025-12-02 19:30:00,Fulham,Manchester City,4.0,5.0
Premier League,2025/26,2025-12-02 20:15:00,Newcastle United,Tottenham Hotspur,2.0,2.0
Premier League,2025/26,2025-12-03 19:30:00,Burnley,Crystal Palace,0.0,1.0
Premier League,2025/26,2025-12-03 19:30:00,Wolverhampton,Nottingham Forest,0.0,1.0
Premier League,2025/26,2025-12-03 19:30:00,Brighton & Hove Albion,Aston Villa,3.0,4.0
Premier League,2025/26,2025-12-03 19:30:00,Arsenal,Brentford,2.0,0.0
Premier League,2025/26,2025-12-03 20:15:00,Leeds United,Chelsea,3.0,1.0
Premier League,2025/26,2025-12-03 20:15:00,Liverpool FC,Sunderland,1.0,1.0
Premier League,2025/26,2025-12-04 20:00:00,Manchester United,West Ham United,1.0,1.0
Premier League,2025/26,2025-12-06 12:30:00,Aston Villa,Arsenal,2.0,1.0
Premier League,2025/26,2025-10-25 14:00:00,Newcastle United,Fulham,2.0,1.0
Premier League,2025/26,2025-10-25 14:00:00,Chelsea,Sunderland,1.0,2.0
Premier League,2025/26,2025-10-25 16:30:00,Manchester United,Brighton & Hove Albion,4.0,2.0
Premier League,2025/26,2025-10-25 19:00:00,Brentford,Liverpool FC,3.0,2.0
Premier League,2025/26,2025-10-26 14:00:00,Wolverhampton,Burnley,2.0,3.0
Premier League,2025/26,2025-10-26 14:00:00,Bournemouth,Nottingham Forest,2.0,0.0
Premier League,2025/26,2025-10-26 14:00:00,Arsenal,Crystal Palace,1.0,0.0
Premier League,2025/26,2025-10-26 14:00:00,Aston Villa,Manchester City,1.0,0.0
Premier League,2025/26,2025-10-26 16:30:00,Everton,Tottenham Hotspur,0.0,3.0
Premier League,2025/26,2025-11-01 15:00:00,Fulham,Wolverhampton,3.0,0.0
Premier League,2025/26,2025-11-01 15:00:00,Crystal Palace,Brentford,2.0,0.0
Premier League,2025/26,2025-11-01 15:00:00,Brighton & Hove Albion,Leeds United,3.0,0.0
Premier League,2025/26,2025-11-01 15:00:00,Burnley,Arsenal,0.0,2.0
Premier League,2025/26,2025-11-01 15:00:00,Nottingham Forest,Manchester United,2.0,2.0
Premier League,2025/26,2025-11-01 17:30:00,Tottenham Hotspur,Chelsea,0.0,1.0
Premier League,2025/26,2025-11-01 20:00:00,Liverpool FC,Aston Villa,2.0,0.0
Premier League,2025/26,2025-11-02 14:00:00,West Ham United,Newcastle United,3.0,1.0
Premier League,2025/26,2025-11-02 16:30:00,Manchester City,Bournemouth,3.0,1.0
Premier League,2025/26,2025-11-03 20:00:00,Sunderland,Everton,1.0,1.0
Premier League,2025/26,2025-11-08 12:30:00,Tottenham Hotspur,Manchester United,2.0,2.0
Premier League,2025/26,2025-11-08 15:00:00,Everton,Fulham,2.0,0.0
Premier League,2025/26,2025-11-08 15:00:00,West Ham United,Burnley,3.0,2.0
Premier League,2025/26,2025-11-08 17:30:00,Sunderland,Arsenal,2.0,2.0
Premier League,2025/26,2025-11-08 20:00:00,Chelsea,Wolverhampton,3.0,0.0
Premier League,2025/26,2025-11-09 14:00:00,Nottingham Forest,Leeds United,3.0,1.0
Premier League,2025/26,2025-11-09 14:00:00,Crystal Palace,Brighton & Hove Albion,0.0,0.0
Premier League,2025/26,2025-11-09 14:00:00,Aston Villa,Bournemouth,4.0,0.0
Premier League,2025/26,2025-11-09 14:00:00,Brentford,Newcastle United,3.0,1.0
Premier League,2025/26,2025-11-09 16:30:00,Manchester City,Liverpool FC,3.0,0.0
Premier League,2025/26,2025-11-22 12:30:00,Burnley,Chelsea,0.0,2.0
Premier League,2025/26,2025-09-27 14:00:00,Leeds United,Bournemouth,2.0,2.0
Premier League,2025/26,2025-09-27 14:00:00,Chelsea,Brighton & Hove Albion,1.0,3.0
Premier League,2025/26,2025-09-27 14:00:00,Crystal Palace,Liverpool FC,2.0,1.0
Premier League,2025/26,2025-09-27 14:00:00,Manchester City,Burnley,5.0,1.0
Premier League,2025/26,2025-09-27 16:30:00,Nottingham Forest,Sunderland,0.0,1.0
Premier League,2025/26,2025-09-27 19:00:00,Tottenham Hotspur,Wolverhampton,1.0,1.0
Premier League,2025/26,2025-09-28 13:00:00,Aston Villa,Fulham,3.0,1.0
Premier League,2025/26,2025-09-28 15:30:00,Newcastle United,Arsenal,1.0,2.0
Premier League,2025/26,2025-09-29 19:00:00,Everton,West Ham United,1.0,1.0
Premier League,2025/26,2025-10-03 19:00:00,Bournemouth,Fulham,3.0,1.0
Premier League,2025/26,2025-10-04 11:30:00,Leeds United,Tottenham Hotspur,1.0,2.0
Premier League,2025/26,2025-10-04 14:00:00,Arsenal,West Ham United,2.0,0.0
Premier League,2025/26,2025-10-04 14:00:00,Manchester United,Sunderland,2.0,0.0
Premier League,2025/26,2025-10-04 16:30:00,Chelsea,Liverpool FC,2.0,1.0
Premier League,2025/26,2025-10-05 13:00:00,Everton,Crystal Palace,2.0,1.0
Premier League,2025/26,2025-10-05 13:00:00,Wolverhampton,Brighton & Hove Albion,1.0,1.0
Premier League,2025/26,2025-10-05 13:00:00,Aston Villa,Burnley,2.0,1.0
Premier League,2025/26,2025-10-05 13:00:00,Newcastle United,Nottingham Forest,2.0,0.0
Premier League,2025/26,2025-10-05 15:30:00,Brentford,Manchester City,0.0,1.0
Premier League,2025/26,2025-10-18 11:30:00,Nottingham Forest,Chelsea,0.0,3.0
Premier League,2025/26,2025-10-18 14:00:00,Burnley,Leeds United,2.0,0.0
Premier League,2025/26,2025-10-18 14:00:00,Sunderland,Wolverhampton,2.0,0.0
Premier League,2025/26,2025-10-18 14:00:00,Crystal Palace,Bournemouth,3.0,3.0
Premier League,2025/26,2025-10-18 14:00:00,Brighton & Hove Albion,Newcastle United,2.0,1.0
Premier League,2025/26,2025-10-18 14:00:00,Manchester City,Everton,2.0,0.0
Premier League,2025/26,2025-10-18 16:30:00,Fulham,Arsenal,0.0,1.0
Premier League,2025/26,2025-10-19 13:00:00,Tottenham Hotspur,Aston Villa,1.0,2.0
Premier League,2025/26,2025-10-19 15:30:00,Liverpool FC,Manchester United,1.0,2.0
Premier League,2025/26,2025-10-20 19:00:00,West Ham United,Brentford,0.0,2.0
Premier League,2025/26,2025-10-24 19:00:00,Leeds United,West Ham United,2.0,1.0
Premier League,2025/26,2025-08-30 14:00:00,Sunderland,Brentford,2.0,1.0
Premier League,2025/26,2025-08-30 14:00:00,Wolverhampton,Everton,2.0,3.0
Premier League,2025/26,2025-08-30 14:00:00,Tottenham Hotspur,Bournemouth,0.0,1.0
Premier League,2025/26,2025-08-30 14:00:00,Manchester United,Burnley,3.0,2.0
Premier League,2025/26,2025-08-30 16:30:00,Leeds United,Newcastle United,0.0,0.0
Premier League,2025/26,2025-08-31 13:00:00,Nottingham Forest,West Ham United,0.0,3.0
Premier League,2025/26,2025-08-31 13:00:00,Brighton & Hove Albion,Manchester City,2.0,1.0
Premier League,2025/26,2025-08-31 15:30:00,Liverpool FC,Arsenal,1.0,0.0
Premier League,2025/26,2025-08-31 18:00:00,Aston Villa,Crystal Palace,0.0,3.0
Premier League,2025/26,2025-09-13 11:30:00,Arsenal,Nottingham Forest,3.0,0.0
Premier League,2025/26,2025-09-13 14:00:00,Fulham,Leeds United,1.0,0.0
Premier League,2025/26,2025-09-13 14:00:00,Crystal Palace,Sunderland,0.0,0.0
Premier League,2025/26,2025-09-13 14:00:00,Bournemouth,Brighton & Hove Albion,2.0,1.0
Premier League,2025/26,2025-09-13 14:00:00,Newcastle United,Wolverhampton,1.0,0.0
Premier League,2025/26,2025-09-13 14:00:00,Everton,Aston Villa,0.0,0.0
Premier League,2025/26,2025-09-13 16:30:00,West Ham United,Tottenham Hotspur,0.0,3.0
Premier League,2025/26,2025-09-13 19:00:00,Brentford,Chelsea,2.0,2.0
Premier League,2025/26,2025-09-14 13:00:00,Burnley,Liverpool FC,0.0,1.0
Premier League,2025/26,2025-09-14 15:30:00,Manchester City,Manchester United,3.0,0.0
Premier League,2025/26,2025-09-20 11:30:00,Liverpool FC,Everton,2.0,1.0
Premier League,2025/26,2025-09-20 14:00:00,Wolverhampton,Leeds United,1.0,3.0
Premier League,2025/26,2025-09-20 14:00:00,Burnley,Nottingham Forest,1.0,1.0
Premier League,2025/26,2025-09-20 14:00:00,West Ham United,Crystal Palace,1.0,2.0
Premier League,2025/26,2025-09-20 14:00:00,Brighton & Hove Albion,Tottenham Hotspur,2.0,2.0
Premier League,2025/26,2025-09-20 16:30:00,Manchester United,Chelsea,2.0,1.0
Premier League,2025/26,2025-09-20 19:00:00,Fulham,Brentford,3.0,1.0
Premier League,2025/26,2025-09-21 13:00:00,Sunderland,Aston Villa,1.0,1.0
Premier League,2025/26,2025-09-21 13:00:00,Bournemouth,Newcastle United,0.0,0.0
Premier League,2025/26,2025-09-21 15:30:00,Arsenal,Manchester City,1.0,1.0
Premier League,2025/26,2025-09-27 11:30:00,Brentford,Manchester United,3.0,1.0
Premier League,2025/26,2025-08-15 19:00:00,Liverpool FC,Bournemouth,4.0,2.0
Premier League,2025/26,2025-08-16 11:30:00,Aston Villa,Newcastle United,0.0,0.0
Premier League,2025/26,2025-08-16 14:00:00,Sunderland,West Ham United,3.0,0.0
Premier League,2025/26,2025-08-16 14:00:00,Brighton & Hove Albion,Fulham,1.0,1.0
Premier League,2025/26,2025-08-16 14:00:00,Tottenham Hotspur,Burnley,3.0,0.0
Premier League,2025/26,2025-08-16 16:30:00,Wolverhampton,Manchester City,0.0,4.0
Premier League,2025/26,2025-08-17 13:00:00,Nottingham Forest,Brentford,3.0,1.0
Premier League,2025/26,2025-08-17 13:00:00,Chelsea,Crystal Palace,0.0,0.0
Premier League,2025/26,2025-08-17 15:30:00,Manchester United,Arsenal,0.0,1.0
Premier League,2025/26,2025-08-18 19:00:00,Leeds United,Everton,1.0,0.0
Premier League,2025/26,2025-08-22 19:00:00,West Ham United,Chelsea,1.0,5.0
Premier League,2025/26,2025-08-23 11:30:00,Manchester City,Tottenham Hotspur,0.0,2.0
Premier League,2025/26,2025-08-23 14:00:00,Burnley,Sunderland,2.0,0.0
Premier League,2025/26,2025-08-23 14:00:00,Bournemouth,Wolverhampton,1.0,0.0
Premier League,2025/26,2025-08-23 14:00:00,Brentford,Aston Villa,1.0,0.0
Premier League,2025/26,2025-08-23 16:30:00,Arsenal,Leeds United,5.0,0.0
Premier League,2025/26,2025-08-24 13:00:00,Crystal Palace,Nottingham Forest,1.0,1.0
Premier League,2025/26,2025-08-24 13:00:00,Everton,Brighton & Hove Albion,2.0,0.0
Premier League,2025/26,2025-08-24 15:30:00,Fulham,Manchester United,1.0,1.0
Premier League,2025/26,2025-08-25 19:00:00,Newcastle United,Liverpool FC,2.0,3.0
Premier League,2025/26,2025-08-30 11:30:00,Chelsea,Fulham,2.0,0.0
La Liga,2026/27,2026-08-30 17:30:00,Deportivo de A Coruña,Valencia,3.0,1.0
La Liga,2026/27,2026-08-30 19:30:00,Celta Vigo,Athletic Club,0.0,2.0
La Liga,2026/27,2026-08-31 17:30:00,Osasuna,Getafe,1.0,0.0
La Liga,2026/27,2026-08-31 19:30:00,FC Barcelona,Rayo Vallecano,5.0,2.0
La Liga,2026/27,2026-09-03 19:00:00,Real Sociedad,Celta Vigo,0.0,0.0
La Liga,2026/27,2026-09-04 19:00:00,Real Betis,Real Madrid,1.0,0.0
La Liga,2026/27,2026-09-05 14:15:00,Athletic Club,Atlético Madrid,3.0,0.0
La Liga,2026/27,2026-09-05 16:30:00,Rayo Vallecano,Real Racing Club,3.0,2.0
La Liga,2026/27,2026-09-05 19:00:00,Villarreal,Deportivo de A Coruña,2.0,3.0
La Liga,2026/27,2026-09-06 14:15:00,Valencia,FC Barcelona,0.0,5.0
La Liga,2026/27,2026-09-06 16:30:00,Málaga CF,Levante UD,0.0,0.0
La Liga,2026/27,2026-09-06 16:30:00,Deportivo Alavés,Osasuna,5.0,2.0
La Liga,2026/27,2026-09-06 19:00:00,Espanyol,Sevilla,1.0,1.0
La Liga,2026/27,2026-09-07 17:00:00,Getafe,Celta Vigo,1.0,1.0
La Liga,2026/27,2026-09-07 19:30:00,Elche,Real Sociedad,2.0,3.0
La Liga,2026/27,2026-09-11 19:00:00,Sevilla,Valencia,1.0,0.0
La Liga,2026/27,2026-09-12 12:00:00,Real Racing Club,Deportivo Alavés,2.0,1.0
La Liga,2026/27,2026-09-12 14:15:00,Osasuna,Espanyol,0.0,2.0
La Liga,2026/27,2026-09-12 16:30:00,Athletic Club,Elche,1.0,1.0
La Liga,2026/27,2026-09-12 19:00:00,Real Madrid,Rayo Vallecano,4.0,1.0
La Liga,2026/27,2026-09-13 12:00:00,Celta Vigo,Málaga CF,1.0,1.0
La Liga,2026/27,2026-09-13 14:15:00,Levante UD,FC Barcelona,2.0,4.0
La Liga,2026/27,2026-09-13 16:30:00,Getafe,Deportivo de A Coruña,1.0,1.0
La Liga,2026/27,2026-09-13 19:00:00,Real Sociedad,Atlético Madrid,0.0,3.0
La Liga,2026/27,2026-09-14 19:00:00,Villarreal,Real Betis,1.0,2.0
La Liga,2026/27,2026-09-15 17:00:00,Rayo Vallecano,Espanyol,2.0,1.0
La Liga,2026/27,2026-09-15 18:00:00,Deportivo Alavés,Valencia,0.0,1.0
La Liga,2026/27,2026-09-15 19:30:00,Elche,Real Madrid,2.0,3.0
La Liga,2026/27,2026-09-16 17:00:00,Deportivo de A Coruña,Sevilla,0.0,1.0
La Liga,2026/27,2026-09-16 17:00:00,Atlético Madrid,Osasuna,4.0,0.0
La Liga,2026/27,2026-08-15 17:30:00,Deportivo Alavés,Getafe,3.0,0.0
La Liga,2026/27,2026-08-15 19:30:00,Sevilla,Rayo Vallecano,2.0,1.0
La Liga,2026/27,2026-08-16 15:00:00,Real Racing Club,Villarreal,2.0,2.0
La Liga,2026/27,2026-08-16 17:00:00,Espanyol,Levante UD,3.0,0.0
La Liga,2026/27,2026-08-17 19:00:00,Deportivo de A Coruña,Elche,1.0,1.0
La Liga,2026/27,2026-08-19 19:00:00,Atlético Madrid,Málaga CF,2.0,0.0
La Liga,2026/27,2026-08-20 19:00:00,Rayo Vallecano,Deportivo Alavés,1.0,1.0
La Liga,2026/27,2026-08-21 19:00:00,Real Betis,Real Sociedad,1.0,0.0
La Liga,2026/27,2026-08-22 15:00:00,Athletic Club,Sevilla,1.0,3.0
La Liga,2026/27,2026-08-22 17:30:00,Valencia,Celta Vigo,0.0,0.0
La Liga,2026/27,2026-08-22 19:30:00,Espanyol,Real Madrid,1.0,2.0
La Liga,2026/27,2026-08-23 15:00:00,Atlético Madrid,Villarreal,2.0,2.0
La Liga,2026/27,2026-08-23 17:30:00,Getafe,Real Racing Club,1.0,0.0
La Liga,2026/27,2026-08-23 19:30:00,Elche,FC Barcelona,0.0,5.0
La Liga,2026/27,2026-08-24 17:30:00,Osasuna,Levante UD,0.0,0.0
La Liga,2026/27,2026-08-24 19:30:00,Málaga CF,Deportivo de A Coruña,1.0,1.0
La Liga,2026/27,2026-08-25 19:00:00,Valencia,Real Betis,0.0,1.0
La Liga,2026/27,2026-08-26 19:00:00,Real Madrid,Real Sociedad,4.0,1.0
La Liga,2026/27,2026-08-27 18:30:00,Celta Vigo,Osasuna,1.0,2.0
La Liga,2026/27,2026-08-27 19:00:00,FC Barcelona,Athletic Club,2.0,0.0
La Liga,2026/27,2026-08-28 17:00:00,Real Racing Club,Elche,3.0,2.0
La Liga,2026/27,2026-08-28 19:30:00,Deportivo Alavés,Villarreal,1.0,0.0
La Liga,2026/27,2026-08-29 15:00:00,Levante UD,Real Betis,5.0,2.0
La Liga,2026/27,2026-08-29 17:00:00,Real Sociedad,Espanyol,2.0,1.0
La Liga,2026/27,2026-08-29 19:30:00,Sevilla,Atlético Madrid,1.0,3.0
La Liga,2026/27,2026-08-30 15:00:00,Real Madrid,Málaga CF,4.0,0.0
La Liga,2025/26,2026-05-12 17:00:00,Celta Vigo,Levante UD,2.0,3.0
La Liga,2025/26,2026-05-12 18:00:00,Real Betis,Elche,2.0,1.0
La Liga,2025/26,2026-05-12 19:30:00,Osasuna,Atlético Madrid,1.0,2.0
La Liga,2025/26,2026-05-13 17:00:00,Espanyol,Athletic Club,2.0,0.0
La Liga,2025/26,2026-05-13 17:00:00,Villarreal,Sevilla,2.0,3.0
La Liga,2025/26,2026-05-13 19:30:00,Getafe,Mallorca,3.0,1.0
La Liga,2025/26,2026-05-13 19:30:00,Deportivo Alavés,FC Barcelona,1.0,0.0
La Liga,2025/26,2026-05-14 17:00:00,Valencia,Rayo Vallecano,1.0,1.0
La Liga,2025/26,2026-05-14 18:00:00,Girona FC,Real Sociedad,1.0,1.0
La Liga,2025/26,2026-05-14 19:30:00,Real Madrid,Real Oviedo,2.0,0.0
La Liga,2025/26,2026-05-17 17:00:00,Real Oviedo,Deportivo Alavés,0.0,1.0
La Liga,2025/26,2026-05-17 17:00:00,Elche,Getafe,1.0,0.0
La Liga,2025/26,2026-05-17 17:00:00,Levante UD,Mallorca,2.0,0.0
La Liga,2025/26,2026-05-17 17:00:00,Osasuna,Espanyol,1.0,2.0
La Liga,2025/26,2026-05-17 17:00:00,Real Sociedad,Valencia,3.0,4.0
La Liga,2025/26,2026-05-17 17:00:00,Rayo Vallecano,Villarreal,2.0,0.0
La Liga,2025/26,2026-05-17 17:00:00,Athletic Club,Celta Vigo,1.0,1.0
La Liga,2025/26,2026-05-17 17:00:00,Atlético Madrid,Girona FC,1.0,0.0
La Liga,2025/26,2026-05-17 17:00:00,Sevilla,Real Madrid,0.0,1.0
La Liga,2025/26,2026-05-17 19:15:00,FC Barcelona,Real Betis,3.0,1.0
La Liga,2025/26,2026-05-23 19:00:00,Mallorca,Real Oviedo,3.0,0.0
La Liga,2025/26,2026-05-23 19:00:00,Deportivo Alavés,Rayo Vallecano,1.0,2.0
La Liga,2025/26,2026-05-23 19:00:00,Getafe,Osasuna,1.0,0.0
La Liga,2025/26,2026-05-23 19:00:00,Girona FC,Elche,1.0,1.0
La Liga,2025/26,2026-05-23 19:00:00,Espanyol,Real Sociedad,1.0,1.0
La Liga,2025/26,2026-05-23 19:00:00,Celta Vigo,Sevilla,1.0,0.0
La Liga,2025/26,2026-05-23 19:00:00,Real Betis,Levante UD,2.0,1.0
La Liga,2025/26,2026-05-23 19:00:00,Valencia,FC Barcelona,3.0,1.0
La Liga,2025/26,2026-05-23 19:00:00,Real Madrid,Athletic Club,4.0,2.0
La Liga,2025/26,2026-05-24 19:00:00,Villarreal,Atlético Madrid,5.0,1.0
La Liga,2025/26,2026-04-24 19:00:00,Real Betis,Real Madrid,1.0,1.0
La Liga,2025/26,2026-04-25 12:00:00,Deportivo Alavés,Mallorca,2.0,1.0
La Liga,2025/26,2026-04-25 14:15:00,Getafe,FC Barcelona,0.0,2.0
La Liga,2025/26,2026-04-25 16:30:00,Valencia,Girona FC,2.0,1.0
La Liga,2025/26,2026-04-25 19:00:00,Atlético Madrid,Athletic Club,3.0,2.0
La Liga,2025/26,2026-04-26 12:00:00,Rayo Vallecano,Real Sociedad,3.0,3.0
La Liga,2025/26,2026-04-26 14:15:00,Real Oviedo,Elche,1.0,2.0
La Liga,2025/26,2026-04-26 16:30:00,Osasuna,Sevilla,2.0,1.0
La Liga,2025/26,2026-04-26 19:00:00,Villarreal,Celta Vigo,2.0,1.0
La Liga,2025/26,2026-04-27 19:00:00,Espanyol,Levante UD,0.0,0.0
La Liga,2025/26,2026-05-01 19:00:00,Girona FC,Mallorca,0.0,1.0
La Liga,2025/26,2026-05-02 12:00:00,Villarreal,Levante UD,5.0,1.0
La Liga,2025/26,2026-05-02 14:15:00,Valencia,Atlético Madrid,0.0,2.0
La Liga,2025/26,2026-05-02 16:30:00,Deportivo Alavés,Athletic Club,2.0,4.0
La Liga,2025/26,2026-05-02 19:00:00,Osasuna,FC Barcelona,1.0,2.0
La Liga,2025/26,2026-05-03 12:00:00,Celta Vigo,Elche,3.0,1.0
La Liga,2025/26,2026-05-03 14:15:00,Getafe,Rayo Vallecano,0.0,2.0
La Liga,2025/26,2026-05-03 16:30:00,Real Betis,Real Oviedo,3.0,0.0
La Liga,2025/26,2026-05-03 19:00:00,Espanyol,Real Madrid,0.0,2.0
La Liga,2025/26,2026-05-04 19:00:00,Sevilla,Real Sociedad,1.0,0.0
La Liga,2025/26,2026-05-08 19:00:00,Levante UD,Osasuna,3.0,2.0
La Liga,2025/26,2026-05-09 12:00:00,Elche,Deportivo Alavés,1.0,1.0
La Liga,2025/26,2026-05-09 14:15:00,Sevilla,Espanyol,2.0,1.0
La Liga,2025/26,2026-05-09 16:30:00,Atlético Madrid,Celta Vigo,0.0,1.0
La Liga,2025/26,2026-05-09 19:00:00,Real Sociedad,Real Betis,2.0,2.0
La Liga,2025/26,2026-05-10 12:00:00,Mallorca,Villarreal,1.0,1.0
La Liga,2025/26,2026-05-10 14:15:00,Athletic Club,Valencia,0.0,1.0
La Liga,2025/26,2026-05-10 16:30:00,Real Oviedo,Getafe,0.0,0.0
La Liga,2025/26,2026-05-10 19:00:00,FC Barcelona,Real Madrid,2.0,0.0
La Liga,2025/26,2026-05-11 19:00:00,Rayo Vallecano,Girona FC,1.0,1.0
La Liga,2025/26,2026-04-03 19:00:00,Rayo Vallecano,Elche,1.0,0.0
La Liga,2025/26,2026-04-04 12:00:00,Real Sociedad,Levante UD,2.0,0.0
La Liga,2025/26,2026-04-04 14:15:00,Mallorca,Real Madrid,2.0,1.0
La Liga,2025/26,2026-04-04 16:30:00,Real Betis,Espanyol,0.0,0.0
La Liga,2025/26,2026-04-04 19:00:00,Atlético Madrid,FC Barcelona,1.0,2.0
La Liga,2025/26,2026-04-05 12:00:00,Getafe,Athletic Club,2.0,0.0
La Liga,2025/26,2026-04-05 14:15:00,Valencia,Celta Vigo,2.0,3.0
La Liga,2025/26,2026-04-05 16:30:00,Real Oviedo,Sevilla,1.0,0.0
La Liga,2025/26,2026-04-05 19:00:00,Deportivo Alavés,Osasuna,2.0,2.0
La Liga,2025/26,2026-04-06 19:00:00,Girona FC,Villarreal,1.0,0.0
La Liga,2025/26,2026-04-10 19:00:00,Real Madrid,Girona FC,1.0,1.0
La Liga,2025/26,2026-04-11 12:00:00,Real Sociedad,Deportivo Alavés,3.0,3.0
La Liga,2025/26,2026-04-11 14:15:00,Elche,Valencia,1.0,0.0
La Liga,2025/26,2026-04-11 16:30:00,FC Barcelona,Espanyol,4.0,1.0
La Liga,2025/26,2026-04-11 19:00:00,Sevilla,Atlético Madrid,2.0,1.0
La Liga,2025/26,2026-04-12 12:00:00,Osasuna,Real Betis,1.0,1.0
La Liga,2025/26,2026-04-12 14:15:00,Mallorca,Rayo Vallecano,3.0,0.0
La Liga,2025/26,2026-04-12 16:30:00,Celta Vigo,Real Oviedo,0.0,3.0
La Liga,2025/26,2026-04-12 19:00:00,Athletic Club,Villarreal,1.0,2.0
La Liga,2025/26,2026-04-13 19:00:00,Levante UD,Getafe,1.0,0.0
La Liga,2025/26,2026-04-21 17:00:00,Mallorca,Valencia,1.0,1.0
La Liga,2025/26,2026-04-21 17:00:00,Athletic Club,Osasuna,1.0,0.0
La Liga,2025/26,2026-04-21 19:30:00,Girona FC,Real Betis,2.0,3.0
La Liga,2025/26,2026-04-21 19:30:00,Real Madrid,Deportivo Alavés,2.0,1.0
La Liga,2025/26,2026-04-22 17:00:00,Elche,Atlético Madrid,3.0,2.0
La Liga,2025/26,2026-04-22 18:00:00,Real Sociedad,Getafe,0.0,1.0
La Liga,2025/26,2026-04-22 19:30:00,FC Barcelona,Celta Vigo,1.0,0.0
La Liga,2025/26,2026-04-23 17:00:00,Levante UD,Sevilla,2.0,0.0
La Liga,2025/26,2026-04-23 18:00:00,Rayo Vallecano,Espanyol,1.0,0.0
La Liga,2025/26,2026-04-23 19:30:00,Real Oviedo,Villarreal,1.0,1.0
La Liga,2025/26,2026-03-06 20:00:00,Celta Vigo,Real Madrid,1.0,2.0
La Liga,2025/26,2026-03-07 13:00:00,Osasuna,Mallorca,2.0,2.0
La Liga,2025/26,2026-03-07 15:15:00,Levante UD,Girona FC,1.0,1.0
La Liga,2025/26,2026-03-07 17:30:00,Atlético Madrid,Real Sociedad,3.0,2.0
La Liga,2025/26,2026-03-07 20:00:00,Athletic Club,FC Barcelona,0.0,1.0
La Liga,2025/26,2026-03-08 13:00:00,Villarreal,Elche,2.0,1.0
La Liga,2025/26,2026-03-08 15:15:00,Getafe,Real Betis,2.0,0.0
La Liga,2025/26,2026-03-08 17:30:00,Sevilla,Rayo Vallecano,1.0,1.0
La Liga,2025/26,2026-03-08 20:00:00,Valencia,Deportivo Alavés,3.0,2.0
La Liga,2025/26,2026-03-09 20:00:00,Espanyol,Real Oviedo,1.0,1.0
La Liga,2025/26,2026-03-13 20:00:00,Deportivo Alavés,Villarreal,1.0,1.0
La Liga,2025/26,2026-03-14 13:00:00,Girona FC,Athletic Club,3.0,0.0
La Liga,2025/26,2026-03-14 15:15:00,Atlético Madrid,Getafe,1.0,0.0
La Liga,2025/26,2026-03-14 17:30:00,Real Oviedo,Valencia,1.0,0.0
La Liga,2025/26,2026-03-14 20:00:00,Real Madrid,Elche,4.0,1.0
La Liga,2025/26,2026-03-15 13:00:00,Mallorca,Espanyol,2.0,1.0
La Liga,2025/26,2026-03-15 15:15:00,FC Barcelona,Sevilla,5.0,2.0
La Liga,2025/26,2026-03-15 17:30:00,Real Betis,Celta Vigo,1.0,1.0
La Liga,2025/26,2026-03-15 20:00:00,Real Sociedad,Osasuna,3.0,1.0
La Liga,2025/26,2026-03-16 20:00:00,Rayo Vallecano,Levante UD,1.0,1.0
La Liga,2025/26,2026-03-20 20:00:00,Villarreal,Real Sociedad,3.0,1.0
La Liga,2025/26,2026-03-21 13:00:00,Elche,Mallorca,2.0,1.0
La Liga,2025/26,2026-03-21 15:15:00,Espanyol,Getafe,1.0,2.0
La Liga,2025/26,2026-03-21 17:30:00,Levante UD,Real Oviedo,4.0,2.0
La Liga,2025/26,2026-03-21 17:30:00,Osasuna,Girona FC,1.0,0.0
La Liga,2025/26,2026-03-21 20:00:00,Sevilla,Valencia,0.0,2.0
La Liga,2025/26,2026-03-22 13:00:00,FC Barcelona,Rayo Vallecano,1.0,0.0
La Liga,2025/26,2026-03-22 15:15:00,Celta Vigo,Deportivo Alavés,3.0,4.0
La Liga,2025/26,2026-03-22 17:30:00,Athletic Club,Real Betis,2.0,1.0
La Liga,2025/26,2026-03-22 20:00:00,Real Madrid,Atlético Madrid,3.0,2.0
La Liga,2025/26,2026-02-14 15:15:00,Getafe,Villarreal,2.0,1.0
La Liga,2025/26,2026-02-14 17:30:00,Sevilla,Deportivo Alavés,1.0,1.0
La Liga,2025/26,2026-02-14 20:00:00,Real Madrid,Real Sociedad,4.0,1.0
La Liga,2025/26,2026-02-15 13:00:00,Real Oviedo,Athletic Club,1.0,2.0
La Liga,2025/26,2026-02-15 15:15:00,Rayo Vallecano,Atlético Madrid,3.0,0.0
La Liga,2025/26,2026-02-15 17:30:00,Levante UD,Valencia,0.0,2.0
La Liga,2025/26,2026-02-15 20:00:00,Mallorca,Real Betis,1.0,2.0
La Liga,2025/26,2026-02-16 20:00:00,Girona FC,FC Barcelona,2.0,1.0
La Liga,2025/26,2026-02-18 19:00:00,Levante UD,Villarreal,0.0,1.0
La Liga,2025/26,2026-02-20 20:00:00,Athletic Club,Elche,2.0,1.0
La Liga,2025/26,2026-02-21 13:00:00,Real Sociedad,Real Oviedo,3.0,3.0
La Liga,2025/26,2026-02-21 15:15:00,Real Betis,Rayo Vallecano,1.0,1.0
La Liga,2025/26,2026-02-21 17:30:00,Osasuna,Real Madrid,2.0,1.0
La Liga,2025/26,2026-02-21 20:00:00,Atlético Madrid,Espanyol,4.0,2.0
La Liga,2025/26,2026-02-22 13:00:00,Getafe,Sevilla,0.0,1.0
La Liga,2025/26,2026-02-22 15:15:00,FC Barcelona,Levante UD,3.0,0.0
La Liga,2025/26,2026-02-22 17:30:00,Celta Vigo,Mallorca,2.0,0.0
La Liga,2025/26,2026-02-22 20:00:00,Villarreal,Valencia,2.0,1.0
La Liga,2025/26,2026-02-23 20:00:00,Deportivo Alavés,Girona FC,2.0,2.0
La Liga,2025/26,2026-02-27 20:00:00,Levante UD,Deportivo Alavés,2.0,0.0
La Liga,2025/26,2026-02-28 13:00:00,Rayo Vallecano,Athletic Club,1.0,1.0
La Liga,2025/26,2026-02-28 15:15:00,FC Barcelona,Villarreal,4.0,1.0
La Liga,2025/26,2026-02-28 17:30:00,Mallorca,Real Sociedad,0.0,1.0
La Liga,2025/26,2026-02-28 20:00:00,Real Oviedo,Atlético Madrid,0.0,1.0
La Liga,2025/26,2026-03-01 13:00:00,Elche,Espanyol,2.0,2.0
La Liga,2025/26,2026-03-01 15:15:00,Valencia,Osasuna,1.0,0.0
La Liga,2025/26,2026-03-01 17:30:00,Real Betis,Sevilla,2.0,2.0
La Liga,2025/26,2026-03-01 20:00:00,Girona FC,Celta Vigo,1.0,2.0
La Liga,2025/26,2026-03-02 20:00:00,Real Madrid,Getafe,0.0,1.0
La Liga,2025/26,2026-03-04 18:00:00,Rayo Vallecano,Real Oviedo,3.0,0.0
La Liga,2025/26,2026-01-24 15:15:00,Valencia,Espanyol,3.0,2.0
La Liga,2025/26,2026-01-24 17:30:00,Sevilla,Athletic Club,2.0,1.0
La Liga,2025/26,2026-01-24 20:00:00,Villarreal,Real Madrid,0.0,2.0
La Liga,2025/26,2026-01-25 13:00:00,Atlético Madrid,Mallorca,3.0,0.0
La Liga,2025/26,2026-01-25 15:15:00,FC Barcelona,Real Oviedo,3.0,0.0
La Liga,2025/26,2026-01-25 17:30:00,Real Sociedad,Celta Vigo,3.0,1.0
La Liga,2025/26,2026-01-25 20:00:00,Deportivo Alavés,Real Betis,2.0,1.0
La Liga,2025/26,2026-01-26 20:00:00,Girona FC,Getafe,1.0,1.0
La Liga,2025/26,2026-01-30 20:00:00,Espanyol,Deportivo Alavés,1.0,2.0
La Liga,2025/26,2026-01-31 13:00:00,Real Oviedo,Girona FC,1.0,0.0
La Liga,2025/26,2026-01-31 15:15:00,Osasuna,Villarreal,2.0,2.0
La Liga,2025/26,2026-01-31 17:30:00,Levante UD,Atlético Madrid,0.0,0.0
La Liga,2025/26,2026-01-31 20:00:00,Elche,FC Barcelona,1.0,3.0
La Liga,2025/26,2026-02-01 13:00:00,Real Madrid,Rayo Vallecano,2.0,1.0
La Liga,2025/26,2026-02-01 15:15:00,Real Betis,Valencia,2.0,1.0
La Liga,2025/26,2026-02-01 17:30:00,Getafe,Celta Vigo,0.0,0.0
La Liga,2025/26,2026-02-01 20:00:00,Athletic Club,Real Sociedad,1.0,1.0
La Liga,2025/26,2026-02-02 20:00:00,Mallorca,Sevilla,4.0,1.0
La Liga,2025/26,2026-02-06 20:00:00,Celta Vigo,Osasuna,1.0,2.0
La Liga,2025/26,2026-02-07 13:00:00,Rayo Vallecano,Real Oviedo,,
La Liga,2025/26,2026-02-07 15:15:00,FC Barcelona,Mallorca,3.0,0.0
La Liga,2025/26,2026-02-07 20:00:00,Real Sociedad,Elche,3.0,1.0
La Liga,2025/26,2026-02-08 13:00:00,Deportivo Alavés,Getafe,0.0,2.0
La Liga,2025/26,2026-02-08 15:15:00,Athletic Club,Levante UD,4.0,2.0
La Liga,2025/26,2026-02-08 15:15:00,Sevilla,Girona FC,1.0,1.0
La Liga,2025/26,2026-02-08 17:30:00,Atlético Madrid,Real Betis,0.0,1.0
La Liga,2025/26,2026-02-08 20:00:00,Valencia,Real Madrid,0.0,2.0
La Liga,2025/26,2026-02-09 20:00:00,Villarreal,Espanyol,4.0,1.0
La Liga,2025/26,2026-02-13 20:00:00,Elche,Osasuna,0.0,0.0
La Liga,2025/26,2026-02-14 13:00:00,Espanyol,Celta Vigo,2.0,2.0
La Liga,2025/26,2026-01-02 20:00:00,Rayo Vallecano,Getafe,1.0,1.0
La Liga,2025/26,2026-01-03 13:00:00,Celta Vigo,Valencia,4.0,1.0
La Liga,2025/26,2026-01-03 15:15:00,Osasuna,Athletic Club,1.0,1.0
La Liga,2025/26,2026-01-03 17:30:00,Elche,Villarreal,1.0,3.0
La Liga,2025/26,2026-01-03 20:00:00,Espanyol,FC Barcelona,0.0,2.0
La Liga,2025/26,2026-01-04 13:00:00,Sevilla,Levante UD,0.0,3.0
La Liga,2025/26,2026-01-04 15:15:00,Real Madrid,Real Betis,5.0,1.0
La Liga,2025/26,2026-01-04 17:30:00,Deportivo Alavés,Real Oviedo,1.0,1.0
La Liga,2025/26,2026-01-04 17:30:00,Mallorca,Girona FC,1.0,2.0
La Liga,2025/26,2026-01-04 20:00:00,Real Sociedad,Atlético Madrid,1.0,1.0
La Liga,2025/26,2026-01-09 20:00:00,Getafe,Real Sociedad,1.0,2.0
La Liga,2025/26,2026-01-10 13:00:00,Real Oviedo,Real Betis,1.0,1.0
La Liga,2025/26,2026-01-10 15:15:00,Villarreal,Deportivo Alavés,3.0,1.0
La Liga,2025/26,2026-01-10 17:30:00,Girona FC,Osasuna,1.0,0.0
La Liga,2025/26,2026-01-10 20:00:00,Valencia,Elche,1.0,1.0
La Liga,2025/26,2026-01-11 13:00:00,Rayo Vallecano,Mallorca,2.0,1.0
La Liga,2025/26,2026-01-11 15:15:00,Levante UD,Espanyol,1.0,1.0
La Liga,2025/26,2026-01-12 20:00:00,Sevilla,Celta Vigo,0.0,1.0
La Liga,2025/26,2026-01-16 20:00:00,Espanyol,Girona FC,0.0,2.0
La Liga,2025/26,2026-01-17 13:00:00,Real Madrid,Levante UD,2.0,0.0
La Liga,2025/26,2026-01-17 15:15:00,Mallorca,Athletic Club,3.0,2.0
La Liga,2025/26,2026-01-17 17:30:00,Osasuna,Real Oviedo,3.0,2.0
La Liga,2025/26,2026-01-17 20:00:00,Real Betis,Villarreal,2.0,0.0
La Liga,2025/26,2026-01-18 13:00:00,Getafe,Valencia,0.0,1.0
La Liga,2025/26,2026-01-18 15:15:00,Atlético Madrid,Deportivo Alavés,1.0,0.0
La Liga,2025/26,2026-01-18 17:30:00,Celta Vigo,Rayo Vallecano,3.0,0.0
La Liga,2025/26,2026-01-18 20:00:00,Real Sociedad,FC Barcelona,2.0,1.0
La Liga,2025/26,2026-01-19 20:00:00,Elche,Sevilla,2.0,2.0
La Liga,2025/26,2026-01-23 20:00:00,Levante UD,Elche,3.0,2.0
La Liga,2025/26,2026-01-24 13:00:00,Rayo Vallecano,Osasuna,1.0,3.0
La Liga,2025/26,2025-12-05 20:00:00,Real Oviedo,Mallorca,0.0,0.0
La Liga,2025/26,2025-12-06 13:00:00,Villarreal,Getafe,2.0,0.0
La Liga,2025/26,2025-12-06 15:15:00,Deportivo Alavés,Real Sociedad,1.0,0.0
La Liga,2025/26,2025-12-06 17:30:00,Real Betis,FC Barcelona,3.0,5.0
La Liga,2025/26,2025-12-06 20:00:00,Athletic Club,Atlético Madrid,1.0,0.0
La Liga,2025/26,2025-12-07 13:00:00,Elche,Girona FC,3.0,0.0
La Liga,2025/26,2025-12-07 15:15:00,Valencia,Sevilla,1.0,1.0
La Liga,2025/26,2025-12-07 17:30:00,Espanyol,Rayo Vallecano,1.0,0.0
La Liga,2025/26,2025-12-07 20:00:00,Real Madrid,Celta Vigo,0.0,2.0
La Liga,2025/26,2025-12-08 20:00:00,Osasuna,Levante UD,2.0,0.0
La Liga,2025/26,2025-12-12 20:00:00,Real Sociedad,Girona FC,1.0,2.0
La Liga,2025/26,2025-12-13 13:00:00,Atlético Madrid,Valencia,2.0,1.0
La Liga,2025/26,2025-12-13 15:15:00,Mallorca,Elche,3.0,1.0
La Liga,2025/26,2025-12-13 17:30:00,FC Barcelona,Osasuna,2.0,0.0
La Liga,2025/26,2025-12-13 20:00:00,Getafe,Espanyol,0.0,1.0
La Liga,2025/26,2025-12-14 13:00:00,Sevilla,Real Oviedo,4.0,0.0
La Liga,2025/26,2025-12-14 15:15:00,Celta Vigo,Athletic Club,2.0,0.0
La Liga,2025/26,2025-12-14 17:30:00,Levante UD,Villarreal,,
La Liga,2025/26,2025-12-14 20:00:00,Deportivo Alavés,Real Madrid,1.0,2.0
La Liga,2025/26,2025-12-15 20:00:00,Rayo Vallecano,Real Betis,0.0,0.0
La Liga,2025/26,2025-12-19 20:00:00,Valencia,Mallorca,1.0,1.0
La Liga,2025/26,2025-12-20 13:00:00,Real Oviedo,Celta Vigo,0.0,0.0
La Liga,2025/26,2025-12-20 15:15:00,Levante UD,Real Sociedad,1.0,1.0
La Liga,2025/26,2025-12-20 17:30:00,Osasuna,Deportivo Alavés,3.0,0.0
La Liga,2025/26,2025-12-20 20:00:00,Real Madrid,Sevilla,2.0,0.0
La Liga,2025/26,2025-12-21 13:00:00,Girona FC,Atlético Madrid,0.0,3.0
La Liga,2025/26,2025-12-21 15:15:00,Villarreal,FC Barcelona,0.0,2.0
La Liga,2025/26,2025-12-21 17:30:00,Elche,Rayo Vallecano,4.0,0.0
La Liga,2025/26,2025-12-21 20:00:00,Real Betis,Getafe,4.0,0.0
La Liga,2025/26,2025-12-22 20:00:00,Athletic Club,Espanyol,1.0,2.0
La Liga,2025/26,2025-11-08 15:15:00,Sevilla,Osasuna,1.0,0.0
La Liga,2025/26,2025-11-08 17:30:00,Atlético Madrid,Levante UD,3.0,1.0
La Liga,2025/26,2025-11-08 20:00:00,Espanyol,Villarreal,0.0,2.0
La Liga,2025/26,2025-11-09 13:00:00,Athletic Club,Real Oviedo,1.0,0.0
La Liga,2025/26,2025-11-09 15:15:00,Rayo Vallecano,Real Madrid,0.0,0.0
La Liga,2025/26,2025-11-09 17:30:00,Mallorca,Getafe,1.0,0.0
La Liga,2025/26,2025-11-09 17:30:00,Valencia,Real Betis,1.0,1.0
La Liga,2025/26,2025-11-09 20:00:00,Celta Vigo,FC Barcelona,2.0,4.0
La Liga,2025/26,2025-11-21 20:00:00,Valencia,Levante UD,1.0,0.0
La Liga,2025/26,2025-11-22 13:00:00,Deportivo Alavés,Celta Vigo,0.0,1.0
La Liga,2025/26,2025-11-22 15:15:00,FC Barcelona,Athletic Club,4.0,0.0
La Liga,2025/26,2025-11-22 17:30:00,Osasuna,Real Sociedad,1.0,3.0
La Liga,2025/26,2025-11-22 20:00:00,Villarreal,Mallorca,2.0,1.0
La Liga,2025/26,2025-11-23 13:00:00,Real Oviedo,Rayo Vallecano,0.0,0.0
La Liga,2025/26,2025-11-23 15:15:00,Real Betis,Girona FC,1.0,1.0
La Liga,2025/26,2025-11-23 17:30:00,Getafe,Atlético Madrid,0.0,1.0
La Liga,2025/26,2025-11-23 20:00:00,Elche,Real Madrid,2.0,2.0
La Liga,2025/26,2025-11-24 20:00:00,Espanyol,Sevilla,2.0,1.0
La Liga,2025/26,2025-11-28 20:00:00,Getafe,Elche,1.0,0.0
La Liga,2025/26,2025-11-29 13:00:00,Mallorca,Osasuna,2.0,2.0
La Liga,2025/26,2025-11-29 15:15:00,FC Barcelona,Deportivo Alavés,3.0,1.0
La Liga,2025/26,2025-11-29 17:30:00,Levante UD,Athletic Club,0.0,2.0
La Liga,2025/26,2025-11-29 20:00:00,Atlético Madrid,Real Oviedo,2.0,0.0
La Liga,2025/26,2025-11-30 13:00:00,Real Sociedad,Villarreal,2.0,3.0
La Liga,2025/26,2025-11-30 15:15:00,Sevilla,Real Betis,0.0,2.0
La Liga,2025/26,2025-11-30 17:30:00,Celta Vigo,Espanyol,0.0,1.0
La Liga,2025/26,2025-11-30 20:00:00,Girona FC,Real Madrid,1.0,1.0
La Liga,2025/26,2025-12-01 20:00:00,Rayo Vallecano,Valencia,1.0,1.0
La Liga,2025/26,2025-12-02 20:00:00,FC Barcelona,Atlético Madrid,3.0,1.0
La Liga,2025/26,2025-12-03 18:00:00,Athletic Club,Real Madrid,0.0,3.0
La Liga,2025/26,2025-10-18 14:15:00,FC Barcelona,Girona FC,2.0,1.0
La Liga,2025/26,2025-10-18 16:30:00,Villarreal,Real Betis,2.0,2.0
La Liga,2025/26,2025-10-18 19:00:00,Atlético Madrid,Osasuna,1.0,0.0
La Liga,2025/26,2025-10-19 12:00:00,Elche,Athletic Club,0.0,0.0
La Liga,2025/26,2025-10-19 14:15:00,Celta Vigo,Real Sociedad,1.0,1.0
La Liga,2025/26,2025-10-19 16:30:00,Levante UD,Rayo Vallecano,0.0,3.0
La Liga,2025/26,2025-10-19 19:00:00,Getafe,Real Madrid,0.0,1.0
La Liga,2025/26,2025-10-20 19:00:00,Deportivo Alavés,Valencia,0.0,0.0
La Liga,2025/26,2025-10-24 19:00:00,Real Sociedad,Sevilla,2.0,1.0
La Liga,2025/26,2025-10-25 12:00:00,Girona FC,Real Oviedo,3.0,3.0
La Liga,2025/26,2025-10-25 14:15:00,Espanyol,Elche,1.0,0.0
La Liga,2025/26,2025-10-25 16:30:00,Athletic Club,Getafe,0.0,1.0
La Liga,2025/26,2025-10-25 19:00:00,Valencia,Villarreal,0.0,2.0
La Liga,2025/26,2025-10-26 13:00:00,Mallorca,Levante UD,1.0,1.0
La Liga,2025/26,2025-10-26 15:15:00,Real Madrid,FC Barcelona,2.0,1.0
La Liga,2025/26,2025-10-26 17:30:00,Osasuna,Celta Vigo,2.0,3.0
La Liga,2025/26,2025-10-26 20:00:00,Rayo Vallecano,Deportivo Alavés,1.0,0.0
La Liga,2025/26,2025-10-27 20:00:00,Real Betis,Atlético Madrid,0.0,2.0
La Liga,2025/26,2025-10-31 20:00:00,Getafe,Girona FC,2.0,1.0
La Liga,2025/26,2025-11-01 13:00:00,Villarreal,Rayo Vallecano,4.0,0.0
La Liga,2025/26,2025-11-01 15:15:00,Atlético Madrid,Sevilla,3.0,0.0
La Liga,2025/26,2025-11-01 17:30:00,Real Sociedad,Athletic Club,3.0,2.0
La Liga,2025/26,2025-11-01 20:00:00,Real Madrid,Valencia,4.0,0.0
La Liga,2025/26,2025-11-02 13:00:00,Levante UD,Celta Vigo,1.0,2.0
La Liga,2025/26,2025-11-02 15:15:00,Deportivo Alavés,Espanyol,2.0,1.0
La Liga,2025/26,2025-11-02 17:30:00,FC Barcelona,Elche,3.0,1.0
La Liga,2025/26,2025-11-02 20:00:00,Real Betis,Mallorca,3.0,0.0
La Liga,2025/26,2025-11-03 20:00:00,Real Oviedo,Osasuna,0.0,0.0
La Liga,2025/26,2025-11-07 20:00:00,Elche,Real Sociedad,1.0,1.0
La Liga,2025/26,2025-11-08 13:00:00,Girona FC,Deportivo Alavés,1.0,0.0
La Liga,2025/26,2025-09-23 17:00:00,Athletic Club,Girona FC,1.0,1.0
La Liga,2025/26,2025-09-23 19:30:00,Sevilla,Villarreal,1.0,2.0
La Liga,2025/26,2025-09-23 19:30:00,Levante UD,Real Madrid,1.0,4.0
La Liga,2025/26,2025-09-24 17:00:00,Getafe,Deportivo Alavés,1.0,1.0
La Liga,2025/26,2025-09-24 19:30:00,Real Sociedad,Mallorca,1.0,0.0
La Liga,2025/26,2025-09-24 19:30:00,Atlético Madrid,Rayo Vallecano,3.0,2.0
La Liga,2025/26,2025-09-25 17:30:00,Osasuna,Elche,1.0,1.0
La Liga,2025/26,2025-09-25 19:30:00,Real Oviedo,FC Barcelona,1.0,3.0
La Liga,2025/26,2025-09-26 19:00:00,Girona FC,Espanyol,0.0,0.0
La Liga,2025/26,2025-09-27 12:00:00,Getafe,Levante UD,1.0,1.0
La Liga,2025/26,2025-09-27 14:15:00,Atlético Madrid,Real Madrid,5.0,2.0
La Liga,2025/26,2025-09-27 16:30:00,Mallorca,Deportivo Alavés,1.0,0.0
La Liga,2025/26,2025-09-27 19:00:00,Villarreal,Athletic Club,1.0,0.0
La Liga,2025/26,2025-09-28 12:00:00,Rayo Vallecano,Sevilla,0.0,1.0
La Liga,2025/26,2025-09-28 14:15:00,Elche,Celta Vigo,2.0,1.0
La Liga,2025/26,2025-09-28 16:30:00,FC Barcelona,Real Sociedad,2.0,1.0
La Liga,2025/26,2025-09-28 19:00:00,Real Betis,Osasuna,2.0,0.0
La Liga,2025/26,2025-09-30 18:00:00,Valencia,Real Oviedo,1.0,2.0
La Liga,2025/26,2025-10-03 19:00:00,Osasuna,Getafe,2.0,1.0
La Liga,2025/26,2025-10-04 12:00:00,Real Oviedo,Levante UD,0.0,2.0
La Liga,2025/26,2025-10-04 14:15:00,Girona FC,Valencia,2.0,1.0
La Liga,2025/26,2025-10-04 16:30:00,Athletic Club,Mallorca,2.0,1.0
La Liga,2025/26,2025-10-04 19:00:00,Real Madrid,Villarreal,3.0,1.0
La Liga,2025/26,2025-10-05 12:00:00,Deportivo Alavés,Elche,3.0,1.0
La Liga,2025/26,2025-10-05 14:15:00,Sevilla,FC Barcelona,4.0,1.0
La Liga,2025/26,2025-10-05 16:30:00,Real Sociedad,Rayo Vallecano,0.0,1.0
La Liga,2025/26,2025-10-05 16:30:00,Espanyol,Real Betis,1.0,2.0
La Liga,2025/26,2025-10-05 19:00:00,Celta Vigo,Atlético Madrid,1.0,1.0
La Liga,2025/26,2025-10-17 19:00:00,Real Oviedo,Espanyol,0.0,2.0
La Liga,2025/26,2025-10-18 12:00:00,Sevilla,Mallorca,1.0,3.0
La Liga,2025/26,2025-08-30 15:00:00,Deportivo Alavés,Atlético Madrid,1.0,1.0
La Liga,2025/26,2025-08-30 17:00:00,Real Oviedo,Real Sociedad,1.0,0.0
La Liga,2025/26,2025-08-30 17:30:00,Girona FC,Sevilla,0.0,2.0
La Liga,2025/26,2025-08-30 19:30:00,Real Madrid,Mallorca,2.0,1.0
La Liga,2025/26,2025-08-31 15:00:00,Celta Vigo,Villarreal,1.0,1.0
La Liga,2025/26,2025-08-31 17:00:00,Real Betis,Athletic Club,1.0,2.0
La Liga,2025/26,2025-08-31 17:30:00,Espanyol,Osasuna,1.0,0.0
La Liga,2025/26,2025-08-31 19:30:00,Rayo Vallecano,FC Barcelona,1.0,1.0
La Liga,2025/26,2025-09-03 19:00:00,Osasuna,Getafe,,
La Liga,2025/26,2025-09-12 19:00:00,Sevilla,Elche,2.0,2.0
La Liga,2025/26,2025-09-13 12:00:00,Getafe,Real Oviedo,2.0,0.0
La Liga,2025/26,2025-09-13 14:15:00,Real Sociedad,Real Madrid,1.0,2.0
La Liga,2025/26,2025-09-13 16:30:00,Athletic Club,Deportivo Alavés,0.0,1.0
La Liga,2025/26,2025-09-13 19:00:00,Atlético Madrid,Villarreal,2.0,0.0
La Liga,2025/26,2025-09-14 12:00:00,Celta Vigo,Girona FC,1.0,1.0
La Liga,2025/26,2025-09-14 14:15:00,Levante UD,Real Betis,2.0,2.0
La Liga,2025/26,2025-09-14 16:30:00,Osasuna,Rayo Vallecano,2.0,0.0
La Liga,2025/26,2025-09-14 19:00:00,FC Barcelona,Valencia,6.0,0.0
La Liga,2025/26,2025-09-15 19:00:00,Espanyol,Mallorca,3.0,2.0
La Liga,2025/26,2025-09-19 19:00:00,Real Betis,Real Sociedad,3.0,1.0
La Liga,2025/26,2025-09-20 12:00:00,Girona FC,Levante UD,0.0,4.0
La Liga,2025/26,2025-09-20 14:15:00,Real Madrid,Espanyol,2.0,0.0
La Liga,2025/26,2025-09-20 16:30:00,Deportivo Alavés,Sevilla,1.0,2.0
La Liga,2025/26,2025-09-20 16:30:00,Villarreal,Osasuna,2.0,1.0
La Liga,2025/26,2025-09-20 19:00:00,Valencia,Athletic Club,2.0,0.0
La Liga,2025/26,2025-09-21 12:00:00,Rayo Vallecano,Celta Vigo,1.0,1.0
La Liga,2025/26,2025-09-21 14:15:00,Mallorca,Atlético Madrid,1.0,1.0
La Liga,2025/26,2025-09-21 16:30:00,Elche,Real Oviedo,1.0,0.0
La Liga,2025/26,2025-09-21 19:00:00,FC Barcelona,Getafe,3.0,0.0
La Liga,2025/26,2025-09-23 17:00:00,Espanyol,Valencia,2.0,2.0
La Liga,2025/26,2025-08-15 17:00:00,Girona FC,Rayo Vallecano,1.0,3.0
La Liga,2025/26,2025-08-15 19:30:00,Villarreal,Real Oviedo,2.0,0.0
La Liga,2025/26,2025-08-16 17:30:00,Mallorca,FC Barcelona,0.0,3.0
La Liga,2025/26,2025-08-16 19:30:00,Deportivo Alavés,Levante UD,2.0,1.0
La Liga,2025/26,2025-08-16 19:30:00,Valencia,Real Sociedad,1.0,1.0
La Liga,2025/26,2025-08-17 15:00:00,Celta Vigo,Getafe,0.0,2.0
La Liga,2025/26,2025-08-17 17:30:00,Athletic Club,Sevilla,3.0,2.0
La Liga,2025/26,2025-08-17 19:30:00,Espanyol,Atlético Madrid,2.0,1.0
La Liga,2025/26,2025-08-18 19:00:00,Elche,Real Betis,1.0,1.0
La Liga,2025/26,2025-08-19 19:00:00,Real Madrid,Osasuna,1.0,0.0
La Liga,2025/26,2025-08-22 19:30:00,Real Betis,Deportivo Alavés,1.0,0.0
La Liga,2025/26,2025-08-23 15:00:00,Mallorca,Celta Vigo,1.0,1.0
La Liga,2025/26,2025-08-23 17:30:00,Atlético Madrid,Elche,1.0,1.0
La Liga,2025/26,2025-08-23 19:30:00,Levante UD,FC Barcelona,2.0,3.0
La Liga,2025/26,2025-08-24 15:00:00,Osasuna,Valencia,1.0,0.0
La Liga,2025/26,2025-08-24 17:30:00,Real Sociedad,Espanyol,2.0,2.0
La Liga,2025/26,2025-08-24 17:30:00,Villarreal,Girona FC,5.0,0.0
La Liga,2025/26,2025-08-24 19:30:00,Real Oviedo,Real Madrid,0.0,3.0
La Liga,2025/26,2025-08-25 17:30:00,Athletic Club,Rayo Vallecano,1.0,0.0
La Liga,2025/26,2025-08-25 19:30:00,Sevilla,Getafe,1.0,2.0
La Liga,2025/26,2025-08-27 19:00:00,Celta Vigo,Real Betis,1.0,1.0
La Liga,2025/26,2025-08-29 17:30:00,Elche,Levante UD,2.0,0.0
La Liga,2025/26,2025-08-29 19:30:00,Valencia,Getafe,3.0,0.0
Bundesliga,2026/27,2026-08-28 18:30:00,FC Bayern München,VfB Stuttgart,5.0,1.0
Bundesliga,2026/27,2026-08-29 13:30:00,1. FSV Mainz 05,SC Paderborn 07,0.0,0.0
Bundesliga,2026/27,2026-08-29 13:30:00,1. FC Köln,TSG Hoffenheim,3.0,2.0
Bundesliga,2026/27,2026-08-29 13:30:00,1. FC Union Berlin,Eintracht Frankfurt,3.0,3.0
Bundesliga,2026/27,2026-08-29 13:30:00,RB Leipzig,Borussia M'gladbach,3.0,0.0
Bundesliga,2026/27,2026-08-29 13:30:00,SV 07 Elversberg,Bayer 04 Leverkusen,3.0,2.0
Bundesliga,2026/27,2026-08-29 16:30:00,Borussia Dortmund,Hamburger SV,2.0,0.0
Bundesliga,2026/27,2026-08-30 13:30:00,SC Freiburg,SV Werder Bremen,4.0,1.0
Bundesliga,2026/27,2026-08-30 15:30:00,FC Augsburg,FC Schalke 04,3.0,0.0
Bundesliga,2026/27,2026-09-04 18:30:00,VfB Stuttgart,1. FC Köln,4.0,1.0
Bundesliga,2026/27,2026-09-05 13:30:00,Borussia M'gladbach,SV 07 Elversberg,3.0,4.0
Bundesliga,2026/27,2026-09-05 13:30:00,SC Paderborn 07,SC Freiburg,0.0,1.0
Bundesliga,2026/27,2026-09-05 13:30:00,SV Werder Bremen,RB Leipzig,3.0,1.0
Bundesliga,2026/27,2026-09-05 13:30:00,Bayer 04 Leverkusen,1. FC Union Berlin,4.0,0.0
Bundesliga,2026/27,2026-09-05 13:30:00,TSG Hoffenheim,Borussia Dortmund,2.0,3.0
Bundesliga,2026/27,2026-09-05 16:30:00,FC Schalke 04,FC Bayern München,0.0,0.0
Bundesliga,2026/27,2026-09-06 13:30:00,Hamburger SV,1. FSV Mainz 05,0.0,5.0
Bundesliga,2026/27,2026-09-06 15:30:00,Eintracht Frankfurt,FC Augsburg,1.0,4.0
Bundesliga,2026/27,2026-09-11 18:30:00,1. FC Union Berlin,FC Schalke 04,1.0,3.0
Bundesliga,2026/27,2026-09-12 13:30:00,SC Freiburg,Borussia M'gladbach,5.0,0.0
Bundesliga,2026/27,2026-09-12 13:30:00,1. FSV Mainz 05,Eintracht Frankfurt,1.0,3.0
Bundesliga,2026/27,2026-09-12 13:30:00,TSG Hoffenheim,VfB Stuttgart,2.0,1.0
Bundesliga,2026/27,2026-09-12 13:30:00,FC Augsburg,Bayer 04 Leverkusen,2.0,2.0
Bundesliga,2026/27,2026-09-12 13:30:00,Borussia Dortmund,SC Paderborn 07,3.0,0.0
Bundesliga,2026/27,2026-09-12 16:30:00,1. FC Köln,SV Werder Bremen,1.0,1.0
Bundesliga,2026/27,2026-09-13 13:30:00,RB Leipzig,Hamburger SV,5.0,0.0
Bundesliga,2026/27,2026-09-13 15:30:00,SV 07 Elversberg,FC Bayern München,1.0,2.0
Bundesliga,2025/26,2026-04-26 15:30:00,Borussia Dortmund,SC Freiburg,4.0,0.0
Bundesliga,2025/26,2026-05-02 13:30:00,SV Werder Bremen,FC Augsburg,1.0,3.0
Bundesliga,2025/26,2026-05-02 13:30:00,1. FC Union Berlin,1. FC Köln,2.0,2.0
Bundesliga,2025/26,2026-05-02 13:30:00,TSG Hoffenheim,VfB Stuttgart,3.0,3.0
Bundesliga,2025/26,2026-05-02 13:30:00,Eintracht Frankfurt,Hamburger SV,1.0,2.0
Bundesliga,2025/26,2026-05-02 13:30:00,FC Bayern München,1. FC Heidenheim,3.0,3.0
Bundesliga,2025/26,2026-05-02 16:30:00,Bayer 04 Leverkusen,RB Leipzig,4.0,1.0
Bundesliga,2025/26,2026-05-03 13:30:00,FC St. Pauli,1. FSV Mainz 05,1.0,2.0
Bundesliga,2025/26,2026-05-03 15:30:00,Borussia M'gladbach,Borussia Dortmund,1.0,0.0
Bundesliga,2025/26,2026-05-03 17:30:00,SC Freiburg,VfL Wolfsburg,1.0,1.0
Bundesliga,2025/26,2026-05-08 18:30:00,Borussia Dortmund,Eintracht Frankfurt,3.0,2.0
Bundesliga,2025/26,2026-05-09 13:30:00,FC Augsburg,Borussia M'gladbach,3.0,1.0
Bundesliga,2025/26,2026-05-09 13:30:00,TSG Hoffenheim,SV Werder Bremen,1.0,0.0
Bundesliga,2025/26,2026-05-09 13:30:00,RB Leipzig,FC St. Pauli,2.0,1.0
Bundesliga,2025/26,2026-05-09 13:30:00,VfB Stuttgart,Bayer 04 Leverkusen,3.0,1.0
Bundesliga,2025/26,2026-05-09 16:30:00,VfL Wolfsburg,FC Bayern München,0.0,1.0
Bundesliga,2025/26,2026-05-10 13:30:00,Hamburger SV,SC Freiburg,3.0,2.0
Bundesliga,2025/26,2026-05-10 15:30:00,1. FC Köln,1. FC Heidenheim,1.0,3.0
Bundesliga,2025/26,2026-05-10 17:30:00,1. FSV Mainz 05,1. FC Union Berlin,1.0,3.0
Bundesliga,2025/26,2026-05-16 13:30:00,1. FC Heidenheim,1. FSV Mainz 05,0.0,2.0
Bundesliga,2025/26,2026-05-16 13:30:00,1. FC Union Berlin,FC Augsburg,4.0,0.0
Bundesliga,2025/26,2026-05-16 13:30:00,FC St. Pauli,VfL Wolfsburg,1.0,3.0
Bundesliga,2025/26,2026-05-16 13:30:00,Borussia M'gladbach,TSG Hoffenheim,4.0,0.0
Bundesliga,2025/26,2026-05-16 13:30:00,Eintracht Frankfurt,VfB Stuttgart,2.0,2.0
Bundesliga,2025/26,2026-05-16 13:30:00,SC Freiburg,RB Leipzig,4.0,1.0
Bundesliga,2025/26,2026-05-16 13:30:00,Bayer 04 Leverkusen,Hamburger SV,1.0,1.0
Bundesliga,2025/26,2026-05-16 13:30:00,SV Werder Bremen,Borussia Dortmund,0.0,2.0
Bundesliga,2025/26,2026-05-16 13:30:00,FC Bayern München,1. FC Köln,5.0,1.0
Bundesliga,2025/26,2026-05-21 18:30:00,VfL Wolfsburg,SC Paderborn 07,0.0,0.0
Bundesliga,2025/26,2026-05-25 18:30:00,SC Paderborn 07,VfL Wolfsburg,2.0,1.0
Bundesliga,2025/26,2026-04-04 13:30:00,SC Freiburg,FC Bayern München,2.0,3.0
Bundesliga,2025/26,2026-04-04 16:30:00,VfB Stuttgart,Borussia Dortmund,0.0,2.0
Bundesliga,2025/26,2026-04-05 13:30:00,1. FC Union Berlin,FC St. Pauli,1.0,1.0
Bundesliga,2025/26,2026-04-05 15:30:00,Eintracht Frankfurt,1. FC Köln,2.0,2.0
Bundesliga,2025/26,2026-04-10 18:30:00,FC Augsburg,TSG Hoffenheim,2.0,2.0
Bundesliga,2025/26,2026-04-11 13:30:00,1. FC Heidenheim,1. FC Union Berlin,3.0,1.0
Bundesliga,2025/26,2026-04-11 13:30:00,VfL Wolfsburg,Eintracht Frankfurt,1.0,2.0
Bundesliga,2025/26,2026-04-11 13:30:00,RB Leipzig,Borussia M'gladbach,1.0,0.0
Bundesliga,2025/26,2026-04-11 13:30:00,Borussia Dortmund,Bayer 04 Leverkusen,0.0,1.0
Bundesliga,2025/26,2026-04-11 16:30:00,FC St. Pauli,FC Bayern München,0.0,5.0
Bundesliga,2025/26,2026-04-12 13:30:00,1. FC Köln,SV Werder Bremen,3.0,1.0
Bundesliga,2025/26,2026-04-12 15:30:00,VfB Stuttgart,Hamburger SV,4.0,0.0
Bundesliga,2025/26,2026-04-12 17:30:00,1. FSV Mainz 05,SC Freiburg,0.0,1.0
Bundesliga,2025/26,2026-04-17 18:30:00,FC St. Pauli,1. FC Köln,1.0,1.0
Bundesliga,2025/26,2026-04-18 13:30:00,SV Werder Bremen,Hamburger SV,3.0,1.0
Bundesliga,2025/26,2026-04-18 13:30:00,1. FC Union Berlin,VfL Wolfsburg,1.0,2.0
Bundesliga,2025/26,2026-04-18 13:30:00,Bayer 04 Leverkusen,FC Augsburg,1.0,2.0
Bundesliga,2025/26,2026-04-18 13:30:00,TSG Hoffenheim,Borussia Dortmund,2.0,1.0
Bundesliga,2025/26,2026-04-18 16:30:00,Eintracht Frankfurt,RB Leipzig,1.0,3.0
Bundesliga,2025/26,2026-04-19 13:30:00,SC Freiburg,1. FC Heidenheim,2.0,1.0
Bundesliga,2025/26,2026-04-19 15:30:00,FC Bayern München,VfB Stuttgart,4.0,2.0
Bundesliga,2025/26,2026-04-19 17:30:00,Borussia M'gladbach,1. FSV Mainz 05,1.0,1.0
Bundesliga,2025/26,2026-04-24 18:30:00,RB Leipzig,1. FC Union Berlin,3.0,1.0
Bundesliga,2025/26,2026-04-25 13:30:00,1. FC Heidenheim,FC St. Pauli,2.0,0.0
Bundesliga,2025/26,2026-04-25 13:30:00,VfL Wolfsburg,Borussia M'gladbach,0.0,0.0
Bundesliga,2025/26,2026-04-25 13:30:00,FC Augsburg,Eintracht Frankfurt,1.0,1.0
Bundesliga,2025/26,2026-04-25 13:30:00,1. FC Köln,Bayer 04 Leverkusen,1.0,2.0
Bundesliga,2025/26,2026-04-25 13:30:00,1. FSV Mainz 05,FC Bayern München,3.0,4.0
Bundesliga,2025/26,2026-04-25 16:30:00,Hamburger SV,TSG Hoffenheim,1.0,2.0
Bundesliga,2025/26,2026-04-26 13:30:00,VfB Stuttgart,SV Werder Bremen,1.0,1.0
Bundesliga,2025/26,2026-03-07 14:30:00,VfL Wolfsburg,Hamburger SV,1.0,2.0
Bundesliga,2025/26,2026-03-07 14:30:00,1. FSV Mainz 05,VfB Stuttgart,2.0,2.0
Bundesliga,2025/26,2026-03-07 14:30:00,RB Leipzig,FC Augsburg,2.0,1.0
Bundesliga,2025/26,2026-03-07 14:30:00,SC Freiburg,Bayer 04 Leverkusen,3.0,3.0
Bundesliga,2025/26,2026-03-07 17:30:00,1. FC Köln,Borussia Dortmund,1.0,2.0
Bundesliga,2025/26,2026-03-08 14:30:00,FC St. Pauli,Eintracht Frankfurt,0.0,0.0
Bundesliga,2025/26,2026-03-08 16:30:00,1. FC Union Berlin,SV Werder Bremen,1.0,4.0
Bundesliga,2025/26,2026-03-13 19:30:00,Borussia M'gladbach,FC St. Pauli,2.0,0.0
Bundesliga,2025/26,2026-03-14 14:30:00,TSG Hoffenheim,VfL Wolfsburg,1.0,1.0
Bundesliga,2025/26,2026-03-14 14:30:00,Eintracht Frankfurt,1. FC Heidenheim,1.0,0.0
Bundesliga,2025/26,2026-03-14 14:30:00,Borussia Dortmund,FC Augsburg,2.0,0.0
Bundesliga,2025/26,2026-03-14 14:30:00,Bayer 04 Leverkusen,FC Bayern München,1.0,1.0
Bundesliga,2025/26,2026-03-14 17:30:00,Hamburger SV,1. FC Köln,1.0,1.0
Bundesliga,2025/26,2026-03-15 14:30:00,SV Werder Bremen,1. FSV Mainz 05,0.0,2.0
Bundesliga,2025/26,2026-03-15 16:30:00,SC Freiburg,1. FC Union Berlin,0.0,1.0
Bundesliga,2025/26,2026-03-15 18:30:00,VfB Stuttgart,RB Leipzig,1.0,0.0
Bundesliga,2025/26,2026-03-20 19:30:00,RB Leipzig,TSG Hoffenheim,5.0,0.0
Bundesliga,2025/26,2026-03-21 14:30:00,VfL Wolfsburg,SV Werder Bremen,0.0,1.0
Bundesliga,2025/26,2026-03-21 14:30:00,1. FC Köln,Borussia M'gladbach,3.0,3.0
Bundesliga,2025/26,2026-03-21 14:30:00,1. FC Heidenheim,Bayer 04 Leverkusen,3.0,3.0
Bundesliga,2025/26,2026-03-21 14:30:00,FC Bayern München,1. FC Union Berlin,4.0,0.0
Bundesliga,2025/26,2026-03-21 17:30:00,Borussia Dortmund,Hamburger SV,3.0,2.0
Bundesliga,2025/26,2026-03-22 14:30:00,1. FSV Mainz 05,Eintracht Frankfurt,2.0,1.0
Bundesliga,2025/26,2026-03-22 16:30:00,FC St. Pauli,SC Freiburg,1.0,2.0
Bundesliga,2025/26,2026-03-22 18:30:00,FC Augsburg,VfB Stuttgart,2.0,5.0
Bundesliga,2025/26,2026-04-04 13:30:00,Hamburger SV,FC Augsburg,1.0,1.0
Bundesliga,2025/26,2026-04-04 13:30:00,Borussia M'gladbach,1. FC Heidenheim,2.0,2.0
Bundesliga,2025/26,2026-04-04 13:30:00,TSG Hoffenheim,1. FSV Mainz 05,1.0,2.0
Bundesliga,2025/26,2026-04-04 13:30:00,SV Werder Bremen,RB Leipzig,1.0,2.0
Bundesliga,2025/26,2026-04-04 13:30:00,Bayer 04 Leverkusen,VfL Wolfsburg,6.0,3.0
Bundesliga,2025/26,2026-02-13 19:30:00,Borussia Dortmund,1. FSV Mainz 05,4.0,0.0
Bundesliga,2025/26,2026-02-14 14:30:00,Hamburger SV,1. FC Union Berlin,3.0,2.0
Bundesliga,2025/26,2026-02-14 14:30:00,TSG Hoffenheim,SC Freiburg,3.0,0.0
Bundesliga,2025/26,2026-02-14 14:30:00,Eintracht Frankfurt,Borussia M'gladbach,3.0,0.0
Bundesliga,2025/26,2026-02-14 14:30:00,Bayer 04 Leverkusen,FC St. Pauli,4.0,0.0
Bundesliga,2025/26,2026-02-14 14:30:00,SV Werder Bremen,FC Bayern München,0.0,3.0
Bundesliga,2025/26,2026-02-14 17:30:00,VfB Stuttgart,1. FC Köln,3.0,1.0
Bundesliga,2025/26,2026-02-15 14:30:00,FC Augsburg,1. FC Heidenheim,1.0,0.0
Bundesliga,2025/26,2026-02-15 16:30:00,RB Leipzig,VfL Wolfsburg,2.0,2.0
Bundesliga,2025/26,2026-02-20 19:30:00,1. FSV Mainz 05,Hamburger SV,1.0,1.0
Bundesliga,2025/26,2026-02-21 14:30:00,VfL Wolfsburg,FC Augsburg,2.0,3.0
Bundesliga,2025/26,2026-02-21 14:30:00,1. FC Köln,TSG Hoffenheim,2.0,2.0
Bundesliga,2025/26,2026-02-21 14:30:00,1. FC Union Berlin,Bayer 04 Leverkusen,1.0,0.0
Bundesliga,2025/26,2026-02-21 14:30:00,FC Bayern München,Eintracht Frankfurt,3.0,2.0
Bundesliga,2025/26,2026-02-21 17:30:00,RB Leipzig,Borussia Dortmund,2.0,2.0
Bundesliga,2025/26,2026-02-22 14:30:00,SC Freiburg,Borussia M'gladbach,2.0,1.0
Bundesliga,2025/26,2026-02-22 16:30:00,FC St. Pauli,SV Werder Bremen,2.0,1.0
Bundesliga,2025/26,2026-02-22 18:30:00,1. FC Heidenheim,VfB Stuttgart,3.0,3.0
Bundesliga,2025/26,2026-02-27 19:30:00,FC Augsburg,1. FC Köln,2.0,0.0
Bundesliga,2025/26,2026-02-28 14:30:00,SV Werder Bremen,1. FC Heidenheim,2.0,0.0
Bundesliga,2025/26,2026-02-28 14:30:00,TSG Hoffenheim,FC St. Pauli,0.0,1.0
Bundesliga,2025/26,2026-02-28 14:30:00,Borussia M'gladbach,1. FC Union Berlin,1.0,0.0
Bundesliga,2025/26,2026-02-28 14:30:00,Bayer 04 Leverkusen,1. FSV Mainz 05,1.0,1.0
Bundesliga,2025/26,2026-02-28 17:30:00,Borussia Dortmund,FC Bayern München,2.0,3.0
Bundesliga,2025/26,2026-03-01 14:30:00,VfB Stuttgart,VfL Wolfsburg,4.0,0.0
Bundesliga,2025/26,2026-03-01 16:30:00,Eintracht Frankfurt,SC Freiburg,2.0,0.0
Bundesliga,2025/26,2026-03-01 18:30:00,Hamburger SV,RB Leipzig,1.0,2.0
Bundesliga,2025/26,2026-03-04 19:30:00,Hamburger SV,Bayer 04 Leverkusen,0.0,1.0
Bundesliga,2025/26,2026-03-06 19:30:00,FC Bayern München,Borussia M'gladbach,4.0,1.0
Bundesliga,2025/26,2026-03-07 14:30:00,1. FC Heidenheim,TSG Hoffenheim,2.0,4.0
Bundesliga,2025/26,2026-01-18 16:30:00,FC Augsburg,SC Freiburg,2.0,2.0
Bundesliga,2025/26,2026-01-23 19:30:00,FC St. Pauli,Hamburger SV,0.0,0.0
Bundesliga,2025/26,2026-01-24 14:30:00,1. FSV Mainz 05,VfL Wolfsburg,3.0,1.0
Bundesliga,2025/26,2026-01-24 14:30:00,Eintracht Frankfurt,TSG Hoffenheim,1.0,3.0
Bundesliga,2025/26,2026-01-24 14:30:00,1. FC Heidenheim,RB Leipzig,0.0,3.0
Bundesliga,2025/26,2026-01-24 14:30:00,Bayer 04 Leverkusen,SV Werder Bremen,1.0,0.0
Bundesliga,2025/26,2026-01-24 14:30:00,FC Bayern München,FC Augsburg,1.0,2.0
Bundesliga,2025/26,2026-01-24 17:30:00,1. FC Union Berlin,Borussia Dortmund,0.0,3.0
Bundesliga,2025/26,2026-01-25 14:30:00,Borussia M'gladbach,VfB Stuttgart,0.0,3.0
Bundesliga,2025/26,2026-01-25 16:30:00,SC Freiburg,1. FC Köln,2.0,1.0
Bundesliga,2025/26,2026-01-27 19:30:00,SV Werder Bremen,TSG Hoffenheim,0.0,2.0
Bundesliga,2025/26,2026-01-27 19:30:00,FC St. Pauli,RB Leipzig,1.0,1.0
Bundesliga,2025/26,2026-01-30 19:30:00,1. FC Köln,VfL Wolfsburg,1.0,0.0
Bundesliga,2025/26,2026-01-31 14:30:00,FC Augsburg,FC St. Pauli,2.0,1.0
Bundesliga,2025/26,2026-01-31 14:30:00,SV Werder Bremen,Borussia M'gladbach,1.0,1.0
Bundesliga,2025/26,2026-01-31 14:30:00,TSG Hoffenheim,1. FC Union Berlin,3.0,1.0
Bundesliga,2025/26,2026-01-31 14:30:00,RB Leipzig,1. FSV Mainz 05,1.0,2.0
Bundesliga,2025/26,2026-01-31 14:30:00,Eintracht Frankfurt,Bayer 04 Leverkusen,1.0,3.0
Bundesliga,2025/26,2026-01-31 17:30:00,Hamburger SV,FC Bayern München,2.0,2.0
Bundesliga,2025/26,2026-02-01 14:30:00,VfB Stuttgart,SC Freiburg,1.0,0.0
Bundesliga,2025/26,2026-02-01 16:30:00,Borussia Dortmund,1. FC Heidenheim,3.0,2.0
Bundesliga,2025/26,2026-02-06 19:30:00,1. FC Union Berlin,Eintracht Frankfurt,1.0,1.0
Bundesliga,2025/26,2026-02-07 14:30:00,1. FC Heidenheim,Hamburger SV,0.0,2.0
Bundesliga,2025/26,2026-02-07 14:30:00,1. FSV Mainz 05,FC Augsburg,2.0,0.0
Bundesliga,2025/26,2026-02-07 14:30:00,SC Freiburg,SV Werder Bremen,1.0,0.0
Bundesliga,2025/26,2026-02-07 14:30:00,FC St. Pauli,VfB Stuttgart,2.0,1.0
Bundesliga,2025/26,2026-02-07 14:30:00,VfL Wolfsburg,Borussia Dortmund,1.0,2.0
Bundesliga,2025/26,2026-02-07 17:30:00,Borussia M'gladbach,Bayer 04 Leverkusen,1.0,1.0
Bundesliga,2025/26,2026-02-08 14:30:00,1. FC Köln,RB Leipzig,1.0,2.0
Bundesliga,2025/26,2026-02-08 16:30:00,FC Bayern München,TSG Hoffenheim,5.0,1.0
Bundesliga,2025/26,2025-12-20 14:30:00,Hamburger SV,Eintracht Frankfurt,1.0,1.0
Bundesliga,2025/26,2025-12-20 17:30:00,RB Leipzig,Bayer 04 Leverkusen,1.0,3.0
Bundesliga,2025/26,2025-12-21 14:30:00,1. FSV Mainz 05,FC St. Pauli,0.0,0.0
Bundesliga,2025/26,2025-12-21 16:30:00,1. FC Heidenheim,FC Bayern München,0.0,4.0
Bundesliga,2025/26,2026-01-09 19:30:00,Eintracht Frankfurt,Borussia Dortmund,3.0,3.0
Bundesliga,2025/26,2026-01-10 14:30:00,1. FC Heidenheim,1. FC Köln,2.0,2.0
Bundesliga,2025/26,2026-01-10 14:30:00,SV Werder Bremen,TSG Hoffenheim,,
Bundesliga,2025/26,2026-01-10 14:30:00,SC Freiburg,Hamburger SV,2.0,1.0
Bundesliga,2025/26,2026-01-10 14:30:00,1. FC Union Berlin,1. FSV Mainz 05,2.0,2.0
Bundesliga,2025/26,2026-01-10 14:30:00,FC St. Pauli,RB Leipzig,,
Bundesliga,2025/26,2026-01-10 17:30:00,Bayer 04 Leverkusen,VfB Stuttgart,1.0,4.0
Bundesliga,2025/26,2026-01-11 14:30:00,Borussia M'gladbach,FC Augsburg,4.0,0.0
Bundesliga,2025/26,2026-01-11 16:30:00,FC Bayern München,VfL Wolfsburg,8.0,1.0
Bundesliga,2025/26,2026-01-13 17:30:00,VfB Stuttgart,Eintracht Frankfurt,3.0,2.0
Bundesliga,2025/26,2026-01-13 19:30:00,1. FSV Mainz 05,1. FC Heidenheim,2.0,1.0
Bundesliga,2025/26,2026-01-13 19:30:00,Hamburger SV,Bayer 04 Leverkusen,,
Bundesliga,2025/26,2026-01-13 19:30:00,Borussia Dortmund,SV Werder Bremen,3.0,0.0
Bundesliga,2025/26,2026-01-14 17:30:00,VfL Wolfsburg,FC St. Pauli,2.0,1.0
Bundesliga,2025/26,2026-01-14 19:30:00,TSG Hoffenheim,Borussia M'gladbach,5.0,1.0
Bundesliga,2025/26,2026-01-14 19:30:00,RB Leipzig,SC Freiburg,2.0,0.0
Bundesliga,2025/26,2026-01-14 19:30:00,1. FC Köln,FC Bayern München,1.0,3.0
Bundesliga,2025/26,2026-01-15 19:30:00,FC Augsburg,1. FC Union Berlin,1.0,1.0
Bundesliga,2025/26,2026-01-16 19:30:00,SV Werder Bremen,Eintracht Frankfurt,3.0,3.0
Bundesliga,2025/26,2026-01-17 14:30:00,1. FC Köln,1. FSV Mainz 05,2.0,1.0
Bundesliga,2025/26,2026-01-17 14:30:00,VfL Wolfsburg,1. FC Heidenheim,1.0,1.0
Bundesliga,2025/26,2026-01-17 14:30:00,Hamburger SV,Borussia M'gladbach,0.0,0.0
Bundesliga,2025/26,2026-01-17 14:30:00,TSG Hoffenheim,Bayer 04 Leverkusen,1.0,0.0
Bundesliga,2025/26,2026-01-17 14:30:00,Borussia Dortmund,FC St. Pauli,3.0,2.0
Bundesliga,2025/26,2026-01-17 17:30:00,RB Leipzig,FC Bayern München,1.0,5.0
Bundesliga,2025/26,2026-01-18 14:30:00,VfB Stuttgart,1. FC Union Berlin,1.0,1.0
Bundesliga,2025/26,2025-11-29 14:30:00,SV Werder Bremen,1. FC Köln,1.0,1.0
Bundesliga,2025/26,2025-11-29 14:30:00,1. FC Union Berlin,1. FC Heidenheim,1.0,2.0
Bundesliga,2025/26,2025-11-29 14:30:00,FC Bayern München,FC St. Pauli,3.0,1.0
Bundesliga,2025/26,2025-11-29 17:30:00,Bayer 04 Leverkusen,Borussia Dortmund,1.0,2.0
Bundesliga,2025/26,2025-11-30 14:30:00,Hamburger SV,VfB Stuttgart,2.0,1.0
Bundesliga,2025/26,2025-11-30 16:30:00,Eintracht Frankfurt,VfL Wolfsburg,1.0,1.0
Bundesliga,2025/26,2025-11-30 18:30:00,SC Freiburg,1. FSV Mainz 05,4.0,0.0
Bundesliga,2025/26,2025-12-05 19:30:00,1. FSV Mainz 05,Borussia M'gladbach,0.0,1.0
Bundesliga,2025/26,2025-12-06 14:30:00,1. FC Köln,FC St. Pauli,1.0,1.0
Bundesliga,2025/26,2025-12-06 14:30:00,1. FC Heidenheim,SC Freiburg,2.0,1.0
Bundesliga,2025/26,2025-12-06 14:30:00,VfL Wolfsburg,1. FC Union Berlin,3.0,1.0
Bundesliga,2025/26,2025-12-06 14:30:00,FC Augsburg,Bayer 04 Leverkusen,2.0,0.0
Bundesliga,2025/26,2025-12-06 14:30:00,VfB Stuttgart,FC Bayern München,0.0,5.0
Bundesliga,2025/26,2025-12-06 17:30:00,RB Leipzig,Eintracht Frankfurt,6.0,0.0
Bundesliga,2025/26,2025-12-07 14:30:00,Hamburger SV,SV Werder Bremen,3.0,2.0
Bundesliga,2025/26,2025-12-07 16:30:00,Borussia Dortmund,TSG Hoffenheim,2.0,0.0
Bundesliga,2025/26,2025-12-12 19:30:00,1. FC Union Berlin,RB Leipzig,3.0,1.0
Bundesliga,2025/26,2025-12-13 14:30:00,FC St. Pauli,1. FC Heidenheim,2.0,1.0
Bundesliga,2025/26,2025-12-13 14:30:00,TSG Hoffenheim,Hamburger SV,4.0,1.0
Bundesliga,2025/26,2025-12-13 14:30:00,Borussia M'gladbach,VfL Wolfsburg,1.0,3.0
Bundesliga,2025/26,2025-12-13 14:30:00,Eintracht Frankfurt,FC Augsburg,1.0,0.0
Bundesliga,2025/26,2025-12-13 17:30:00,Bayer 04 Leverkusen,1. FC Köln,2.0,0.0
Bundesliga,2025/26,2025-12-14 14:30:00,SC Freiburg,Borussia Dortmund,1.0,1.0
Bundesliga,2025/26,2025-12-14 16:30:00,FC Bayern München,1. FSV Mainz 05,2.0,2.0
Bundesliga,2025/26,2025-12-14 18:30:00,SV Werder Bremen,VfB Stuttgart,0.0,4.0
Bundesliga,2025/26,2025-12-19 19:30:00,Borussia Dortmund,Borussia M'gladbach,2.0,0.0
Bundesliga,2025/26,2025-12-20 14:30:00,FC Augsburg,SV Werder Bremen,0.0,0.0
Bundesliga,2025/26,2025-12-20 14:30:00,1. FC Köln,1. FC Union Berlin,0.0,1.0
Bundesliga,2025/26,2025-12-20 14:30:00,VfL Wolfsburg,SC Freiburg,3.0,4.0
Bundesliga,2025/26,2025-12-20 14:30:00,VfB Stuttgart,TSG Hoffenheim,0.0,0.0
Bundesliga,2025/26,2025-10-26 16:30:00,VfB Stuttgart,1. FSV Mainz 05,2.0,1.0
Bundesliga,2025/26,2025-10-31 19:30:00,FC Augsburg,Borussia Dortmund,0.0,1.0
Bundesliga,2025/26,2025-11-01 14:30:00,1. FSV Mainz 05,SV Werder Bremen,1.0,1.0
Bundesliga,2025/26,2025-11-01 14:30:00,FC St. Pauli,Borussia M'gladbach,0.0,4.0
Bundesliga,2025/26,2025-11-01 14:30:00,1. FC Union Berlin,SC Freiburg,0.0,0.0
Bundesliga,2025/26,2025-11-01 14:30:00,1. FC Heidenheim,Eintracht Frankfurt,1.0,1.0
Bundesliga,2025/26,2025-11-01 14:30:00,RB Leipzig,VfB Stuttgart,3.0,1.0
Bundesliga,2025/26,2025-11-01 17:30:00,FC Bayern München,Bayer 04 Leverkusen,3.0,0.0
Bundesliga,2025/26,2025-11-02 14:30:00,1. FC Köln,Hamburger SV,4.0,1.0
Bundesliga,2025/26,2025-11-02 16:30:00,VfL Wolfsburg,TSG Hoffenheim,2.0,3.0
Bundesliga,2025/26,2025-11-07 19:30:00,SV Werder Bremen,VfL Wolfsburg,2.0,1.0
Bundesliga,2025/26,2025-11-08 14:30:00,TSG Hoffenheim,RB Leipzig,3.0,1.0
Bundesliga,2025/26,2025-11-08 14:30:00,Bayer 04 Leverkusen,1. FC Heidenheim,6.0,0.0
Bundesliga,2025/26,2025-11-08 14:30:00,Hamburger SV,Borussia Dortmund,1.0,1.0
Bundesliga,2025/26,2025-11-08 14:30:00,1. FC Union Berlin,FC Bayern München,2.0,2.0
Bundesliga,2025/26,2025-11-08 17:30:00,Borussia M'gladbach,1. FC Köln,3.0,1.0
Bundesliga,2025/26,2025-11-09 14:30:00,SC Freiburg,FC St. Pauli,2.0,1.0
Bundesliga,2025/26,2025-11-09 16:30:00,VfB Stuttgart,FC Augsburg,3.0,2.0
Bundesliga,2025/26,2025-11-09 18:30:00,Eintracht Frankfurt,1. FSV Mainz 05,1.0,0.0
Bundesliga,2025/26,2025-11-21 19:30:00,1. FSV Mainz 05,TSG Hoffenheim,1.0,1.0
Bundesliga,2025/26,2025-11-22 14:30:00,FC Augsburg,Hamburger SV,1.0,0.0
Bundesliga,2025/26,2025-11-22 14:30:00,1. FC Heidenheim,Borussia M'gladbach,0.0,3.0
Bundesliga,2025/26,2025-11-22 14:30:00,VfL Wolfsburg,Bayer 04 Leverkusen,1.0,3.0
Bundesliga,2025/26,2025-11-22 14:30:00,Borussia Dortmund,VfB Stuttgart,3.0,3.0
Bundesliga,2025/26,2025-11-22 14:30:00,FC Bayern München,SC Freiburg,6.0,2.0
Bundesliga,2025/26,2025-11-22 17:30:00,1. FC Köln,Eintracht Frankfurt,3.0,4.0
Bundesliga,2025/26,2025-11-23 14:30:00,RB Leipzig,SV Werder Bremen,2.0,0.0
Bundesliga,2025/26,2025-11-23 16:30:00,FC St. Pauli,1. FC Union Berlin,0.0,1.0
Bundesliga,2025/26,2025-11-28 19:30:00,Borussia M'gladbach,RB Leipzig,0.0,0.0
Bundesliga,2025/26,2025-11-29 14:30:00,TSG Hoffenheim,FC Augsburg,3.0,0.0
Bundesliga,2025/26,2025-09-27 16:30:00,Borussia M'gladbach,Eintracht Frankfurt,4.0,6.0
Bundesliga,2025/26,2025-09-28 13:30:00,SC Freiburg,TSG Hoffenheim,1.0,1.0
Bundesliga,2025/26,2025-09-28 15:30:00,1. FC Köln,VfB Stuttgart,1.0,2.0
Bundesliga,2025/26,2025-09-28 17:30:00,1. FC Union Berlin,Hamburger SV,0.0,0.0
Bundesliga,2025/26,2025-10-03 18:30:00,TSG Hoffenheim,1. FC Köln,0.0,1.0
Bundesliga,2025/26,2025-10-04 13:30:00,SV Werder Bremen,FC St. Pauli,1.0,0.0
Bundesliga,2025/26,2025-10-04 13:30:00,FC Augsburg,VfL Wolfsburg,3.0,1.0
Bundesliga,2025/26,2025-10-04 13:30:00,Bayer 04 Leverkusen,1. FC Union Berlin,2.0,0.0
Bundesliga,2025/26,2025-10-04 13:30:00,Borussia Dortmund,RB Leipzig,1.0,1.0
Bundesliga,2025/26,2025-10-04 16:30:00,Eintracht Frankfurt,FC Bayern München,0.0,3.0
Bundesliga,2025/26,2025-10-05 13:30:00,VfB Stuttgart,1. FC Heidenheim,1.0,0.0
Bundesliga,2025/26,2025-10-05 15:30:00,Hamburger SV,1. FSV Mainz 05,4.0,0.0
Bundesliga,2025/26,2025-10-05 17:30:00,Borussia M'gladbach,SC Freiburg,0.0,0.0
Bundesliga,2025/26,2025-10-17 18:30:00,1. FC Union Berlin,Borussia M'gladbach,3.0,1.0
Bundesliga,2025/26,2025-10-18 13:30:00,1. FC Köln,FC Augsburg,1.0,1.0
Bundesliga,2025/26,2025-10-18 13:30:00,1. FC Heidenheim,SV Werder Bremen,2.0,2.0
Bundesliga,2025/26,2025-10-18 13:30:00,VfL Wolfsburg,VfB Stuttgart,0.0,3.0
Bundesliga,2025/26,2025-10-18 13:30:00,RB Leipzig,Hamburger SV,2.0,1.0
Bundesliga,2025/26,2025-10-18 13:30:00,1. FSV Mainz 05,Bayer 04 Leverkusen,3.0,4.0
Bundesliga,2025/26,2025-10-18 16:30:00,FC Bayern München,Borussia Dortmund,2.0,1.0
Bundesliga,2025/26,2025-10-19 13:30:00,SC Freiburg,Eintracht Frankfurt,2.0,2.0
Bundesliga,2025/26,2025-10-19 15:30:00,FC St. Pauli,TSG Hoffenheim,0.0,3.0
Bundesliga,2025/26,2025-10-24 18:30:00,SV Werder Bremen,1. FC Union Berlin,1.0,0.0
Bundesliga,2025/26,2025-10-25 13:30:00,TSG Hoffenheim,1. FC Heidenheim,3.0,1.0
Bundesliga,2025/26,2025-10-25 13:30:00,Hamburger SV,VfL Wolfsburg,0.0,1.0
Bundesliga,2025/26,2025-10-25 13:30:00,Eintracht Frankfurt,FC St. Pauli,2.0,0.0
Bundesliga,2025/26,2025-10-25 13:30:00,FC Augsburg,RB Leipzig,0.0,6.0
Bundesliga,2025/26,2025-10-25 13:45:00,Borussia M'gladbach,FC Bayern München,0.0,3.0
Bundesliga,2025/26,2025-10-25 16:30:00,Borussia Dortmund,1. FC Köln,1.0,0.0
Bundesliga,2025/26,2025-10-26 14:30:00,Bayer 04 Leverkusen,SC Freiburg,2.0,0.0
Bundesliga,2025/26,2025-08-30 13:30:00,TSG Hoffenheim,Eintracht Frankfurt,1.0,3.0
Bundesliga,2025/26,2025-08-30 13:30:00,RB Leipzig,1. FC Heidenheim,2.0,0.0
Bundesliga,2025/26,2025-08-30 13:30:00,SV Werder Bremen,Bayer 04 Leverkusen,3.0,3.0
Bundesliga,2025/26,2025-08-30 16:30:00,FC Augsburg,FC Bayern München,2.0,3.0
Bundesliga,2025/26,2025-08-31 13:30:00,VfL Wolfsburg,1. FSV Mainz 05,1.0,1.0
Bundesliga,2025/26,2025-08-31 15:30:00,Borussia Dortmund,1. FC Union Berlin,3.0,0.0
Bundesliga,2025/26,2025-08-31 17:30:00,1. FC Köln,SC Freiburg,4.0,1.0
Bundesliga,2025/26,2025-09-12 18:30:00,Bayer 04 Leverkusen,Eintracht Frankfurt,3.0,1.0
Bundesliga,2025/26,2025-09-13 13:30:00,VfL Wolfsburg,1. FC Köln,3.0,3.0
Bundesliga,2025/26,2025-09-13 13:30:00,1. FC Union Berlin,TSG Hoffenheim,2.0,4.0
Bundesliga,2025/26,2025-09-13 13:30:00,SC Freiburg,VfB Stuttgart,3.0,1.0
Bundesliga,2025/26,2025-09-13 13:30:00,1. FSV Mainz 05,RB Leipzig,0.0,1.0
Bundesliga,2025/26,2025-09-13 13:30:00,1. FC Heidenheim,Borussia Dortmund,0.0,2.0
Bundesliga,2025/26,2025-09-13 16:30:00,FC Bayern München,Hamburger SV,5.0,0.0
Bundesliga,2025/26,2025-09-14 13:30:00,FC St. Pauli,FC Augsburg,2.0,1.0
Bundesliga,2025/26,2025-09-14 15:30:00,Borussia M'gladbach,SV Werder Bremen,0.0,4.0
Bundesliga,2025/26,2025-09-19 18:30:00,VfB Stuttgart,FC St. Pauli,2.0,0.0
Bundesliga,2025/26,2025-09-20 13:30:00,Hamburger SV,1. FC Heidenheim,2.0,1.0
Bundesliga,2025/26,2025-09-20 13:30:00,FC Augsburg,1. FSV Mainz 05,1.0,4.0
Bundesliga,2025/26,2025-09-20 13:30:00,SV Werder Bremen,SC Freiburg,0.0,3.0
Bundesliga,2025/26,2025-09-20 13:30:00,TSG Hoffenheim,FC Bayern München,1.0,4.0
Bundesliga,2025/26,2025-09-20 16:30:00,RB Leipzig,1. FC Köln,3.0,1.0
Bundesliga,2025/26,2025-09-21 13:30:00,Eintracht Frankfurt,1. FC Union Berlin,3.0,4.0
Bundesliga,2025/26,2025-09-21 15:30:00,Bayer 04 Leverkusen,Borussia M'gladbach,1.0,1.0
Bundesliga,2025/26,2025-09-21 17:30:00,Borussia Dortmund,VfL Wolfsburg,1.0,0.0
Bundesliga,2025/26,2025-09-26 18:30:00,FC Bayern München,SV Werder Bremen,4.0,0.0
Bundesliga,2025/26,2025-09-27 13:30:00,1. FC Heidenheim,FC Augsburg,2.0,1.0
Bundesliga,2025/26,2025-09-27 13:30:00,VfL Wolfsburg,RB Leipzig,0.0,1.0
Bundesliga,2025/26,2025-09-27 13:30:00,FC St. Pauli,Bayer 04 Leverkusen,1.0,2.0
Bundesliga,2025/26,2025-09-27 13:30:00,1. FSV Mainz 05,Borussia Dortmund,0.0,2.0
Bundesliga,2025/26,2025-08-22 18:30:00,FC Bayern München,RB Leipzig,6.0,0.0
Bundesliga,2025/26,2025-08-23 13:30:00,1. FC Heidenheim,VfL Wolfsburg,1.0,3.0
Bundesliga,2025/26,2025-08-23 13:30:00,SC Freiburg,FC Augsburg,1.0,3.0
Bundesliga,2025/26,2025-08-23 13:30:00,Eintracht Frankfurt,SV Werder Bremen,4.0,1.0
Bundesliga,2025/26,2025-08-23 13:30:00,1. FC Union Berlin,VfB Stuttgart,2.0,1.0
Bundesliga,2025/26,2025-08-23 13:30:00,Bayer 04 Leverkusen,TSG Hoffenheim,1.0,2.0
Bundesliga,2025/26,2025-08-23 16:30:00,FC St. Pauli,Borussia Dortmund,3.0,3.0
Bundesliga,2025/26,2025-08-24 13:30:00,1. FSV Mainz 05,1. FC Köln,0.0,1.0
Bundesliga,2025/26,2025-08-24 15:30:00,Borussia M'gladbach,Hamburger SV,0.0,0.0
Bundesliga,2025/26,2025-08-29 18:30:00,Hamburger SV,FC St. Pauli,0.0,2.0
Bundesliga,2025/26,2025-08-30 13:30:00,VfB Stuttgart,Borussia M'gladbach,1.0,0.0
Serie A,2026/27,2026-08-28 18:45:00,AC Milan,Venezia,2.0,0.0
Serie A,2026/27,2026-08-29 16:30:00,Monza,Udinese,2.0,3.0
Serie A,2026/27,2026-08-29 16:30:00,Sassuolo,Torino,2.0,1.0
Serie A,2026/27,2026-08-29 16:30:00,Fiorentina,Frosinone,0.0,3.0
Serie A,2026/27,2026-08-29 18:45:00,Juventus,Parma,2.0,0.0
Serie A,2026/27,2026-08-30 16:30:00,SSC Napoli,Como,1.0,2.0
Serie A,2026/27,2026-08-30 18:45:00,Lazio,Genoa,1.0,0.0
Serie A,2026/27,2026-08-30 18:45:00,Cagliari,Inter,0.0,1.0
Serie A,2026/27,2026-08-31 16:30:00,Lecce,AS Roma,0.0,4.0
Serie A,2026/27,2026-08-31 18:45:00,Atalanta,Bologna,1.0,0.0
Serie A,2026/27,2026-09-04 18:45:00,Genoa,Como,1.0,4.0
Serie A,2026/27,2026-09-05 13:00:00,Fiorentina,Torino,1.0,2.0
Serie A,2026/27,2026-09-05 16:00:00,Inter,SSC Napoli,3.0,2.0
Serie A,2026/27,2026-09-05 18:45:00,AS Roma,Atalanta,2.0,1.0
Serie A,2026/27,2026-09-06 13:00:00,Frosinone,Venezia,3.0,2.0
Serie A,2026/27,2026-09-06 13:00:00,Parma,Monza,1.0,1.0
Serie A,2026/27,2026-09-06 16:00:00,Bologna,Sassuolo,2.0,2.0
Serie A,2026/27,2026-09-06 18:45:00,Juventus,AC Milan,1.0,1.0
Serie A,2026/27,2026-09-07 16:30:00,Cagliari,Lecce,1.0,0.0
Serie A,2026/27,2026-09-07 18:45:00,Udinese,Lazio,1.0,2.0
Serie A,2026/27,2026-09-11 18:45:00,Venezia,Fiorentina,2.0,4.0
Serie A,2026/27,2026-09-12 13:00:00,Genoa,Frosinone,1.0,1.0
Serie A,2026/27,2026-09-12 16:00:00,Lazio,AC Milan,2.0,2.0
Serie A,2026/27,2026-09-12 18:45:00,Atalanta,Cagliari,1.0,2.0
Serie A,2026/27,2026-09-13 13:00:00,Lecce,Monza,3.0,2.0
Serie A,2026/27,2026-09-13 16:00:00,SSC Napoli,Bologna,1.0,0.0
Serie A,2026/27,2026-09-13 18:45:00,Sassuolo,Juventus,3.0,2.0
Serie A,2026/27,2026-09-14 16:30:00,Como,Parma,2.0,1.0
Serie A,2026/27,2026-09-14 16:30:00,Torino,AS Roma,0.0,2.0
Serie A,2026/27,2026-09-14 18:45:00,Inter,Udinese,5.0,3.0
Serie A,2026/27,2026-08-22 16:30:00,Udinese,Como,1.0,1.0
Serie A,2026/27,2026-08-22 16:30:00,Inter,Monza,4.0,1.0
Serie A,2026/27,2026-08-22 18:45:00,Parma,Cagliari,0.0,1.0
Serie A,2026/27,2026-08-22 18:45:00,Genoa,SSC Napoli,0.0,2.0
Serie A,2026/27,2026-08-23 16:30:00,Venezia,Lecce,0.0,2.0
Serie A,2026/27,2026-08-23 16:30:00,Frosinone,Juventus,0.0,1.0
Serie A,2026/27,2026-08-23 18:45:00,Atalanta,Sassuolo,2.0,1.0
Serie A,2026/27,2026-08-23 18:45:00,Torino,AC Milan,1.0,2.0
Serie A,2026/27,2026-08-24 16:30:00,Bologna,Lazio,0.0,1.0
Serie A,2026/27,2026-08-24 18:45:00,AS Roma,Fiorentina,4.0,0.0
Serie A,2025/26,2026-05-08 18:45:00,Torino,Sassuolo,2.0,1.0
Serie A,2025/26,2026-05-09 13:00:00,Cagliari,Udinese,0.0,2.0
Serie A,2025/26,2026-05-09 16:00:00,Lazio,Inter,0.0,3.0
Serie A,2025/26,2026-05-09 18:45:00,Lecce,Juventus,0.0,1.0
Serie A,2025/26,2026-05-10 10:30:00,Hellas Verona,Como,0.0,1.0
Serie A,2025/26,2026-05-10 13:00:00,Cremonese,Pisa,3.0,0.0
Serie A,2025/26,2026-05-10 13:00:00,Fiorentina,Genoa,0.0,0.0
Serie A,2025/26,2026-05-10 16:00:00,Parma,AS Roma,2.0,3.0
Serie A,2025/26,2026-05-10 18:45:00,AC Milan,Atalanta,2.0,3.0
Serie A,2025/26,2026-05-11 18:45:00,SSC Napoli,Bologna,2.0,3.0
Serie A,2025/26,2026-05-17 10:00:00,Como,Parma,1.0,0.0
Serie A,2025/26,2026-05-17 10:00:00,AS Roma,Lazio,2.0,0.0
Serie A,2025/26,2026-05-17 10:00:00,Pisa,SSC Napoli,0.0,3.0
Serie A,2025/26,2026-05-17 10:00:00,Juventus,Fiorentina,0.0,2.0
Serie A,2025/26,2026-05-17 10:00:00,Genoa,AC Milan,1.0,2.0
Serie A,2025/26,2026-05-17 13:00:00,Inter,Hellas Verona,1.0,1.0
Serie A,2025/26,2026-05-17 16:00:00,Atalanta,Bologna,0.0,1.0
Serie A,2025/26,2026-05-17 18:45:00,Udinese,Cremonese,0.0,1.0
Serie A,2025/26,2026-05-17 18:45:00,Sassuolo,Lecce,2.0,3.0
Serie A,2025/26,2026-05-17 18:45:00,Cagliari,Torino,2.0,1.0
Serie A,2025/26,2026-05-22 18:45:00,Fiorentina,Atalanta,1.0,1.0
Serie A,2025/26,2026-05-23 16:00:00,Bologna,Inter,3.0,3.0
Serie A,2025/26,2026-05-23 18:45:00,Lazio,Pisa,2.0,1.0
Serie A,2025/26,2026-05-24 13:00:00,Parma,Sassuolo,1.0,0.0
Serie A,2025/26,2026-05-24 16:00:00,SSC Napoli,Udinese,1.0,0.0
Serie A,2025/26,2026-05-24 18:45:00,Lecce,Genoa,1.0,0.0
Serie A,2025/26,2026-05-24 18:45:00,Cremonese,Como,1.0,4.0
Serie A,2025/26,2026-05-24 18:45:00,Hellas Verona,AS Roma,0.0,2.0
Serie A,2025/26,2026-05-24 18:45:00,AC Milan,Cagliari,1.0,2.0
Serie A,2025/26,2026-05-24 19:45:00,Torino,Juventus,2.0,2.0
Serie A,2025/26,2026-04-17 16:30:00,Sassuolo,Como,2.0,1.0
Serie A,2025/26,2026-04-17 18:45:00,Inter,Cagliari,3.0,0.0
Serie A,2025/26,2026-04-18 13:00:00,Udinese,Parma,0.0,1.0
Serie A,2025/26,2026-04-18 16:00:00,SSC Napoli,Lazio,0.0,2.0
Serie A,2025/26,2026-04-18 18:45:00,AS Roma,Atalanta,1.0,1.0
Serie A,2025/26,2026-04-19 10:30:00,Cremonese,Torino,0.0,0.0
Serie A,2025/26,2026-04-19 13:00:00,Hellas Verona,AC Milan,0.0,1.0
Serie A,2025/26,2026-04-19 16:00:00,Pisa,Genoa,1.0,2.0
Serie A,2025/26,2026-04-19 18:45:00,Juventus,Bologna,2.0,0.0
Serie A,2025/26,2026-04-20 18:45:00,Lecce,Fiorentina,1.0,1.0
Serie A,2025/26,2026-04-24 18:45:00,SSC Napoli,Cremonese,4.0,0.0
Serie A,2025/26,2026-04-25 13:00:00,Parma,Pisa,1.0,0.0
Serie A,2025/26,2026-04-25 16:00:00,Bologna,AS Roma,0.0,2.0
Serie A,2025/26,2026-04-25 18:45:00,Hellas Verona,Lecce,0.0,0.0
Serie A,2025/26,2026-04-26 10:30:00,Fiorentina,Sassuolo,0.0,0.0
Serie A,2025/26,2026-04-26 13:00:00,Genoa,Como,0.0,2.0
Serie A,2025/26,2026-04-26 16:00:00,Torino,Inter,2.0,2.0
Serie A,2025/26,2026-04-26 18:45:00,AC Milan,Juventus,0.0,0.0
Serie A,2025/26,2026-04-27 16:30:00,Cagliari,Atalanta,3.0,2.0
Serie A,2025/26,2026-04-27 18:45:00,Lazio,Udinese,3.0,3.0
Serie A,2025/26,2026-05-01 18:45:00,Pisa,Lecce,1.0,2.0
Serie A,2025/26,2026-05-02 13:00:00,Udinese,Torino,2.0,0.0
Serie A,2025/26,2026-05-02 16:00:00,Como,SSC Napoli,0.0,0.0
Serie A,2025/26,2026-05-02 18:45:00,Atalanta,Genoa,0.0,0.0
Serie A,2025/26,2026-05-03 10:30:00,Bologna,Cagliari,0.0,0.0
Serie A,2025/26,2026-05-03 13:00:00,Sassuolo,AC Milan,2.0,0.0
Serie A,2025/26,2026-05-03 16:00:00,Juventus,Hellas Verona,1.0,1.0
Serie A,2025/26,2026-05-03 18:45:00,Inter,Parma,2.0,0.0
Serie A,2025/26,2026-05-04 16:30:00,Cremonese,Lazio,1.0,2.0
Serie A,2025/26,2026-05-04 18:45:00,AS Roma,Fiorentina,4.0,0.0
Serie A,2025/26,2026-03-20 17:30:00,Cagliari,SSC Napoli,0.0,1.0
Serie A,2025/26,2026-03-20 19:45:00,Genoa,Udinese,0.0,2.0
Serie A,2025/26,2026-03-21 14:00:00,Parma,Cremonese,0.0,2.0
Serie A,2025/26,2026-03-21 17:00:00,AC Milan,Torino,3.0,2.0
Serie A,2025/26,2026-03-21 19:45:00,Juventus,Sassuolo,1.0,1.0
Serie A,2025/26,2026-03-22 11:30:00,Como,Pisa,5.0,0.0
Serie A,2025/26,2026-03-22 14:00:00,Bologna,Lazio,0.0,2.0
Serie A,2025/26,2026-03-22 14:00:00,Atalanta,Hellas Verona,1.0,0.0
Serie A,2025/26,2026-03-22 17:00:00,AS Roma,Lecce,1.0,0.0
Serie A,2025/26,2026-03-22 19:45:00,Fiorentina,Inter,1.0,1.0
Serie A,2025/26,2026-04-04 13:00:00,Sassuolo,Cagliari,2.0,1.0
Serie A,2025/26,2026-04-04 16:00:00,Hellas Verona,Fiorentina,0.0,1.0
Serie A,2025/26,2026-04-04 18:45:00,Lazio,Parma,1.0,1.0
Serie A,2025/26,2026-04-05 13:00:00,Cremonese,Bologna,1.0,2.0
Serie A,2025/26,2026-04-05 16:00:00,Pisa,Torino,0.0,1.0
Serie A,2025/26,2026-04-05 18:45:00,Inter,AS Roma,5.0,2.0
Serie A,2025/26,2026-04-06 10:30:00,Udinese,Como,0.0,0.0
Serie A,2025/26,2026-04-06 13:00:00,Lecce,Atalanta,0.0,3.0
Serie A,2025/26,2026-04-06 16:00:00,Juventus,Genoa,2.0,0.0
Serie A,2025/26,2026-04-06 18:45:00,SSC Napoli,AC Milan,1.0,0.0
Serie A,2025/26,2026-04-10 18:45:00,AS Roma,Pisa,3.0,0.0
Serie A,2025/26,2026-04-11 13:00:00,Cagliari,Cremonese,1.0,0.0
Serie A,2025/26,2026-04-11 13:00:00,Torino,Hellas Verona,2.0,1.0
Serie A,2025/26,2026-04-11 16:00:00,AC Milan,Udinese,0.0,3.0
Serie A,2025/26,2026-04-11 18:45:00,Atalanta,Juventus,0.0,1.0
Serie A,2025/26,2026-04-12 10:30:00,Genoa,Sassuolo,2.0,1.0
Serie A,2025/26,2026-04-12 13:00:00,Parma,SSC Napoli,1.0,1.0
Serie A,2025/26,2026-04-12 16:00:00,Bologna,Lecce,2.0,0.0
Serie A,2025/26,2026-04-12 18:45:00,Como,Inter,3.0,4.0
Serie A,2025/26,2026-04-13 18:45:00,Fiorentina,Lazio,1.0,0.0
Serie A,2025/26,2026-02-27 19:45:00,Parma,Cagliari,1.0,1.0
Serie A,2025/26,2026-02-28 14:00:00,Como,Lecce,3.0,1.0
Serie A,2025/26,2026-02-28 17:00:00,Hellas Verona,SSC Napoli,1.0,2.0
Serie A,2025/26,2026-02-28 19:45:00,Inter,Genoa,2.0,0.0
Serie A,2025/26,2026-03-01 11:30:00,Cremonese,AC Milan,0.0,2.0
Serie A,2025/26,2026-03-01 14:00:00,Sassuolo,Atalanta,2.0,1.0
Serie A,2025/26,2026-03-01 17:00:00,Torino,Lazio,2.0,0.0
Serie A,2025/26,2026-03-01 19:45:00,AS Roma,Juventus,3.0,3.0
Serie A,2025/26,2026-03-02 17:30:00,Pisa,Bologna,0.0,1.0
Serie A,2025/26,2026-03-02 19:45:00,Udinese,Fiorentina,3.0,0.0
Serie A,2025/26,2026-03-06 19:45:00,SSC Napoli,Torino,2.0,1.0
Serie A,2025/26,2026-03-07 14:00:00,Cagliari,Como,1.0,2.0
Serie A,2025/26,2026-03-07 17:00:00,Atalanta,Udinese,2.0,2.0
Serie A,2025/26,2026-03-07 19:45:00,Juventus,Pisa,4.0,0.0
Serie A,2025/26,2026-03-08 11:30:00,Lecce,Cremonese,2.0,1.0
Serie A,2025/26,2026-03-08 14:00:00,Bologna,Hellas Verona,1.0,2.0
Serie A,2025/26,2026-03-08 14:00:00,Fiorentina,Parma,0.0,0.0
Serie A,2025/26,2026-03-08 17:00:00,Genoa,AS Roma,2.0,1.0
Serie A,2025/26,2026-03-08 19:45:00,AC Milan,Inter,1.0,0.0
Serie A,2025/26,2026-03-09 19:45:00,Lazio,Sassuolo,2.0,1.0
Serie A,2025/26,2026-03-13 19:45:00,Torino,Parma,4.0,1.0
Serie A,2025/26,2026-03-14 14:00:00,Inter,Atalanta,1.0,1.0
Serie A,2025/26,2026-03-14 17:00:00,SSC Napoli,Lecce,2.0,1.0
Serie A,2025/26,2026-03-14 19:45:00,Udinese,Juventus,0.0,1.0
Serie A,2025/26,2026-03-15 11:30:00,Hellas Verona,Genoa,0.0,2.0
Serie A,2025/26,2026-03-15 14:00:00,Pisa,Cagliari,3.0,1.0
Serie A,2025/26,2026-03-15 14:00:00,Sassuolo,Bologna,0.0,1.0
Serie A,2025/26,2026-03-15 17:00:00,Como,AS Roma,2.0,1.0
Serie A,2025/26,2026-03-15 19:45:00,Lazio,AC Milan,1.0,0.0
Serie A,2025/26,2026-03-16 19:45:00,Cremonese,Fiorentina,1.0,4.0
Serie A,2025/26,2026-02-07 17:00:00,Genoa,SSC Napoli,2.0,3.0
Serie A,2025/26,2026-02-07 19:45:00,Fiorentina,Torino,2.0,2.0
Serie A,2025/26,2026-02-08 11:30:00,Bologna,Parma,0.0,1.0
Serie A,2025/26,2026-02-08 14:00:00,Lecce,Udinese,2.0,1.0
Serie A,2025/26,2026-02-08 14:00:00,AC Milan,Como,,
Serie A,2025/26,2026-02-08 17:00:00,Sassuolo,Inter,0.0,5.0
Serie A,2025/26,2026-02-08 19:45:00,Juventus,Lazio,2.0,2.0
Serie A,2025/26,2026-02-09 17:30:00,Atalanta,Cremonese,2.0,1.0
Serie A,2025/26,2026-02-09 19:45:00,AS Roma,Cagliari,2.0,0.0
Serie A,2025/26,2026-02-13 19:45:00,Pisa,AC Milan,1.0,2.0
Serie A,2025/26,2026-02-14 14:00:00,Como,Fiorentina,1.0,2.0
Serie A,2025/26,2026-02-14 17:00:00,Lazio,Atalanta,0.0,2.0
Serie A,2025/26,2026-02-14 19:45:00,Inter,Juventus,3.0,2.0
Serie A,2025/26,2026-02-15 11:30:00,Udinese,Sassuolo,1.0,2.0
Serie A,2025/26,2026-02-15 14:00:00,Cremonese,Genoa,0.0,0.0
Serie A,2025/26,2026-02-15 14:00:00,Parma,Hellas Verona,2.0,1.0
Serie A,2025/26,2026-02-15 17:00:00,Torino,Bologna,1.0,2.0
Serie A,2025/26,2026-02-15 19:45:00,SSC Napoli,AS Roma,2.0,2.0
Serie A,2025/26,2026-02-16 19:45:00,Cagliari,Lecce,0.0,2.0
Serie A,2025/26,2026-02-18 19:45:00,AC Milan,Como,1.0,1.0
Serie A,2025/26,2026-02-20 19:45:00,Sassuolo,Hellas Verona,3.0,0.0
Serie A,2025/26,2026-02-21 14:00:00,Juventus,Como,0.0,2.0
Serie A,2025/26,2026-02-21 17:00:00,Lecce,Inter,0.0,2.0
Serie A,2025/26,2026-02-21 19:45:00,Cagliari,Lazio,0.0,0.0
Serie A,2025/26,2026-02-22 11:30:00,Genoa,Torino,3.0,0.0
Serie A,2025/26,2026-02-22 14:00:00,Atalanta,SSC Napoli,2.0,1.0
Serie A,2025/26,2026-02-22 17:00:00,AC Milan,Parma,0.0,1.0
Serie A,2025/26,2026-02-22 19:45:00,AS Roma,Cremonese,3.0,0.0
Serie A,2025/26,2026-02-23 17:30:00,Fiorentina,Pisa,1.0,0.0
Serie A,2025/26,2026-02-23 19:45:00,Bologna,Udinese,1.0,0.0
Serie A,2025/26,2026-01-17 14:00:00,Udinese,Inter,0.0,1.0
Serie A,2025/26,2026-01-17 17:00:00,SSC Napoli,Sassuolo,1.0,0.0
Serie A,2025/26,2026-01-17 19:45:00,Cagliari,Juventus,1.0,0.0
Serie A,2025/26,2026-01-18 11:30:00,Parma,Genoa,0.0,0.0
Serie A,2025/26,2026-01-18 14:00:00,Bologna,Fiorentina,1.0,2.0
Serie A,2025/26,2026-01-18 17:00:00,Torino,AS Roma,0.0,2.0
Serie A,2025/26,2026-01-18 19:45:00,AC Milan,Lecce,1.0,0.0
Serie A,2025/26,2026-01-19 17:30:00,Cremonese,Hellas Verona,0.0,0.0
Serie A,2025/26,2026-01-19 19:45:00,Lazio,Como,0.0,3.0
Serie A,2025/26,2026-01-23 19:45:00,Inter,Pisa,6.0,2.0
Serie A,2025/26,2026-01-24 14:00:00,Como,Torino,6.0,0.0
Serie A,2025/26,2026-01-24 17:00:00,Fiorentina,Cagliari,1.0,2.0
Serie A,2025/26,2026-01-24 19:45:00,Lecce,Lazio,0.0,0.0
Serie A,2025/26,2026-01-25 11:30:00,Sassuolo,Cremonese,1.0,0.0
Serie A,2025/26,2026-01-25 14:00:00,Genoa,Bologna,3.0,2.0
Serie A,2025/26,2026-01-25 14:00:00,Atalanta,Parma,4.0,0.0
Serie A,2025/26,2026-01-25 17:00:00,Juventus,SSC Napoli,3.0,0.0
Serie A,2025/26,2026-01-25 19:45:00,AS Roma,AC Milan,1.0,1.0
Serie A,2025/26,2026-01-26 19:45:00,Hellas Verona,Udinese,1.0,3.0
Serie A,2025/26,2026-01-30 19:45:00,Lazio,Genoa,3.0,2.0
Serie A,2025/26,2026-01-31 14:00:00,Pisa,Sassuolo,1.0,3.0
Serie A,2025/26,2026-01-31 17:00:00,SSC Napoli,Fiorentina,2.0,1.0
Serie A,2025/26,2026-01-31 19:45:00,Cagliari,Hellas Verona,4.0,0.0
Serie A,2025/26,2026-02-01 11:30:00,Torino,Lecce,1.0,0.0
Serie A,2025/26,2026-02-01 14:00:00,Como,Atalanta,0.0,0.0
Serie A,2025/26,2026-02-01 17:00:00,Cremonese,Inter,0.0,2.0
Serie A,2025/26,2026-02-01 19:45:00,Parma,Juventus,1.0,4.0
Serie A,2025/26,2026-02-02 19:45:00,Udinese,AS Roma,1.0,0.0
Serie A,2025/26,2026-02-03 19:45:00,Bologna,AC Milan,0.0,3.0
Serie A,2025/26,2026-02-06 19:45:00,Hellas Verona,Pisa,0.0,0.0
Serie A,2025/26,2026-01-03 19:45:00,Atalanta,AS Roma,1.0,0.0
Serie A,2025/26,2026-01-04 11:30:00,Lazio,SSC Napoli,0.0,2.0
Serie A,2025/26,2026-01-04 14:00:00,Fiorentina,Cremonese,1.0,0.0
Serie A,2025/26,2026-01-04 17:00:00,Hellas Verona,Torino,0.0,3.0
Serie A,2025/26,2026-01-04 19:45:00,Inter,Bologna,3.0,1.0
Serie A,2025/26,2026-01-06 14:00:00,Pisa,Como,0.0,3.0
Serie A,2025/26,2026-01-06 17:00:00,Lecce,AS Roma,0.0,2.0
Serie A,2025/26,2026-01-06 19:45:00,Sassuolo,Juventus,0.0,3.0
Serie A,2025/26,2026-01-07 17:30:00,Bologna,Atalanta,0.0,2.0
Serie A,2025/26,2026-01-07 17:30:00,SSC Napoli,Hellas Verona,2.0,2.0
Serie A,2025/26,2026-01-07 19:45:00,Torino,Udinese,1.0,2.0
Serie A,2025/26,2026-01-07 19:45:00,Lazio,Fiorentina,2.0,2.0
Serie A,2025/26,2026-01-07 19:45:00,Parma,Inter,0.0,2.0
Serie A,2025/26,2026-01-08 17:30:00,Cremonese,Cagliari,2.0,2.0
Serie A,2025/26,2026-01-08 19:45:00,AC Milan,Genoa,1.0,1.0
Serie A,2025/26,2026-01-10 14:00:00,Udinese,Pisa,2.0,2.0
Serie A,2025/26,2026-01-10 14:00:00,Como,Bologna,1.0,1.0
Serie A,2025/26,2026-01-10 17:00:00,AS Roma,Sassuolo,2.0,0.0
Serie A,2025/26,2026-01-10 19:45:00,Atalanta,Torino,2.0,0.0
Serie A,2025/26,2026-01-11 11:30:00,Lecce,Parma,1.0,2.0
Serie A,2025/26,2026-01-11 14:00:00,Fiorentina,AC Milan,1.0,1.0
Serie A,2025/26,2026-01-11 17:00:00,Hellas Verona,Lazio,0.0,1.0
Serie A,2025/26,2026-01-11 19:45:00,Inter,SSC Napoli,2.0,2.0
Serie A,2025/26,2026-01-12 17:30:00,Genoa,Cagliari,3.0,0.0
Serie A,2025/26,2026-01-12 19:45:00,Juventus,Cremonese,5.0,0.0
Serie A,2025/26,2026-01-14 17:30:00,SSC Napoli,Parma,0.0,0.0
Serie A,2025/26,2026-01-14 19:45:00,Inter,Lecce,1.0,0.0
Serie A,2025/26,2026-01-15 17:30:00,Hellas Verona,Bologna,2.0,3.0
Serie A,2025/26,2026-01-15 19:45:00,Como,AC Milan,1.0,3.0
Serie A,2025/26,2026-01-16 19:45:00,Pisa,Atalanta,1.0,1.0
Serie A,2025/26,2025-12-14 14:00:00,Fiorentina,Hellas Verona,1.0,2.0
Serie A,2025/26,2025-12-14 14:00:00,Udinese,SSC Napoli,1.0,0.0
Serie A,2025/26,2025-12-14 17:00:00,Genoa,Inter,1.0,2.0
Serie A,2025/26,2025-12-14 19:45:00,Bologna,Juventus,0.0,1.0
Serie A,2025/26,2025-12-15 19:45:00,AS Roma,Como,1.0,0.0
Serie A,2025/26,2025-12-20 17:00:00,Lazio,Cremonese,0.0,0.0
Serie A,2025/26,2025-12-20 19:45:00,Juventus,AS Roma,2.0,1.0
Serie A,2025/26,2025-12-21 11:30:00,Cagliari,Pisa,2.0,2.0
Serie A,2025/26,2025-12-21 14:00:00,Sassuolo,Torino,0.0,1.0
Serie A,2025/26,2025-12-21 14:00:00,Hellas Verona,Bologna,,
Serie A,2025/26,2025-12-21 14:00:00,SSC Napoli,Parma,,
Serie A,2025/26,2025-12-21 14:00:00,Como,AC Milan,,
Serie A,2025/26,2025-12-21 14:00:00,Inter,Lecce,,
Serie A,2025/26,2025-12-21 17:00:00,Fiorentina,Udinese,5.0,1.0
Serie A,2025/26,2025-12-21 19:45:00,Genoa,Atalanta,0.0,1.0
Serie A,2025/26,2025-12-27 11:30:00,Parma,Fiorentina,1.0,0.0
Serie A,2025/26,2025-12-27 14:00:00,Torino,Cagliari,1.0,2.0
Serie A,2025/26,2025-12-27 14:00:00,Lecce,Como,0.0,3.0
Serie A,2025/26,2025-12-27 17:00:00,Udinese,Lazio,1.0,1.0
Serie A,2025/26,2025-12-27 19:45:00,Pisa,Juventus,0.0,2.0
Serie A,2025/26,2025-12-28 11:30:00,AC Milan,Hellas Verona,3.0,0.0
Serie A,2025/26,2025-12-28 14:00:00,Cremonese,SSC Napoli,0.0,2.0
Serie A,2025/26,2025-12-28 17:00:00,Bologna,Sassuolo,1.0,1.0
Serie A,2025/26,2025-12-28 19:45:00,Atalanta,Inter,0.0,1.0
Serie A,2025/26,2025-12-29 19:45:00,AS Roma,Genoa,3.0,1.0
Serie A,2025/26,2026-01-02 19:45:00,Cagliari,AC Milan,0.0,1.0
Serie A,2025/26,2026-01-03 11:30:00,Como,Udinese,1.0,0.0
Serie A,2025/26,2026-01-03 14:00:00,Genoa,Pisa,1.0,1.0
Serie A,2025/26,2026-01-03 14:00:00,Sassuolo,Parma,1.0,1.0
Serie A,2025/26,2026-01-03 17:00:00,Juventus,Lecce,1.0,1.0
Serie A,2025/26,2025-11-23 14:00:00,Cremonese,AS Roma,1.0,3.0
Serie A,2025/26,2025-11-23 17:00:00,Lazio,Lecce,2.0,0.0
Serie A,2025/26,2025-11-23 19:45:00,Inter,AC Milan,0.0,1.0
Serie A,2025/26,2025-11-24 17:30:00,Torino,Como,1.0,5.0
Serie A,2025/26,2025-11-24 19:45:00,Sassuolo,Pisa,2.0,2.0
Serie A,2025/26,2025-11-28 19:45:00,Como,Sassuolo,2.0,0.0
Serie A,2025/26,2025-11-29 14:00:00,Genoa,Hellas Verona,2.0,1.0
Serie A,2025/26,2025-11-29 14:00:00,Parma,Udinese,0.0,2.0
Serie A,2025/26,2025-11-29 17:00:00,Juventus,Cagliari,2.0,1.0
Serie A,2025/26,2025-11-29 19:45:00,AC Milan,Lazio,1.0,0.0
Serie A,2025/26,2025-11-30 11:30:00,Lecce,Torino,2.0,1.0
Serie A,2025/26,2025-11-30 14:00:00,Pisa,Inter,0.0,2.0
Serie A,2025/26,2025-11-30 17:00:00,Atalanta,Fiorentina,2.0,0.0
Serie A,2025/26,2025-11-30 19:45:00,AS Roma,SSC Napoli,0.0,1.0
Serie A,2025/26,2025-12-01 19:45:00,Bologna,Cremonese,1.0,3.0
Serie A,2025/26,2025-12-06 14:00:00,Sassuolo,Fiorentina,3.0,1.0
Serie A,2025/26,2025-12-06 17:00:00,Inter,Como,4.0,0.0
Serie A,2025/26,2025-12-06 19:45:00,Hellas Verona,Atalanta,3.0,1.0
Serie A,2025/26,2025-12-07 11:30:00,Cremonese,Lecce,2.0,0.0
Serie A,2025/26,2025-12-07 14:00:00,Cagliari,AS Roma,1.0,0.0
Serie A,2025/26,2025-12-07 17:00:00,Lazio,Bologna,1.0,1.0
Serie A,2025/26,2025-12-07 19:45:00,SSC Napoli,Juventus,2.0,1.0
Serie A,2025/26,2025-12-08 14:00:00,Pisa,Parma,0.0,1.0
Serie A,2025/26,2025-12-08 17:00:00,Udinese,Genoa,1.0,2.0
Serie A,2025/26,2025-12-08 19:45:00,Torino,AC Milan,2.0,3.0
Serie A,2025/26,2025-12-12 19:45:00,Lecce,Pisa,1.0,0.0
Serie A,2025/26,2025-12-13 14:00:00,Torino,Cremonese,1.0,0.0
Serie A,2025/26,2025-12-13 17:00:00,Parma,Lazio,0.0,1.0
Serie A,2025/26,2025-12-13 19:45:00,Atalanta,Cagliari,2.0,1.0
Serie A,2025/26,2025-12-14 11:30:00,AC Milan,Sassuolo,2.0,2.0
Serie A,2025/26,2025-10-29 19:45:00,Genoa,Cremonese,0.0,2.0
Serie A,2025/26,2025-10-29 19:45:00,Bologna,Torino,0.0,0.0
Serie A,2025/26,2025-10-29 19:45:00,Inter,Fiorentina,3.0,0.0
Serie A,2025/26,2025-10-30 17:30:00,Cagliari,Sassuolo,1.0,2.0
Serie A,2025/26,2025-10-30 19:45:00,Pisa,Lazio,0.0,0.0
Serie A,2025/26,2025-11-01 14:00:00,Udinese,Atalanta,1.0,0.0
Serie A,2025/26,2025-11-01 17:00:00,SSC Napoli,Como,0.0,0.0
Serie A,2025/26,2025-11-01 19:45:00,Cremonese,Juventus,1.0,2.0
Serie A,2025/26,2025-11-02 11:30:00,Hellas Verona,Inter,1.0,2.0
Serie A,2025/26,2025-11-02 14:00:00,Torino,Pisa,2.0,2.0
Serie A,2025/26,2025-11-02 14:00:00,Fiorentina,Lecce,0.0,1.0
Serie A,2025/26,2025-11-02 17:00:00,Parma,Bologna,1.0,3.0
Serie A,2025/26,2025-11-02 19:45:00,AC Milan,AS Roma,1.0,0.0
Serie A,2025/26,2025-11-03 17:30:00,Sassuolo,Genoa,1.0,2.0
Serie A,2025/26,2025-11-03 19:45:00,Lazio,Cagliari,2.0,0.0
Serie A,2025/26,2025-11-07 19:45:00,Pisa,Cremonese,1.0,0.0
Serie A,2025/26,2025-11-08 14:00:00,Lecce,Hellas Verona,0.0,0.0
Serie A,2025/26,2025-11-08 14:00:00,Como,Cagliari,0.0,0.0
Serie A,2025/26,2025-11-08 17:00:00,Juventus,Torino,0.0,0.0
Serie A,2025/26,2025-11-08 19:45:00,Parma,AC Milan,2.0,2.0
Serie A,2025/26,2025-11-09 11:30:00,Atalanta,Sassuolo,0.0,3.0
Serie A,2025/26,2025-11-09 14:00:00,Genoa,Fiorentina,2.0,2.0
Serie A,2025/26,2025-11-09 14:00:00,Bologna,SSC Napoli,2.0,0.0
Serie A,2025/26,2025-11-09 17:00:00,AS Roma,Udinese,2.0,0.0
Serie A,2025/26,2025-11-09 19:45:00,Inter,Lazio,2.0,0.0
Serie A,2025/26,2025-11-22 14:00:00,Cagliari,Genoa,3.0,3.0
Serie A,2025/26,2025-11-22 14:00:00,Udinese,Bologna,0.0,3.0
Serie A,2025/26,2025-11-22 17:00:00,Fiorentina,Juventus,1.0,1.0
Serie A,2025/26,2025-11-22 19:45:00,SSC Napoli,Atalanta,3.0,1.0
Serie A,2025/26,2025-11-23 11:30:00,Hellas Verona,Parma,1.0,2.0
Serie A,2025/26,2025-10-05 10:30:00,Udinese,Cagliari,1.0,1.0
Serie A,2025/26,2025-10-05 13:00:00,Bologna,Pisa,4.0,0.0
Serie A,2025/26,2025-10-05 13:00:00,Fiorentina,AS Roma,1.0,2.0
Serie A,2025/26,2025-10-05 16:00:00,SSC Napoli,Genoa,2.0,1.0
Serie A,2025/26,2025-10-05 18:45:00,Juventus,AC Milan,0.0,0.0
Serie A,2025/26,2025-10-18 13:00:00,Pisa,Hellas Verona,0.0,0.0
Serie A,2025/26,2025-10-18 13:00:00,Lecce,Sassuolo,0.0,0.0
Serie A,2025/26,2025-10-18 16:00:00,Torino,SSC Napoli,1.0,0.0
Serie A,2025/26,2025-10-18 18:45:00,AS Roma,Inter,0.0,1.0
Serie A,2025/26,2025-10-19 10:30:00,Como,Juventus,2.0,0.0
Serie A,2025/26,2025-10-19 13:00:00,Genoa,Parma,0.0,0.0
Serie A,2025/26,2025-10-19 13:00:00,Cagliari,Bologna,0.0,2.0
Serie A,2025/26,2025-10-19 16:00:00,Atalanta,Lazio,0.0,0.0
Serie A,2025/26,2025-10-19 18:45:00,AC Milan,Fiorentina,2.0,1.0
Serie A,2025/26,2025-10-20 18:45:00,Cremonese,Udinese,1.0,1.0
Serie A,2025/26,2025-10-24 18:45:00,AC Milan,Pisa,2.0,2.0
Serie A,2025/26,2025-10-25 13:00:00,Udinese,Lecce,3.0,2.0
Serie A,2025/26,2025-10-25 13:00:00,Parma,Como,0.0,0.0
Serie A,2025/26,2025-10-25 16:00:00,SSC Napoli,Inter,3.0,1.0
Serie A,2025/26,2025-10-25 18:45:00,Cremonese,Atalanta,1.0,1.0
Serie A,2025/26,2025-10-26 11:30:00,Torino,Genoa,2.0,1.0
Serie A,2025/26,2025-10-26 14:00:00,Hellas Verona,Cagliari,2.0,2.0
Serie A,2025/26,2025-10-26 14:00:00,Sassuolo,AS Roma,0.0,1.0
Serie A,2025/26,2025-10-26 17:00:00,Fiorentina,Bologna,2.0,2.0
Serie A,2025/26,2025-10-26 19:45:00,Lazio,Juventus,1.0,0.0
Serie A,2025/26,2025-10-28 17:30:00,Lecce,SSC Napoli,0.0,1.0
Serie A,2025/26,2025-10-28 19:45:00,Atalanta,AC Milan,1.0,1.0
Serie A,2025/26,2025-10-29 17:30:00,Como,Hellas Verona,3.0,1.0
Serie A,2025/26,2025-10-29 17:30:00,AS Roma,Parma,2.0,1.0
Serie A,2025/26,2025-10-29 17:30:00,Juventus,Udinese,3.0,1.0
Serie A,2025/26,2025-09-14 13:00:00,Atalanta,Lecce,4.0,1.0
Serie A,2025/26,2025-09-14 16:00:00,Sassuolo,Lazio,1.0,0.0
Serie A,2025/26,2025-09-14 18:45:00,AC Milan,Bologna,1.0,0.0
Serie A,2025/26,2025-09-15 16:30:00,Hellas Verona,Cremonese,0.0,0.0
Serie A,2025/26,2025-09-15 18:45:00,Como,Genoa,1.0,1.0
Serie A,2025/26,2025-09-19 18:45:00,Lecce,Cagliari,1.0,2.0
Serie A,2025/26,2025-09-20 13:00:00,Bologna,Genoa,2.0,1.0
Serie A,2025/26,2025-09-20 16:00:00,Hellas Verona,Juventus,1.0,1.0
Serie A,2025/26,2025-09-20 18:45:00,Udinese,AC Milan,0.0,3.0
Serie A,2025/26,2025-09-21 10:30:00,Lazio,AS Roma,0.0,1.0
Serie A,2025/26,2025-09-21 13:00:00,Cremonese,Parma,0.0,0.0
Serie A,2025/26,2025-09-21 13:00:00,Torino,Atalanta,0.0,3.0
Serie A,2025/26,2025-09-21 16:00:00,Fiorentina,Como,1.0,2.0
Serie A,2025/26,2025-09-21 18:45:00,Inter,Sassuolo,2.0,1.0
Serie A,2025/26,2025-09-22 18:45:00,SSC Napoli,Pisa,3.0,2.0
Serie A,2025/26,2025-09-27 13:00:00,Como,Cremonese,1.0,1.0
Serie A,2025/26,2025-09-27 16:00:00,Juventus,Atalanta,1.0,1.0
Serie A,2025/26,2025-09-27 18:45:00,Cagliari,Inter,0.0,2.0
Serie A,2025/26,2025-09-28 10:30:00,Sassuolo,Udinese,3.0,1.0
Serie A,2025/26,2025-09-28 13:00:00,Pisa,Fiorentina,0.0,0.0
Serie A,2025/26,2025-09-28 13:00:00,AS Roma,Hellas Verona,2.0,0.0
Serie A,2025/26,2025-09-28 16:00:00,Lecce,Bologna,2.0,2.0
Serie A,2025/26,2025-09-28 18:45:00,AC Milan,SSC Napoli,2.0,1.0
Serie A,2025/26,2025-09-29 16:30:00,Parma,Torino,2.0,1.0
Serie A,2025/26,2025-09-29 18:45:00,Genoa,Lazio,0.0,3.0
Serie A,2025/26,2025-10-03 18:45:00,Hellas Verona,Sassuolo,0.0,1.0
Serie A,2025/26,2025-10-04 13:00:00,Parma,Lecce,0.0,1.0
Serie A,2025/26,2025-10-04 13:00:00,Lazio,Torino,3.0,3.0
Serie A,2025/26,2025-10-04 16:00:00,Inter,Cremonese,4.0,1.0
Serie A,2025/26,2025-10-04 18:45:00,Atalanta,Como,1.0,1.0
Serie A,2025/26,2025-08-23 16:30:00,Genoa,Lecce,0.0,0.0
Serie A,2025/26,2025-08-23 16:30:00,Sassuolo,SSC Napoli,0.0,2.0
Serie A,2025/26,2025-08-23 18:45:00,AS Roma,Bologna,1.0,0.0
Serie A,2025/26,2025-08-23 18:45:00,AC Milan,Cremonese,1.0,2.0
Serie A,2025/26,2025-08-24 16:30:00,Cagliari,Fiorentina,1.0,1.0
Serie A,2025/26,2025-08-24 16:30:00,Como,Lazio,2.0,0.0
Serie A,2025/26,2025-08-24 18:45:00,Atalanta,Pisa,1.0,1.0
Serie A,2025/26,2025-08-24 18:45:00,Juventus,Parma,2.0,0.0
Serie A,2025/26,2025-08-25 16:30:00,Udinese,Hellas Verona,1.0,1.0
Serie A,2025/26,2025-08-25 18:45:00,Inter,Torino,5.0,0.0
Serie A,2025/26,2025-08-29 16:30:00,Cremonese,Sassuolo,3.0,2.0
Serie A,2025/26,2025-08-29 18:45:00,Lecce,AC Milan,0.0,2.0
Serie A,2025/26,2025-08-30 16:30:00,Bologna,Como,1.0,0.0
Serie A,2025/26,2025-08-30 16:30:00,Parma,Atalanta,1.0,1.0
Serie A,2025/26,2025-08-30 18:45:00,Pisa,AS Roma,0.0,1.0
Serie A,2025/26,2025-08-30 18:45:00,SSC Napoli,Cagliari,1.0,0.0
Serie A,2025/26,2025-08-31 16:30:00,Torino,Fiorentina,0.0,0.0
Serie A,2025/26,2025-08-31 16:30:00,Genoa,Juventus,0.0,1.0
Serie A,2025/26,2025-08-31 18:45:00,Lazio,Hellas Verona,4.0,0.0
Serie A,2025/26,2025-08-31 18:45:00,Inter,Udinese,1.0,2.0
Serie A,2025/26,2025-09-13 13:00:00,Cagliari,Parma,2.0,0.0
Serie A,2025/26,2025-09-13 16:00:00,Juventus,Inter,4.0,3.0
Serie A,2025/26,2025-09-13 18:45:00,Fiorentina,SSC Napoli,1.0,3.0
Serie A,2025/26,2025-09-14 10:30:00,AS Roma,Torino,0.0,1.0
Serie A,2025/26,2025-09-14 13:00:00,Pisa,Udinese,0.0,1.0
Ligue 1,2026/27,2026-08-23 13:00:00,Angers,Lille,0.0,2.0
Ligue 1,2026/27,2026-08-23 15:15:00,Le Havre,AS Monaco,0.0,1.0
Ligue 1,2026/27,2026-08-23 18:45:00,Stade Rennais,Paris Saint-Germain,2.0,2.0
Ligue 1,2026/27,2026-08-28 19:00:00,Lille,Paris Saint-Germain,2.0,2.0
Ligue 1,2026/27,2026-08-29 15:15:00,RC Strasbourg,RC Lens,2.0,1.0
Ligue 1,2026/27,2026-08-29 18:45:00,Lorient,Troyes,1.0,2.0
Ligue 1,2026/27,2026-08-29 18:45:00,Auxerre,Angers,1.0,3.0
Ligue 1,2026/27,2026-08-29 18:45:00,Stade Brestois,Toulouse,2.0,2.0
Ligue 1,2026/27,2026-08-29 18:45:00,Olympique Lyonnais,Le Havre,1.0,1.0
Ligue 1,2026/27,2026-08-30 13:00:00,Paris FC,Nice,3.0,0.0
Ligue 1,2026/27,2026-08-30 15:15:00,Stade Rennais,Le Mans,3.0,2.0
Ligue 1,2026/27,2026-08-30 18:45:00,AS Monaco,Olympique de Marseille,2.0,0.0
Ligue 1,2026/27,2026-09-03 18:45:00,Toulouse,Lille,0.0,1.0
Ligue 1,2026/27,2026-09-04 17:00:00,Olympique Lyonnais,Auxerre,3.0,1.0
Ligue 1,2026/27,2026-09-04 19:05:00,Paris Saint-Germain,AS Monaco,1.0,2.0
Ligue 1,2026/27,2026-09-05 15:15:00,RC Lens,Lorient,0.0,1.0
Ligue 1,2026/27,2026-09-05 18:45:00,Le Havre,Stade Brestois,1.0,2.0
Ligue 1,2026/27,2026-09-05 18:45:00,Nice,Le Mans,1.0,1.0
Ligue 1,2026/27,2026-09-06 13:00:00,Troyes,RC Strasbourg,2.0,6.0
Ligue 1,2026/27,2026-09-06 15:15:00,Angers,Stade Rennais,1.0,2.0
Ligue 1,2026/27,2026-09-06 18:45:00,Olympique de Marseille,Paris FC,2.0,3.0
Ligue 1,2026/27,2026-09-11 18:45:00,Stade Rennais,Olympique de Marseille,1.0,0.0
Ligue 1,2026/27,2026-09-12 15:15:00,RC Strasbourg,AS Monaco,1.0,1.0
Ligue 1,2026/27,2026-09-12 18:45:00,Le Havre,Angers,0.0,0.0
Ligue 1,2026/27,2026-09-12 18:45:00,Lorient,Toulouse,2.0,2.0
Ligue 1,2026/27,2026-09-12 18:45:00,Auxerre,Nice,1.0,0.0
Ligue 1,2026/27,2026-09-12 18:45:00,Paris FC,Olympique Lyonnais,0.0,0.0
Ligue 1,2026/27,2026-09-13 13:00:00,Lille,Troyes,2.0,0.0
Ligue 1,2026/27,2026-09-13 15:15:00,Le Mans,RC Lens,2.0,2.0
Ligue 1,2026/27,2026-09-13 18:45:00,Stade Brestois,Paris Saint-Germain,0.0,1.0
Ligue 1,2026/27,2026-08-21 18:45:00,Olympique de Marseille,RC Strasbourg,4.0,0.0
Ligue 1,2026/27,2026-08-22 15:15:00,RC Lens,Auxerre,5.0,2.0
Ligue 1,2026/27,2026-08-22 18:45:00,Troyes,Paris FC,0.0,0.0
Ligue 1,2026/27,2026-08-22 18:45:00,Le Mans,Stade Brestois,2.0,2.0
Ligue 1,2026/27,2026-08-22 18:45:00,Nice,Lorient,0.0,0.0
Ligue 1,2026/27,2026-08-22 18:45:00,Toulouse,Olympique Lyonnais,0.0,2.0
Ligue 1,2025/26,2026-05-02 19:05:00,Nice,RC Lens,1.0,1.0
Ligue 1,2025/26,2026-05-03 13:00:00,Lille,Le Havre,1.0,1.0
Ligue 1,2025/26,2026-05-03 15:15:00,Auxerre,Angers,3.0,1.0
Ligue 1,2025/26,2026-05-03 15:15:00,Paris FC,Stade Brestois,4.0,0.0
Ligue 1,2025/26,2026-05-03 15:15:00,RC Strasbourg,Toulouse,1.0,2.0
Ligue 1,2025/26,2026-05-03 18:45:00,Olympique Lyonnais,Stade Rennais,4.0,2.0
Ligue 1,2025/26,2026-05-08 18:45:00,RC Lens,Nantes,1.0,0.0
Ligue 1,2025/26,2026-05-10 19:00:00,Metz,Lorient,0.0,4.0
Ligue 1,2025/26,2026-05-10 19:00:00,Auxerre,Nice,2.0,1.0
Ligue 1,2025/26,2026-05-10 19:00:00,Stade Rennais,Paris FC,2.0,1.0
Ligue 1,2025/26,2026-05-10 19:00:00,Angers,RC Strasbourg,1.0,1.0
Ligue 1,2025/26,2026-05-10 19:00:00,Toulouse,Olympique Lyonnais,2.0,1.0
Ligue 1,2025/26,2026-05-10 19:00:00,AS Monaco,Lille,0.0,1.0
Ligue 1,2025/26,2026-05-10 19:00:00,Le Havre,Olympique de Marseille,0.0,1.0
Ligue 1,2025/26,2026-05-10 19:00:00,Paris Saint-Germain,Stade Brestois,1.0,0.0
Ligue 1,2025/26,2026-05-12 18:30:00,Red Star FC,Rodez AF,2.0,3.0
Ligue 1,2025/26,2026-05-13 17:00:00,Stade Brestois,RC Strasbourg,1.0,2.0
Ligue 1,2025/26,2026-05-13 19:00:00,RC Lens,Paris Saint-Germain,0.0,2.0
Ligue 1,2025/26,2026-05-15 18:30:00,Saint-Étienne,Rodez AF,7.0,6.0
Ligue 1,2025/26,2026-05-17 19:00:00,Lorient,Le Havre,0.0,2.0
Ligue 1,2025/26,2026-05-17 19:00:00,Stade Brestois,Angers,1.0,1.0
Ligue 1,2025/26,2026-05-17 19:00:00,Nantes,Toulouse,0.0,0.0
Ligue 1,2025/26,2026-05-17 19:00:00,Nice,Metz,0.0,0.0
Ligue 1,2025/26,2026-05-17 19:00:00,Lille,Auxerre,0.0,2.0
Ligue 1,2025/26,2026-05-17 19:00:00,RC Strasbourg,AS Monaco,5.0,4.0
Ligue 1,2025/26,2026-05-17 19:00:00,Olympique Lyonnais,RC Lens,0.0,4.0
Ligue 1,2025/26,2026-05-17 19:00:00,Olympique de Marseille,Stade Rennais,3.0,1.0
Ligue 1,2025/26,2026-05-17 19:00:00,Paris FC,Paris Saint-Germain,2.0,1.0
Ligue 1,2025/26,2026-05-26 18:45:00,Saint-Étienne,Nice,0.0,0.0
Ligue 1,2025/26,2026-05-29 18:45:00,Nice,Saint-Étienne,4.0,1.0
Ligue 1,2025/26,2026-04-10 17:00:00,Paris FC,AS Monaco,4.0,1.0
Ligue 1,2025/26,2026-04-10 19:05:00,Olympique de Marseille,Metz,3.0,1.0
Ligue 1,2025/26,2026-04-11 17:00:00,Auxerre,Nantes,0.0,0.0
Ligue 1,2025/26,2026-04-11 19:05:00,Stade Rennais,Angers,2.0,1.0
Ligue 1,2025/26,2026-04-12 15:15:00,Nice,Le Havre,1.0,1.0
Ligue 1,2025/26,2026-04-12 15:15:00,Stade Brestois,RC Strasbourg,,
Ligue 1,2025/26,2026-04-12 15:15:00,Toulouse,Lille,0.0,4.0
Ligue 1,2025/26,2026-04-12 18:45:00,Olympique Lyonnais,Lorient,2.0,0.0
Ligue 1,2025/26,2026-04-17 18:45:00,RC Lens,Toulouse,3.0,2.0
Ligue 1,2025/26,2026-04-18 15:00:00,Lorient,Olympique de Marseille,2.0,0.0
Ligue 1,2025/26,2026-04-18 17:00:00,Angers,Le Havre,1.0,1.0
Ligue 1,2025/26,2026-04-18 19:05:00,Lille,Nice,0.0,0.0
Ligue 1,2025/26,2026-04-19 13:00:00,AS Monaco,Auxerre,2.0,2.0
Ligue 1,2025/26,2026-04-19 15:15:00,Metz,Paris FC,1.0,3.0
Ligue 1,2025/26,2026-04-19 15:15:00,Nantes,Stade Brestois,1.0,1.0
Ligue 1,2025/26,2026-04-19 15:15:00,RC Strasbourg,Stade Rennais,0.0,3.0
Ligue 1,2025/26,2026-04-19 18:45:00,Paris Saint-Germain,Olympique Lyonnais,1.0,2.0
Ligue 1,2025/26,2026-04-22 17:00:00,Paris Saint-Germain,Nantes,3.0,0.0
Ligue 1,2025/26,2026-04-24 18:45:00,Stade Brestois,RC Lens,3.0,3.0
Ligue 1,2025/26,2026-04-25 13:00:00,Olympique Lyonnais,Auxerre,3.0,2.0
Ligue 1,2025/26,2026-04-25 17:00:00,Angers,Paris Saint-Germain,0.0,3.0
Ligue 1,2025/26,2026-04-25 19:05:00,Toulouse,AS Monaco,2.0,2.0
Ligue 1,2025/26,2026-04-26 13:00:00,Lorient,RC Strasbourg,2.0,3.0
Ligue 1,2025/26,2026-04-26 15:15:00,Le Havre,Metz,4.0,4.0
Ligue 1,2025/26,2026-04-26 15:15:00,Stade Rennais,Nantes,2.0,1.0
Ligue 1,2025/26,2026-04-26 15:15:00,Paris FC,Lille,0.0,1.0
Ligue 1,2025/26,2026-04-26 18:45:00,Olympique de Marseille,Nice,1.0,1.0
Ligue 1,2025/26,2026-05-02 13:00:00,Nantes,Olympique de Marseille,3.0,0.0
Ligue 1,2025/26,2026-05-02 15:00:00,Paris Saint-Germain,Lorient,2.0,2.0
Ligue 1,2025/26,2026-05-02 17:00:00,Metz,AS Monaco,1.0,2.0
Ligue 1,2025/26,2026-03-08 16:15:00,Stade Brestois,Le Havre,2.0,0.0
Ligue 1,2025/26,2026-03-08 16:15:00,Nice,Stade Rennais,0.0,4.0
Ligue 1,2025/26,2026-03-08 16:15:00,Lille,Lorient,1.0,1.0
Ligue 1,2025/26,2026-03-08 19:45:00,Olympique Lyonnais,Paris FC,1.0,1.0
Ligue 1,2025/26,2026-03-13 19:45:00,Olympique de Marseille,Auxerre,1.0,0.0
Ligue 1,2025/26,2026-03-14 16:00:00,Lorient,RC Lens,2.0,1.0
Ligue 1,2025/26,2026-03-14 18:00:00,Angers,Nice,0.0,2.0
Ligue 1,2025/26,2026-03-14 20:05:00,AS Monaco,Stade Brestois,2.0,0.0
Ligue 1,2025/26,2026-03-15 14:00:00,RC Strasbourg,Paris FC,0.0,0.0
Ligue 1,2025/26,2026-03-15 16:15:00,Metz,Toulouse,3.0,4.0
Ligue 1,2025/26,2026-03-15 16:15:00,Le Havre,Olympique Lyonnais,0.0,0.0
Ligue 1,2025/26,2026-03-15 19:45:00,Stade Rennais,Lille,1.0,2.0
Ligue 1,2025/26,2026-03-20 19:45:00,RC Lens,Angers,5.0,1.0
Ligue 1,2025/26,2026-03-21 16:00:00,Toulouse,Lorient,1.0,0.0
Ligue 1,2025/26,2026-03-21 18:00:00,Auxerre,Stade Brestois,3.0,0.0
Ligue 1,2025/26,2026-03-21 20:05:00,Nice,Paris Saint-Germain,0.0,4.0
Ligue 1,2025/26,2026-03-22 14:00:00,Olympique Lyonnais,AS Monaco,1.0,2.0
Ligue 1,2025/26,2026-03-22 16:15:00,Paris FC,Le Havre,3.0,2.0
Ligue 1,2025/26,2026-03-22 16:15:00,Stade Rennais,Metz,0.0,0.0
Ligue 1,2025/26,2026-03-22 16:15:00,Olympique de Marseille,Lille,1.0,2.0
Ligue 1,2025/26,2026-03-22 19:45:00,Nantes,RC Strasbourg,2.0,3.0
Ligue 1,2025/26,2026-04-03 18:45:00,Paris Saint-Germain,Toulouse,3.0,1.0
Ligue 1,2025/26,2026-04-04 15:00:00,RC Strasbourg,Nice,3.0,1.0
Ligue 1,2025/26,2026-04-04 17:00:00,Stade Brestois,Stade Rennais,3.0,4.0
Ligue 1,2025/26,2026-04-04 19:05:00,Lille,RC Lens,3.0,0.0
Ligue 1,2025/26,2026-04-05 13:00:00,Angers,Olympique Lyonnais,0.0,0.0
Ligue 1,2025/26,2026-04-05 15:15:00,Le Havre,Auxerre,1.0,1.0
Ligue 1,2025/26,2026-04-05 15:15:00,Lorient,Paris FC,1.0,1.0
Ligue 1,2025/26,2026-04-05 15:15:00,Metz,Nantes,0.0,0.0
Ligue 1,2025/26,2026-04-05 18:45:00,AS Monaco,Olympique de Marseille,2.0,1.0
Ligue 1,2025/26,2026-02-14 16:00:00,Olympique de Marseille,RC Strasbourg,2.0,2.0
Ligue 1,2025/26,2026-02-14 18:00:00,Lille,Stade Brestois,1.0,1.0
Ligue 1,2025/26,2026-02-14 20:05:00,Paris FC,RC Lens,0.0,5.0
Ligue 1,2025/26,2026-02-15 14:00:00,Le Havre,Toulouse,2.0,1.0
Ligue 1,2025/26,2026-02-15 16:15:00,Metz,Auxerre,1.0,3.0
Ligue 1,2025/26,2026-02-15 16:15:00,Lorient,Angers,2.0,0.0
Ligue 1,2025/26,2026-02-15 19:45:00,Olympique Lyonnais,Nice,2.0,0.0
Ligue 1,2025/26,2026-02-20 19:45:00,Stade Brestois,Olympique de Marseille,2.0,0.0
Ligue 1,2025/26,2026-02-21 16:00:00,RC Lens,AS Monaco,2.0,3.0
Ligue 1,2025/26,2026-02-21 18:00:00,Toulouse,Paris FC,1.0,1.0
Ligue 1,2025/26,2026-02-21 20:05:00,Paris Saint-Germain,Metz,3.0,0.0
Ligue 1,2025/26,2026-02-22 14:00:00,Auxerre,Stade Rennais,0.0,3.0
Ligue 1,2025/26,2026-02-22 16:15:00,Nantes,Le Havre,2.0,0.0
Ligue 1,2025/26,2026-02-22 16:15:00,Nice,Lorient,3.0,3.0
Ligue 1,2025/26,2026-02-22 16:15:00,Angers,Lille,0.0,1.0
Ligue 1,2025/26,2026-02-22 19:45:00,RC Strasbourg,Olympique Lyonnais,3.0,1.0
Ligue 1,2025/26,2026-02-27 19:45:00,RC Strasbourg,RC Lens,1.0,1.0
Ligue 1,2025/26,2026-02-28 16:00:00,Stade Rennais,Toulouse,1.0,0.0
Ligue 1,2025/26,2026-02-28 18:00:00,AS Monaco,Angers,2.0,0.0
Ligue 1,2025/26,2026-02-28 20:05:00,Le Havre,Paris Saint-Germain,0.0,1.0
Ligue 1,2025/26,2026-03-01 14:00:00,Paris FC,Nice,1.0,0.0
Ligue 1,2025/26,2026-03-01 16:15:00,Lorient,Auxerre,2.0,2.0
Ligue 1,2025/26,2026-03-01 16:15:00,Metz,Stade Brestois,0.0,1.0
Ligue 1,2025/26,2026-03-01 16:15:00,Lille,Nantes,1.0,0.0
Ligue 1,2025/26,2026-03-01 19:45:00,Olympique de Marseille,Olympique Lyonnais,3.0,2.0
Ligue 1,2025/26,2026-03-06 19:45:00,Paris Saint-Germain,AS Monaco,1.0,3.0
Ligue 1,2025/26,2026-03-07 16:00:00,Nantes,Angers,0.0,1.0
Ligue 1,2025/26,2026-03-07 18:00:00,Auxerre,RC Strasbourg,0.0,0.0
Ligue 1,2025/26,2026-03-07 20:05:00,Toulouse,Olympique de Marseille,0.0,1.0
Ligue 1,2025/26,2026-03-08 14:00:00,RC Lens,Metz,3.0,0.0
Ligue 1,2025/26,2026-01-18 19:45:00,Olympique Lyonnais,Stade Brestois,2.0,1.0
Ligue 1,2025/26,2026-01-23 19:00:00,Auxerre,Paris Saint-Germain,0.0,1.0
Ligue 1,2025/26,2026-01-24 16:00:00,Stade Rennais,Lorient,0.0,2.0
Ligue 1,2025/26,2026-01-24 18:00:00,Le Havre,AS Monaco,0.0,0.0
Ligue 1,2025/26,2026-01-24 20:05:00,Olympique de Marseille,RC Lens,3.0,1.0
Ligue 1,2025/26,2026-01-25 14:00:00,Nantes,Nice,1.0,4.0
Ligue 1,2025/26,2026-01-25 16:15:00,Paris FC,Angers,0.0,0.0
Ligue 1,2025/26,2026-01-25 16:15:00,Stade Brestois,Toulouse,0.0,2.0
Ligue 1,2025/26,2026-01-25 16:15:00,Metz,Olympique Lyonnais,2.0,5.0
Ligue 1,2025/26,2026-01-25 19:45:00,Lille,RC Strasbourg,1.0,4.0
Ligue 1,2025/26,2026-01-30 19:45:00,RC Lens,Le Havre,1.0,0.0
Ligue 1,2025/26,2026-01-31 16:00:00,Paris FC,Olympique de Marseille,2.0,2.0
Ligue 1,2025/26,2026-01-31 18:00:00,Lorient,Nantes,2.0,1.0
Ligue 1,2025/26,2026-01-31 20:05:00,AS Monaco,Stade Rennais,4.0,0.0
Ligue 1,2025/26,2026-02-01 14:00:00,Olympique Lyonnais,Lille,1.0,0.0
Ligue 1,2025/26,2026-02-01 16:15:00,Angers,Metz,1.0,0.0
Ligue 1,2025/26,2026-02-01 16:15:00,Toulouse,Auxerre,0.0,0.0
Ligue 1,2025/26,2026-02-01 16:15:00,Nice,Stade Brestois,2.0,2.0
Ligue 1,2025/26,2026-02-01 19:45:00,RC Strasbourg,Paris Saint-Germain,1.0,2.0
Ligue 1,2025/26,2026-02-06 19:45:00,Metz,Lille,0.0,0.0
Ligue 1,2025/26,2026-02-07 16:00:00,RC Lens,Stade Rennais,3.0,1.0
Ligue 1,2025/26,2026-02-07 18:00:00,Stade Brestois,Lorient,2.0,0.0
Ligue 1,2025/26,2026-02-07 20:05:00,Nantes,Olympique Lyonnais,0.0,1.0
Ligue 1,2025/26,2026-02-08 14:00:00,Nice,AS Monaco,0.0,0.0
Ligue 1,2025/26,2026-02-08 16:15:00,Auxerre,Paris FC,0.0,0.0
Ligue 1,2025/26,2026-02-08 16:15:00,Angers,Toulouse,1.0,0.0
Ligue 1,2025/26,2026-02-08 16:15:00,Le Havre,RC Strasbourg,2.0,1.0
Ligue 1,2025/26,2026-02-08 19:45:00,Paris Saint-Germain,Olympique de Marseille,5.0,0.0
Ligue 1,2025/26,2026-02-13 18:00:00,Stade Rennais,Paris Saint-Germain,3.0,1.0
Ligue 1,2025/26,2026-02-13 20:05:00,AS Monaco,Nantes,3.0,1.0
Ligue 1,2025/26,2025-12-07 14:00:00,Nice,Angers,0.0,1.0
Ligue 1,2025/26,2025-12-07 16:15:00,Auxerre,Metz,3.0,1.0
Ligue 1,2025/26,2025-12-07 16:15:00,Le Havre,Paris FC,0.0,0.0
Ligue 1,2025/26,2025-12-07 19:45:00,Lorient,Olympique Lyonnais,1.0,0.0
Ligue 1,2025/26,2025-12-12 19:45:00,Angers,Nantes,4.0,1.0
Ligue 1,2025/26,2025-12-13 16:00:00,Stade Rennais,Stade Brestois,3.0,1.0
Ligue 1,2025/26,2025-12-13 18:00:00,Metz,Paris Saint-Germain,2.0,3.0
Ligue 1,2025/26,2025-12-13 20:05:00,Paris FC,Toulouse,0.0,3.0
Ligue 1,2025/26,2025-12-14 14:00:00,Olympique Lyonnais,Le Havre,1.0,0.0
Ligue 1,2025/26,2025-12-14 16:15:00,RC Strasbourg,Lorient,0.0,0.0
Ligue 1,2025/26,2025-12-14 16:15:00,RC Lens,Nice,2.0,0.0
Ligue 1,2025/26,2025-12-14 16:15:00,Auxerre,Lille,3.0,4.0
Ligue 1,2025/26,2025-12-14 19:45:00,Olympique de Marseille,AS Monaco,1.0,0.0
Ligue 1,2025/26,2026-01-02 19:45:00,Toulouse,RC Lens,0.0,3.0
Ligue 1,2025/26,2026-01-03 16:00:00,AS Monaco,Olympique Lyonnais,1.0,3.0
Ligue 1,2025/26,2026-01-03 18:00:00,Nice,RC Strasbourg,1.0,1.0
Ligue 1,2025/26,2026-01-03 20:05:00,Lille,Stade Rennais,0.0,2.0
Ligue 1,2025/26,2026-01-04 14:00:00,Olympique de Marseille,Nantes,0.0,2.0
Ligue 1,2025/26,2026-01-04 16:15:00,Lorient,Metz,1.0,1.0
Ligue 1,2025/26,2026-01-04 16:15:00,Le Havre,Angers,2.0,1.0
Ligue 1,2025/26,2026-01-04 16:15:00,Stade Brestois,Auxerre,2.0,0.0
Ligue 1,2025/26,2026-01-04 19:45:00,Paris Saint-Germain,Paris FC,2.0,1.0
Ligue 1,2025/26,2026-01-16 18:00:00,AS Monaco,Lorient,1.0,3.0
Ligue 1,2025/26,2026-01-16 20:00:00,Paris Saint-Germain,Lille,3.0,0.0
Ligue 1,2025/26,2026-01-17 16:00:00,RC Lens,Auxerre,1.0,0.0
Ligue 1,2025/26,2026-01-17 18:00:00,Toulouse,Nice,5.0,1.0
Ligue 1,2025/26,2026-01-17 20:05:00,Angers,Olympique de Marseille,2.0,5.0
Ligue 1,2025/26,2026-01-18 14:00:00,RC Strasbourg,Metz,2.0,1.0
Ligue 1,2025/26,2026-01-18 16:15:00,Nantes,Paris FC,1.0,2.0
Ligue 1,2025/26,2026-01-18 16:15:00,Stade Rennais,Le Havre,1.0,1.0
Ligue 1,2025/26,2025-11-08 18:00:00,Le Havre,Nantes,1.0,1.0
Ligue 1,2025/26,2025-11-08 20:05:00,AS Monaco,RC Lens,1.0,4.0
Ligue 1,2025/26,2025-11-09 14:00:00,Lorient,Toulouse,1.0,1.0
Ligue 1,2025/26,2025-11-09 16:15:00,Angers,Auxerre,2.0,0.0
Ligue 1,2025/26,2025-11-09 16:15:00,Metz,Nice,2.0,1.0
Ligue 1,2025/26,2025-11-09 16:15:00,RC Strasbourg,Lille,2.0,0.0
Ligue 1,2025/26,2025-11-09 19:45:00,Olympique Lyonnais,Paris Saint-Germain,2.0,3.0
Ligue 1,2025/26,2025-11-21 19:45:00,Nice,Olympique de Marseille,1.0,5.0
Ligue 1,2025/26,2025-11-22 16:00:00,RC Lens,RC Strasbourg,1.0,0.0
Ligue 1,2025/26,2025-11-22 18:00:00,Stade Rennais,AS Monaco,4.0,1.0
Ligue 1,2025/26,2025-11-22 20:05:00,Paris Saint-Germain,Le Havre,3.0,0.0
Ligue 1,2025/26,2025-11-23 14:00:00,Auxerre,Olympique Lyonnais,0.0,0.0
Ligue 1,2025/26,2025-11-23 16:15:00,Nantes,Lorient,1.0,1.0
Ligue 1,2025/26,2025-11-23 16:15:00,Toulouse,Angers,0.0,1.0
Ligue 1,2025/26,2025-11-23 16:15:00,Stade Brestois,Metz,3.0,2.0
Ligue 1,2025/26,2025-11-23 19:45:00,Lille,Paris FC,4.0,2.0
Ligue 1,2025/26,2025-11-28 19:45:00,Metz,Stade Rennais,0.0,1.0
Ligue 1,2025/26,2025-11-29 16:00:00,AS Monaco,Paris Saint-Germain,1.0,0.0
Ligue 1,2025/26,2025-11-29 18:00:00,Paris FC,Auxerre,1.0,1.0
Ligue 1,2025/26,2025-11-29 20:05:00,Olympique de Marseille,Toulouse,2.0,2.0
Ligue 1,2025/26,2025-11-30 14:00:00,RC Strasbourg,Stade Brestois,1.0,2.0
Ligue 1,2025/26,2025-11-30 16:15:00,Angers,RC Lens,1.0,2.0
Ligue 1,2025/26,2025-11-30 16:15:00,Lorient,Nice,3.0,1.0
Ligue 1,2025/26,2025-11-30 16:15:00,Le Havre,Lille,0.0,1.0
Ligue 1,2025/26,2025-11-30 19:45:00,Olympique Lyonnais,Nantes,3.0,0.0
Ligue 1,2025/26,2025-12-05 18:00:00,Stade Brestois,AS Monaco,1.0,0.0
Ligue 1,2025/26,2025-12-05 20:00:00,Lille,Olympique de Marseille,1.0,0.0
Ligue 1,2025/26,2025-12-06 16:00:00,Nantes,RC Lens,1.0,2.0
Ligue 1,2025/26,2025-12-06 18:00:00,Toulouse,RC Strasbourg,1.0,0.0
Ligue 1,2025/26,2025-12-06 20:05:00,Paris Saint-Germain,Stade Rennais,5.0,0.0
Ligue 1,2025/26,2025-10-19 18:45:00,Nantes,Lille,0.0,2.0
Ligue 1,2025/26,2025-10-24 18:45:00,Paris FC,Nantes,1.0,2.0
Ligue 1,2025/26,2025-10-25 15:00:00,Stade Brestois,Paris Saint-Germain,0.0,3.0
Ligue 1,2025/26,2025-10-25 17:00:00,AS Monaco,Toulouse,1.0,0.0
Ligue 1,2025/26,2025-10-25 19:05:00,RC Lens,Olympique de Marseille,2.0,1.0
Ligue 1,2025/26,2025-10-26 14:00:00,Lille,Metz,6.0,1.0
Ligue 1,2025/26,2025-10-26 16:15:00,Auxerre,Le Havre,0.0,1.0
Ligue 1,2025/26,2025-10-26 16:15:00,Angers,Lorient,2.0,0.0
Ligue 1,2025/26,2025-10-26 16:15:00,Stade Rennais,Nice,1.0,2.0
Ligue 1,2025/26,2025-10-26 19:45:00,Olympique Lyonnais,RC Strasbourg,2.0,1.0
Ligue 1,2025/26,2025-10-29 18:00:00,Le Havre,Stade Brestois,1.0,0.0
Ligue 1,2025/26,2025-10-29 18:00:00,Metz,RC Lens,2.0,0.0
Ligue 1,2025/26,2025-10-29 18:00:00,Nice,Lille,2.0,0.0
Ligue 1,2025/26,2025-10-29 18:00:00,Lorient,Paris Saint-Germain,1.0,1.0
Ligue 1,2025/26,2025-10-29 20:05:00,RC Strasbourg,Auxerre,3.0,0.0
Ligue 1,2025/26,2025-10-29 20:05:00,Toulouse,Stade Rennais,2.0,2.0
Ligue 1,2025/26,2025-10-29 20:05:00,Paris FC,Olympique Lyonnais,3.0,3.0
Ligue 1,2025/26,2025-10-29 20:05:00,Nantes,AS Monaco,3.0,5.0
Ligue 1,2025/26,2025-10-29 20:05:00,Olympique de Marseille,Angers,2.0,2.0
Ligue 1,2025/26,2025-11-01 16:00:00,Paris Saint-Germain,Nice,1.0,0.0
Ligue 1,2025/26,2025-11-01 18:00:00,AS Monaco,Paris FC,0.0,1.0
Ligue 1,2025/26,2025-11-01 20:05:00,Auxerre,Olympique de Marseille,0.0,1.0
Ligue 1,2025/26,2025-11-02 14:00:00,Stade Rennais,RC Strasbourg,4.0,1.0
Ligue 1,2025/26,2025-11-02 16:15:00,Toulouse,Le Havre,0.0,0.0
Ligue 1,2025/26,2025-11-02 16:15:00,Nantes,Metz,0.0,2.0
Ligue 1,2025/26,2025-11-02 16:15:00,RC Lens,Lorient,3.0,0.0
Ligue 1,2025/26,2025-11-02 16:15:00,Lille,Angers,1.0,0.0
Ligue 1,2025/26,2025-11-02 19:45:00,Stade Brestois,Olympique Lyonnais,0.0,0.0
Ligue 1,2025/26,2025-11-07 19:45:00,Paris FC,Stade Rennais,0.0,1.0
Ligue 1,2025/26,2025-11-08 16:00:00,Olympique de Marseille,Stade Brestois,3.0,0.0
Ligue 1,2025/26,2025-09-21 15:15:00,Le Havre,Lorient,1.0,1.0
Ligue 1,2025/26,2025-09-21 15:15:00,Auxerre,Toulouse,1.0,0.0
Ligue 1,2025/26,2025-09-21 15:15:00,AS Monaco,Metz,5.0,2.0
Ligue 1,2025/26,2025-09-22 18:00:00,Olympique de Marseille,Paris Saint-Germain,1.0,0.0
Ligue 1,2025/26,2025-09-26 18:45:00,RC Strasbourg,Olympique de Marseille,1.0,2.0
Ligue 1,2025/26,2025-09-27 15:00:00,Lorient,AS Monaco,3.0,1.0
Ligue 1,2025/26,2025-09-27 17:00:00,Toulouse,Nantes,2.0,2.0
Ligue 1,2025/26,2025-09-27 19:05:00,Paris Saint-Germain,Auxerre,2.0,0.0
Ligue 1,2025/26,2025-09-28 13:00:00,Nice,Paris FC,1.0,1.0
Ligue 1,2025/26,2025-09-28 15:15:00,Metz,Le Havre,0.0,0.0
Ligue 1,2025/26,2025-09-28 15:15:00,Angers,Stade Brestois,0.0,2.0
Ligue 1,2025/26,2025-09-28 15:15:00,Lille,Olympique Lyonnais,0.0,1.0
Ligue 1,2025/26,2025-09-28 18:45:00,Stade Rennais,RC Lens,0.0,0.0
Ligue 1,2025/26,2025-10-03 18:45:00,Paris FC,Lorient,2.0,0.0
Ligue 1,2025/26,2025-10-04 15:00:00,Metz,Olympique de Marseille,0.0,3.0
Ligue 1,2025/26,2025-10-04 17:00:00,Stade Brestois,Nantes,0.0,0.0
Ligue 1,2025/26,2025-10-04 19:05:00,Auxerre,RC Lens,1.0,2.0
Ligue 1,2025/26,2025-10-05 13:00:00,Olympique Lyonnais,Toulouse,1.0,2.0
Ligue 1,2025/26,2025-10-05 15:15:00,RC Strasbourg,Angers,5.0,0.0
Ligue 1,2025/26,2025-10-05 15:15:00,Le Havre,Stade Rennais,2.0,2.0
Ligue 1,2025/26,2025-10-05 15:15:00,AS Monaco,Nice,2.0,2.0
Ligue 1,2025/26,2025-10-05 18:45:00,Lille,Paris Saint-Germain,1.0,1.0
Ligue 1,2025/26,2025-10-17 18:45:00,Paris Saint-Germain,RC Strasbourg,3.0,3.0
Ligue 1,2025/26,2025-10-18 15:00:00,Nice,Olympique Lyonnais,3.0,2.0
Ligue 1,2025/26,2025-10-18 17:00:00,Angers,AS Monaco,1.0,1.0
Ligue 1,2025/26,2025-10-18 19:05:00,Olympique de Marseille,Le Havre,6.0,2.0
Ligue 1,2025/26,2025-10-19 13:00:00,RC Lens,Paris FC,2.0,1.0
Ligue 1,2025/26,2025-10-19 15:15:00,Toulouse,Metz,4.0,0.0
Ligue 1,2025/26,2025-10-19 15:15:00,Stade Rennais,Auxerre,2.0,2.0
Ligue 1,2025/26,2025-10-19 15:15:00,Lorient,Stade Brestois,3.0,3.0
Ligue 1,2025/26,2025-08-23 17:00:00,Nice,Auxerre,3.0,1.0
Ligue 1,2025/26,2025-08-23 19:05:00,Olympique Lyonnais,Metz,3.0,0.0
Ligue 1,2025/26,2025-08-24 13:00:00,Lorient,Stade Rennais,4.0,0.0
Ligue 1,2025/26,2025-08-24 15:15:00,RC Strasbourg,Nantes,1.0,0.0
Ligue 1,2025/26,2025-08-24 15:15:00,Toulouse,Stade Brestois,2.0,0.0
Ligue 1,2025/26,2025-08-24 15:15:00,Le Havre,RC Lens,1.0,2.0
Ligue 1,2025/26,2025-08-24 18:45:00,Lille,AS Monaco,1.0,0.0
Ligue 1,2025/26,2025-08-29 18:45:00,RC Lens,Stade Brestois,3.0,1.0
Ligue 1,2025/26,2025-08-30 15:00:00,Lorient,Lille,1.0,7.0
Ligue 1,2025/26,2025-08-30 17:00:00,Nantes,Auxerre,1.0,0.0
Ligue 1,2025/26,2025-08-30 19:05:00,Toulouse,Paris Saint-Germain,3.0,6.0
Ligue 1,2025/26,2025-08-31 13:00:00,Angers,Stade Rennais,1.0,1.0
Ligue 1,2025/26,2025-08-31 15:15:00,Paris FC,Metz,3.0,2.0
Ligue 1,2025/26,2025-08-31 15:15:00,Le Havre,Nice,3.0,1.0
Ligue 1,2025/26,2025-08-31 15:15:00,AS Monaco,RC Strasbourg,3.0,2.0
Ligue 1,2025/26,2025-08-31 18:45:00,Olympique Lyonnais,Olympique de Marseille,1.0,0.0
Ligue 1,2025/26,2025-09-12 18:45:00,Olympique de Marseille,Lorient,4.0,0.0
Ligue 1,2025/26,2025-09-13 15:00:00,Nice,Nantes,1.0,0.0
Ligue 1,2025/26,2025-09-13 19:05:00,Auxerre,AS Monaco,1.0,2.0
Ligue 1,2025/26,2025-09-14 13:00:00,Lille,Toulouse,2.0,1.0
Ligue 1,2025/26,2025-09-14 15:15:00,Metz,Angers,1.0,1.0
Ligue 1,2025/26,2025-09-14 15:15:00,RC Strasbourg,Le Havre,1.0,0.0
Ligue 1,2025/26,2025-09-14 15:15:00,Stade Brestois,Paris FC,1.0,2.0
Ligue 1,2025/26,2025-09-14 15:15:00,Paris Saint-Germain,RC Lens,2.0,0.0
Ligue 1,2025/26,2025-09-14 18:45:00,Stade Rennais,Olympique Lyonnais,3.0,1.0
Ligue 1,2025/26,2025-09-19 18:45:00,Olympique Lyonnais,Angers,1.0,0.0
Ligue 1,2025/26,2025-09-20 15:00:00,Nantes,Stade Rennais,2.0,2.0
Ligue 1,2025/26,2025-09-20 17:00:00,Stade Brestois,Nice,4.0,1.0
Ligue 1,2025/26,2025-09-20 19:05:00,RC Lens,Lille,3.0,0.0
Ligue 1,2025/26,2025-09-21 13:00:00,Paris FC,RC Strasbourg,2.0,3.0
Ligue 1,2025/26,2025-08-15 18:45:00,Stade Rennais,Olympique de Marseille,1.0,0.0
Ligue 1,2025/26,2025-08-16 15:00:00,RC Lens,Olympique Lyonnais,0.0,1.0
Ligue 1,2025/26,2025-08-16 17:00:00,AS Monaco,Le Havre,3.0,1.0
Ligue 1,2025/26,2025-08-16 19:05:00,Nice,Toulouse,0.0,1.0
Ligue 1,2025/26,2025-08-17 13:00:00,Stade Brestois,Lille,3.0,3.0
Ligue 1,2025/26,2025-08-17 15:15:00,Angers,Paris FC,1.0,0.0
Ligue 1,2025/26,2025-08-17 15:15:00,Auxerre,Lorient,1.0,0.0
Ligue 1,2025/26,2025-08-17 15:15:00,Metz,RC Strasbourg,0.0,1.0
Ligue 1,2025/26,2025-08-17 18:45:00,Nantes,Paris Saint-Germain,0.0,1.0
Ligue 1,2025/26,2025-08-22 18:45:00,Paris Saint-Germain,Angers,1.0,0.0
Ligue 1,2025/26,2025-08-23 15:00:00,Olympique de Marseille,Paris FC,5.0,2.0
La Liga,2026/27,2026-09-16 19:30:00,Levante UD,Athletic Club,,
La Liga,2026/27,2026-09-16 19:30:00,FC Barcelona,Real Racing Club,6.0,2.0
Europa League,2026/27,2026-09-17 16:45:00,OFI Crete,TSG Hoffenheim,2.0,0.0
Europa League,2026/27,2026-09-17 16:45:00,Levski Sofia,Red Bull Salzburg,0.0,1.0
Europa League,2026/27,2026-09-17 19:00:00,Lillestrøm SK,Torreense,1.0,2.0
Europa League,2026/27,2026-09-17 19:00:00,FC Viktoria Plzeň,Royale Union Saint-Gilloise,0.0,3.0
Europa League,2026/27,2026-09-17 19:00:00,Celtic,Ferencváros TC,1.0,3.0
Europa League,2026/27,2026-09-17 19:00:00,Crystal Palace,Lech Poznań,4.0,0.0
Europa League,2026/27,2026-09-17 19:00:00,Real Sociedad,Bournemouth,1.0,2.0
Europa League,2026/27,2026-09-17 19:00:00,Beşiktaş JK,Olympique de Marseille,4.0,1.0
Europa League,2026/27,2026-09-17 19:00:00,Juventus,NEC Nijmegen,5.0,0.0
Premier League,2026/27,2026-09-18 19:00:00,Brentford,Chelsea,3.0,0.0
Premier League,2026/27,2026-09-19 11:30:00,Tottenham Hotspur,Aston Villa,2.0,3.0
Premier League,2026/27,2026-09-19 14:00:00,Everton,Ipswich Town,1.0,0.0
Premier League,2026/27,2026-09-19 14:00:00,Newcastle United,Hull City,2.0,1.0
Premier League,2026/27,2026-09-19 14:00:00,Brighton & Hove Albion,Arsenal,3.0,0.0
Premier League,2026/27,2026-09-19 16:30:00,Nottingham Forest,Coventry City,0.0,1.0
Premier League,2026/27,2026-09-20 13:00:00,Leeds United,Crystal Palace,0.0,0.0
Premier League,2026/27,2026-09-20 13:00:00,Bournemouth,Liverpool FC,0.0,1.0
Premier League,2026/27,2026-09-20 13:00:00,Manchester City,Sunderland,5.0,3.0
Premier League,2026/27,2026-09-20 15:30:00,Fulham,Manchester United,1.0,1.0
La Liga,2026/27,2026-09-17 17:00:00,Real Betis,Getafe,1.0,0.0
La Liga,2026/27,2026-09-17 19:30:00,Málaga CF,Villarreal,1.0,3.0
La Liga,2026/27,2026-09-18 19:00:00,Espanyol,Elche,1.0,3.0
La Liga,2026/27,2026-09-19 12:00:00,Osasuna,Rayo Vallecano,1.0,1.0
La Liga,2026/27,2026-09-19 14:15:00,Athletic Club,Deportivo Alavés,0.0,0.0
La Liga,2026/27,2026-09-19 16:30:00,Celta Vigo,Real Racing Club,5.0,0.0
La Liga,2026/27,2026-09-19 19:00:00,Sevilla,FC Barcelona,1.0,3.0
La Liga,2026/27,2026-09-20 12:00:00,Getafe,Málaga CF,1.0,0.0
La Liga,2026/27,2026-09-20 14:15:00,Atlético Madrid,Real Madrid,2.0,1.0
La Liga,2026/27,2026-09-20 16:30:00,Villarreal,Levante UD,3.0,1.0
La Liga,2026/27,2026-09-20 16:30:00,Deportivo de A Coruña,Real Betis,1.0,1.0
La Liga,2026/27,2026-09-20 19:00:00,Valencia,Real Sociedad,2.0,3.0
Bundesliga,2026/27,2026-09-18 18:30:00,FC Bayern München,1. FC Union Berlin,7.0,0.0
Bundesliga,2026/27,2026-09-19 13:30:00,SV Werder Bremen,FC Augsburg,3.0,2.0
Bundesliga,2026/27,2026-09-19 13:30:00,Hamburger SV,1. FC Köln,2.0,1.0
Bundesliga,2026/27,2026-09-19 13:30:00,Borussia M'gladbach,1. FSV Mainz 05,3.0,4.0
Bundesliga,2026/27,2026-09-19 13:30:00,Eintracht Frankfurt,SC Freiburg,2.0,2.0
Bundesliga,2026/27,2026-09-19 16:30:00,VfB Stuttgart,Borussia Dortmund,0.0,1.0
Bundesliga,2026/27,2026-09-20 13:30:00,Bayer 04 Leverkusen,RB Leipzig,2.0,0.0
Bundesliga,2026/27,2026-09-20 15:30:00,FC Schalke 04,SV 07 Elversberg,0.0,0.0
Bundesliga,2026/27,2026-09-20 17:30:00,SC Paderborn 07,TSG Hoffenheim,3.0,1.0
Serie A,2026/27,2026-09-18 18:45:00,Monza,Sassuolo,2.0,1.0
Serie A,2026/27,2026-09-19 13:00:00,Udinese,Cagliari,0.0,1.0
Serie A,2026/27,2026-09-19 13:00:00,Bologna,Torino,1.0,1.0
Serie A,2026/27,2026-09-19 16:00:00,AS Roma,Inter,2.0,2.0
Serie A,2026/27,2026-09-19 18:45:00,Venezia,Lazio,0.0,2.0
Serie A,2026/27,2026-09-20 10:30:00,Fiorentina,SSC Napoli,1.0,1.0
Serie A,2026/27,2026-09-20 13:00:00,Parma,Genoa,2.0,1.0
Serie A,2026/27,2026-09-20 13:00:00,Frosinone,Como,2.0,0.0
Serie A,2026/27,2026-09-20 16:00:00,Juventus,Atalanta,2.0,0.0
Serie A,2026/27,2026-09-20 18:45:00,AC Milan,Lecce,3.0,0.0
Ligue 1,2026/27,2026-09-18 18:45:00,AS Monaco,RC Lens,2.0,1.0
Ligue 1,2026/27,2026-09-19 15:15:00,Paris FC,RC Strasbourg,2.0,1.0
Ligue 1,2026/27,2026-09-19 18:45:00,Le Mans,Lorient,2.0,1.0
Ligue 1,2026/27,2026-09-19 18:45:00,Angers,Troyes,2.0,0.0
Ligue 1,2026/27,2026-09-19 18:45:00,Toulouse,Le Havre,3.0,2.0
Ligue 1,2026/27,2026-09-19 18:45:00,Olympique Lyonnais,Stade Rennais,4.0,0.0
Ligue 1,2026/27,2026-09-20 13:00:00,Auxerre,Stade Brestois,2.0,1.0
Ligue 1,2026/27,2026-09-20 15:15:00,Nice,Lille,2.0,1.0
Ligue 1,2026/27,2026-09-20 18:45:00,Olympique de Marseille,Paris Saint-Germain,1.0,2.0
